,Unnamed: 0,can,active,decoy,other,score,time
0,0,Clc4cccc(N3CCN(CCCCNC(=O)c2cccc(C#Cc1ccccc1)c2)CC3)c4Cl,1,0,0,-10.0,41.223079442977905
1,1,CCCN(CCC)C1CCC(C#C[Si](C)(C)C)=CC1,1,0,0,-10.0,0.05667400360107422
2,2,CCCN(CCN3CCN(c2ccc1ccccc1c2)CC3)C5CCc4ccc(O)cc4C5,1,0,0,-11.5,28.701785802841187
3,3,Cc2[nH]c1ccccc1c2CN4CCC(O)(c3ccc(Cl)cc3)CC4,1,0,0,-8.7,16.076050281524658
4,4,CC(C)(C)c4nc(N3CCN(CCCCn2ccc(C1CCC1)nc2=O)CC3)cc(C(F)(F)F)n4,1,0,0,-10.0,39.8370156288147
5,5,CCCN(CCC)[C@H]3CCc2nn1ccccc1c2C3,1,0,0,-6.5,14.14699101448059
6,6,CCN1CC[C@@H]3[C@@H](C1)c2cc(F)ccc2N3c4ccc(F)cc4,1,0,0,-8.0,11.46454930305481
7,7,COc3c(C(=O)NCCN2CCN(c1cccc(Cl)c1Cl)CC2)cc(Br)c4ccccc34,1,0,0,-9.5,27.4664945602417
8,8,C2CC(Nc1ncccn1)CCC2CCN4CCN(c3ccccn3)CC4,1,0,0,-9.0,21.198244333267212
9,9,COc3c(C(=O)NC[C@H]1CCCN1Cc2ccccc2)cc(Br)c4ccccc34,1,0,0,-9.2,22.507789850234985
10,10,CCCN(CCCCNC(=O)c2ccc1ccccc1c2)[C@H]4CCc3nc(N)sc3C4,1,0,0,-10.3,35.39043736457825
11,11,OC(CNC(=O)c2cc1ccccc1o2)N4CCN(c3cccc(Cl)c3Cl)CC4,1,0,0,-9.8,23.18254041671753
12,12,Oc4ccc(C3=CCC[C@@H](CN2CCC(c1ccccc1)=CC2)C3)cc4,1,0,0,-10.0,18.67566680908203
13,13,CSc1ccccc1N4CCN(CCCNC(=O)c2cnn3ccccc23)CC4,1,0,0,-9.2,26.00401997566223
14,14,Cc3ccc(CC2(O)CCN(CCCC(=O)c1ccc(F)cc1)CC2)cc3,1,0,0,-9.8,23.438166856765747
15,15,CCCN(CCN3CCN(c1cccc2ncccc12)CC3)[C@H]5CCc4nc(N)sc4C5,1,0,0,-10.7,27.55448007583618
16,16,Cc6ccc5c(c4nnc(SCCCN3CCc2ccc1oc(C(F)(F)F)nc1c2CC3)n4C)cccc5n6,1,0,0,-14.3,44.694993019104004
17,17,CCN2CCN(C)CC(NC(=O)c1cc(Br)c(NC)nc1OC)C2,1,0,0,-7.0,17.440160274505615
18,18,COc1ccccc1N4CCN(CCCCNc3ccc2ccccc2n3)CC4,1,0,0,-9.3,26.710088968276978
19,19,COc1ccccc1N3CCN(CCCCNC(=O)\C=C\c2ccsc2)CC3,1,0,0,-8.2,30.02113389968872
20,20,Fc5ccc(N3C2CN(CCCCCCN1C(=O)CNC1=O)CCC2c4cc(F)ccc34)cc5,1,0,0,-9.6,31.46930241584778
21,21,Clc5cccc(N4CCN(CCCNC(=O)C2c1ccccc1c3ccccc23)CC4)c5Cl,1,0,0,-9.6,28.24881935119629
22,22,COc6ccc5N4CCN(CCC3CCC(NC(=O)c1ccnc2ccccc12)CC3)CC4CCc5c6,1,0,0,-10.8,34.80834126472473
23,23,CN4CCN(c2cn1cccc1sc3ccc(Br)cc23)CC4,1,0,0,-7.2,10.682856321334839
24,24,CCCN(CCC)C3CCc2ccc1NC(=O)Cc1c2C3,1,0,0,-7.8,13.16269302368164
25,25,CCCN(CCC)C3CCc2cc1CCOc1cc2C3,1,0,0,-7.6,12.941201210021973
26,26,CN4CCN(c2nc1ccccc1oc3ccc(Cl)cc23)CC4,1,0,0,-8.0,11.580220460891724
27,27,Clc5ccc(C(N3CCN(CCCCn2c(=O)c1ccccc1c2=O)CC3)c4ccccc4)cc5,1,0,0,-10.0,38.3694806098938
28,28,Fc5ccc(C(=O)CCCN1CCc3c(C1)c2cc(F)ccc2n3c4ccc(F)cc4)cc5,1,0,0,-10.6,24.279874324798584
29,29,Clc5cccc(N4CCN(CCN1C[C@@H]3CC[C@H]1Cc2ccccc2C3)C4=O)c5,1,0,0,-10.1,20.499263525009155
30,30,CN4CCCN(c2cn1cccc1sc3ccc(Cl)cc23)CC4,1,0,0,-8.0,11.0851571559906
31,31,FC(F)(F)S(=O)(=O)Oc3cccc([C@@H]2CCCN(CCc1ccccc1)C2)c3,1,0,0,-10.4,21.314234256744385
32,32,Clc6cccc(N5CCN(CCC4CCC(NC(=O)C23CC1CC(CC(C1)C2)C3)CC4)CC5)c6Cl,1,0,0,-12.2,32.805567264556885
33,33,C3CN(c1ccccc1)[C@@H]2Cc4c[nH]c5cccc(C2O3)c45,1,0,0,-8.6,10.689975023269653
34,34,COc1ccccc1N4CCN(CCCCNC(=O)c3ccc(c2cccc([18F])n2)cc3)CC4,1,0,0,-9.8,37.34195375442505
35,35,FC(F)(F)c4cccc(N3CCN(CCCCN2Cc1ccccc1C2=O)CC3)c4,1,0,0,-9.5,25.036250114440918
36,36,Fc5ccc(n3c2CCN(CCCCCCNC(=O)c1ccccc1)Cc2c4cc(F)ccc34)cc5,1,0,0,-10.2,39.40837121009827
37,37,Cc1ccoc1c5nnc(SCCCN4C[C@@H]2C[C@]2(c3ccc(C(F)(F)F)cc3)C4)n5C,1,0,0,-11.1,31.470024585723877
38,38,COc3cccc(C(=O)NCCCCN2CCN(c1cccc(C)c1C)CC2)c3,1,0,0,-9.2,27.948987007141113
39,39,OC3(c1ccc(Cl)cc1)CCN(CCCC(=O)c2ccc(F)cc2)CC3,1,0,0,-9.1,22.057172536849976
40,40,COc3c(C(=O)N[C@H]2CCN(C1CCCCC1)C2)cc(Br)c4ccccc34,1,0,0,-8.3,17.940877437591553
41,41,C(COc3ccc(c2nc1ccccc1[nH]2)cc3)CN5CCN(c4ncccn4)CC5,1,0,0,-10.2,25.691970348358154
42,42,CCCN(CCN2CCN(c1ccccc1)CC2)C5CCc4ccc3NC(=O)Cc3c4C5,1,0,0,-9.8,28.204833269119263
43,43,COc2cc(NC(=O)C1CC1)c(Cl)cc2C(=O)N[C@H]4CCN(C3CCCCCC3)C4,1,0,0,-8.7,24.9788179397583
44,44,COc1ccccc1N5CCN(CCCCOc4ccc(c3cn2ccccc2n3)cc4)CC5,1,0,0,-9.7,36.413063764572144
45,45,C2CC(\C=C\c1ccccc1)=CCN2CCc4cc3ccc[nH]c3n4,1,0,0,-10.0,16.379889488220215
46,46,CCCN(CCCc1ccccc1)C3Cc2cc(OC)c(OC)cc2C3,1,0,0,-8.3,24.42435073852539
47,47,COc1ccccc1N4CCN(CCCCN3CCCc2ccccc2C3=O)CC4,1,0,0,-9.3,25.532210111618042
48,48,FC(F)(F)c5cc(C#N)cc(N4CCN(CCC3CCC(NS(=O)(=O)c2ccc1NC(=O)CCc1c2)CC3)CC4)c5,1,0,0,-11.8,54.72254729270935
49,49,CCCN(CCN3CCN(C(=O)c2cc1ccccc1[nH]2)CC3)C5CCc4c(O)cccc4C5,1,0,0,-10.9,33.11220860481262
50,50,OC2(c1ccc(Cl)cc1)CC3CCC(C2)N3Cc4coc6c4ccc5ccccc56,1,0,0,-11.6,19.42426896095276
51,51,CCCN(CCC)C2CCc1ccsc1C2,1,0,0,-6.5,11.282731056213379
52,52,Clc5ccc4n(C3CCN(CCCn1c(=O)[nH]c2ccccc12)CC3)c(=O)[nH]c4c5,1,0,0,-10.6,23.054869174957275
53,53,COc1ccccc1N4CCN(CCCCNC(=O)\C=C\c3cccc(Oc2ccccc2)c3)CC4,1,0,0,-9.6,47.60163736343384
54,54,CCCN(CCN3CCN(c2ccc(c1ccccc1)cc2)CC3)C5CCc4nc(N)sc4C5,1,0,0,-9.8,39.72684049606323
55,55,Clc2cc1NC(=O)Cc1cc2CCN5CCN(c3nsc4ccccc34)CC5,1,0,0,-9.9,18.90261149406433
56,56,Clc4cccc(N3CCN(CCCCn2c(=O)c1ccccc1c2=O)CC3)c4Cl,1,0,0,-9.1,22.623637914657593
57,57,COc4cccc(C(=O)NCCCCN3CCN(c1cccc2ccccc12)CC3)c4,1,0,0,-10.7,29.59933567047119
58,58,CCCN(CCC)C2Cc1ccc(O)cc1C2,1,0,0,-6.6,12.77623438835144
59,59,Clc5cccc(N4CCN(CCCCNC(=O)C2c1ccccc1c3ccccc23)CC4)c5Cl,1,0,0,-9.2,36.47144794464111
60,60,Oc4cccc5[C@@H]3CCCN(CCCCNC(=O)c2ccc(c1ccccc1)cc2)[C@H]3CCc45,1,0,0,-10.4,34.132258892059326
61,61,Fc5ccc(N3C2CN(CCN1C(=O)CNC1=O)CCC2c4cc(F)ccc34)cc5,1,0,0,-9.1,18.816031217575073
62,62,Cc5nc(C)c(c4nnc(SCCCN3C[C@@H]1C[C@]1(c2ccc(C(F)(F)F)cc2)C3)n4C)s5,1,0,0,-11.6,34.13064360618591
63,63,C2CC(Nc1ncccn1)CCC2CCN4CCC(c3ccccc3)=CC4,1,0,0,-9.4,21.795778512954712
64,64,CCc4cc3c(N1CCN(C)CC1)nc2cc(F)ccc2[nH]c3s4,1,0,0,-7.8,13.62613296508789
65,65,CN5CN(c1ccccc1)C4(CCN(Cc2coc3ccccc23)CC4)C5=O,1,0,0,-8.9,15.315862894058228
66,66,CC(C)(C)c3nc(N2CCN(CCCCNC(=O)Nc1ccccc1)CC2)cc(C(F)(F)F)n3,1,0,0,-9.9,36.63547420501709
67,67,CCCN(CCCCn3cc(c2ccc(c1ccccc1)cc2)nn3)C4CCC(C#C)=CC4,1,0,0,-9.0,40.52294063568115
68,68,Nc5nc(N1CCNCC1)c4CCC3=C([C@@H]2CCCC[C@@H]2O3)c4n5,1,0,0,-7.0,13.164559364318848
69,69,Clc4cccc(N3CCN(C\C=C\CNC(=O)c2cc1ccccc1o2)CC3)c4Cl,1,0,0,-9.6,24.818082332611084
70,70,CCCN(CCC)CCc1ccc(O)c2NC(=O)Cc12,1,0,0,-7.6,17.98928737640381
71,71,CSc2c(Cl)nc(NCc1ccccc1)nc2N3CCN(C)CC3,1,0,0,-7.8,17.01075029373169
72,72,OC(CN2CCN(c1cccc(Cl)c1Cl)CC2)NC(=O)c4cc3ccccc3[nH]4,1,0,0,-9.6,25.08698582649231
73,73,Cn4c(SCCCN3C[C@@H]1C[C@]1(c2ccc(C(F)(F)F)cc2)C3)nnc4c5ccccc5,1,0,0,-9.6,34.127537965774536
74,74,COc2cc(NC(=O)C1CC1)c(Cl)cc2C(=O)N[C@H]6CCN(C4C3CC5CC(C3)CC4C5)C6,1,0,0,-8.9,28.101190090179443
75,75,Nc6nc5CC[C@H](N(CCC1CCCCC1)CCC4CCC(NC(=O)c3ccc2ccccc2c3)CC4)Cc5s6,1,0,0,-9.4,76.59372544288635
76,76,NCCc1ccc(O)c(O)c1,1,0,0,-5.7,12.723555326461792
77,77,CC(C)(C)c3nc(N2CCN(CCCCNC(=O)NCc1ccccc1)CC2)cc(C(F)(F)F)n3,1,0,0,-9.9,42.41745042800903
78,78,CN4CCN(c2cc1ccccc1oc3ccc(Cl)cc23)CC4,1,0,0,-8.4,11.219856977462769
79,79,CC1(C)[C@@H]5CC[C@]14CCN(CCN3CCN(c2cccc(Cl)c2)C3=O)C4C5,1,0,0,-9.8,17.151437759399414
80,80,CCCN(CCc1ccsc1)C3Cc2cc(OC)c(OC)cc2C3,1,0,0,-7.9,21.609779596328735
81,81,FC(F)(F)c3cccc(N2CCN(CCN1CCCCCC1)C2=O)c3,1,0,0,-9.5,16.719905138015747
82,82,O=c2[nH]c1ccccc1n2C5CCN(Cc3coc4ccccc34)CC5,1,0,0,-9.8,16.077673196792603
83,83,Clc4cccc(N3CCN(CCC2CCC(NC(=O)c1ccccc1)CC2)CC3)c4Cl,1,0,0,-11.3,31.301764488220215
84,84,COc4c(C(=O)NC1CC2CCCC(C1)N2Cc3ccccc3)cc(Br)c5ccccc45,1,0,0,-9.1,24.50501585006714
85,85,Clc4ccc(C(N2CCN(CCCCNC(=O)C1CCCCC1)CC2)c3ccccc3)cc4,1,0,0,-9.1,39.39672088623047
86,86,CCCN(CCN3CCN(C(=O)c1c[nH]c2ccccc12)CC3)C5CCc4c(O)cccc4C5,1,0,0,-9.8,33.96216630935669
87,87,Cc4cc3ccc(OCCCN2CCN(c1ccccc1)CC2)cc3oc4=O,1,0,0,-7.7,20.893234968185425
88,88,CCCN(CCN3CCN(Cc2cc1ccccc1[nH]2)CC3)C5CCc4ccc(O)cc4C5,1,0,0,-9.5,34.16528391838074
89,89,Clc4cccc(N3CCN(CCCCNC(=O)c2cc1ccccc1cn2)CC3)c4Cl,1,0,0,-9.6,31.02359390258789
90,90,Cc5ccc(S(=O)(=O)NCCCCN1CC[C@@H]3C(C1)c2cc(F)ccc2N3c4ccc(F)cc4)cc5,1,0,0,-9.0,38.6197624206543
91,91,COc4ccc3n(C)c2Cc1ccccc1CCN(C)CCc2c3c4,1,0,0,-8.1,10.508699417114258
92,92,COc1ccccc1N4CCN(CCCCNC(=O)c3ccc2ccnn2c3)CC4,1,0,0,-8.9,30.512940406799316
93,93,CCN(CC)CCCOc6ccc(c2nc1ccccc1n2C\C=C\Cn4c(c3ccc(OC)cc3)nc5ccccc45)cc6,1,0,0,-9.1,85.49083352088928
94,94,COc1ccccc1N5CCN(CCCCNC(=O)c4ccc3c(Cc2ccccc23)c4)CC5,1,0,0,-9.8,36.853578090667725
95,95,CN3CCc2cc(c1ccc(O)cc1)cc5c2[C@H]3Cc4ccc(O)c(O)c45,1,0,0,-9.3,16.622865915298462
96,96,COc1ccccc1N3CCN(CCCCNC(=O)\C=C\c2ccco2)CC3,1,0,0,-8.5,30.652114629745483
97,97,COc4cc(Br)cc(c3ccc(CN2CCc1ccccc1C2)[nH]3)c4OC,1,0,0,-9.9,18.578999757766724
98,98,COc1ccccc1N4CCN(Cc3ccn(c2ccccc2)c3)CC4,1,0,0,-9.0,18.42642641067505
99,99,Fc3ccc(C(=O)NCCCCN2CCN(c1cccc(Cl)c1Cl)CC2)cn3,1,0,0,-11.3,26.53993320465088
100,100,CCC[NH2+]Cc1cc(cnc1N(CCC)C(C)C)Br,0,1,0,-6.0,17.355618000030518
101,101,C1CC[C@@H]([C@H](C1)C(F)(F)F)NC(=O)C[C@@H]2CCC[NH2+]C2,0,1,0,-8.6,14.921223640441895
102,102,C[NH2+]Cc1cn(c2c1cc(cc2)C(=O)OC)C[C@H](Cc3ccccc3)c4ccccc4,0,1,0,-8.1,31.849355936050415
103,103,CCCCOc1ccc2ccccc2c1C[NH2+][C@@H](CC)c3ccccc3,0,1,0,-7.1,25.897087574005127
104,104,c1cc(oc1)CCNC(=O)[C@@H]2CN(CC23CC[NH2+]CC3)C(=O)c4ccc(cc4)Br,0,1,0,-8.9,22.708238124847412
105,105,C1C[C@H](C[C@@H](C1)C(=O)N2CCO[C@@H]3[C@@H]2CCC3)CC[NH3+],0,1,0,-7.9,13.738908052444458
106,106,CC(=C[C@H]1[C@H](C1(C)C)C(=O)Nc2ccc(cc2)C(=O)N3CCOCC3)C,0,1,0,-8.5,22.261798620224
107,107,Cc1c(c(n(n1)c2ccccc2)OC(=O)c3cc(c(c(c3)OC)OC)OC)Sc4ccccc4,0,1,0,-8.9,163.63255429267883
108,108,CCCC[n+]1c(csc1Nc2ccc(cc2)OCC)c3ccc(cc3)S(=O)(=O)N4CCCC4,0,1,0,-9.9,159.01440358161926
109,109,CC(C)S(=O)(=O)c1cc2c(cc1SC)CN(C2=Cc3ccccc3)S(=O)(=O)c4ccccc4,0,1,0,-8.5,138.71812915802002
110,110,CC(C)Cc1ccc(cc1)[C@H](C[N-]S(=O)(=O)Oc2ccccc2)[NH+]3CC[NH2+][C@@H](C3)Cc4ccccc4,0,1,0,-8.5,155.478741645813
111,111,CC(C)[C@H](Cc1c(cc(cn1)Cl)Cl)Br,0,1,0,-5.9,25.99830389022827
112,112,CCOc1ccc(cc1)N2C(=O)/C(=C/c3ccccc3Cl)/SC2=S,0,1,0,-7.6,33.83246731758118
113,113,CCc1cccc2c1[nH]cc2C(=O)[C@H](c3ccccc3)Sc4nnc(o4)c5ccc[nH]5,0,1,0,-9.1,53.84969711303711
114,114,Cc1ccc(cc1)Oc2c(c(nn2C)c3ccccc3)C[NH+](CC4CC4)C[C@@H](COCC=C)O,0,1,0,-7.5,161.12051391601562
115,115,Cc1ccc2c(c1)c3c4n2CC[NH+]([C@H]4CCC3)CC(=O)N/N=C\c5ccccc5Cl,0,1,0,-10.7,44.648603677749634
116,116,CCOCCOC(=O)c1ccc2=[NH+][C@@H]3CCCCC3=c2c1,0,1,0,-7.2,33.4584276676178
117,117,CCOC(=O)[C@](C)(CCSC1CCCCC1)[NH2+]C(C)C,0,1,0,-7.7,42.06203746795654
118,118,CCn1c(nnc1S[C@H](C)C(=O)c2ccc(cc2)NS(=O)(=O)C)c3cccs3,0,1,0,-8.7,66.08653140068054
119,119,CC1=C(/C(=C/[C@@H]2C(=C(C(=N2)C)C)C)/[NH+]=C1)C,0,1,0,-7.4,15.087005853652954
120,120,CC[C@@H]1CCc2c(cc(s2)c3nnc(n3C)SCC(=O)N4CCC[C@H](C4)C(=O)OCC)C1,0,1,0,-9.5,63.14871883392334
121,121,CCCCNC(=O)CSc1c(ncs1)S(=O)(=O)c2ccc(cc2)C,0,1,0,-7.8,52.11115598678589
122,122,Cc1ccc(o1)CN([C@@H](c2c(cccc2Cl)Cl)C(=O)NC(C)(C)CC(C)(C)C)C(=O)c3ccccc3,0,1,0,-7.8,89.45883226394653
123,123,COC(=O)[C@@H]1C(=c2cc(ccc2=[NH+]1)Br)NC(=O)C[NH+]3CCC(=CC3)c4ccc(cc4)F,0,1,0,-9.8,64.99159812927246
124,124,c1ccc(cc1)c2cc([o+]c3c2sc(c3)c4ccccc4)c5ccccc5,0,1,0,-8.4,22.380712270736694
125,125,Cc1ccccc1OC[C@H](C[NH+](Cc2ccc(o2)c3cc(ccc3Cl)Cl)[C@@H]4CCS(=O)(=O)C4)O,0,1,0,-9.7,47.720988035202026
126,126,CC(C)[NH+](Cc1c(nn(c1Oc2cccc(c2)F)C)c3ccccc3)C[C@@H](CCC=C)O,0,1,0,-8.4,42.10924792289734
127,127,Cc1ccc2=[NH+][C@H](C(=c2c1)CCN(Cc3cccnc3)C(=S)NCCc4ccccc4)C,0,1,0,-8.1,41.969008922576904
128,128,CCOc1ccc(cc1)n2c(=O)c3c4c(sc3nc2SCC(=O)Nc5ccccc5)C[NH+](CC4)C,0,1,0,-8.7,30.93357014656067
129,129,CCC[NH+](CCC)Cc1c(ccc2c1oc(c(c2=O)c3ccc(cc3)OC)C(F)(F)F)O,0,1,0,-9.2,35.52311658859253
130,130,Cc1ccccc1[C@@H]2[C@@H]3C(=c4ccccc4=[NH+]3)C[C@@H]5N2C(=O)CN(C5=O)CCC(C)C,0,1,0,-8.9,20.36365795135498
131,131,Cc1cc(c(c(c1)C)NC(=O)CN(c2ccc(cc2)F)S(=O)(=O)c3ccc(cc3)F)C,0,1,0,-8.1,28.404494047164917
132,132,CCOc1ccc2=[NH+]C(=O)[C@@H](C=c2c1)[C@H]([C@@H]3N=NNN3C(C)(C)C)N4CCOCC4,0,1,0,-8.9,25.917373657226562
133,133,CC[C@H](c1nnnn1Cc2ccccc2)[NH+](Cc3ccc(cc3)C)Cc4cc5c(cc(cc5[nH]c4=O)C)C,0,1,0,-10.0,47.63989186286926
134,134,CC(C)N(Cc1ccc(cc1)C#N)C(=O)N[C@H](Cc2ccccc2)C[NH+](C)C,0,1,0,-8.8,31.281719207763672
135,135,c1ccc(cc1)N2[C@H]([NH+]=N[C@@H]2SCc3[nH]c4ccccc4n3)c5ccccc5F,0,1,0,-10.0,22.17950963973999
136,136,CCCCNc1[nH+]c2c(s1)C[C@]3(CC[C@H]([C@@H]([C@H]3[C@@H]2C)O)[C@H](C)C(=O)N(CC)CC)C,0,1,0,-8.0,27.801904439926147
137,137,CCn1c2ccc(cc2oc1=O)[C@@H](c3ccc(cc3)Br)[NH3+],0,1,0,-8.2,13.815591096878052
138,138,CCC1=C[C@@H]2[C@@H](S1)C[C@@H]3N2C(=NN(C3=O)CC(=O)NCCC4=c5ccccc5=[NH+]C4)CC,0,1,0,-9.3,31.37556505203247
139,139,CCOc1ccc2=[NH+][C@@H]([NH+]=c2c1)SCC(=O)Nc3ccc(cc3)C(=O)OCC,0,1,0,-9.1,27.76780104637146
140,140,Cc1ccc(cc1)[C@@H]2CC(=NN2C(=O)CN(CCN3CCOCC3)C(=O)C4CCC4)c5ccc(c(c5)C)C,0,1,0,-8.7,42.87131953239441
141,141,COc1ccc(c(c1)N2C(=O)/C(=C/N[C@H](CC3=c4ccccc4=[NH+]C3)C(=O)OC)/C(=O)NC2=O)OC,0,1,0,-9.9,40.03395175933838
142,142,Cc1ccccc1C(=O)/[NH+]=c\2/ccc-3c(cc(oc3c2)c4ccc(cc4)OC)O,0,1,0,-10.3,16.74288296699524
143,143,CCc1ccc(cc1)N(C)CC2(CC[NH2+]CC2)C,0,1,0,-7.1,12.181306600570679
144,144,Cc1ccc(cc1)[C@H]2[C@@H]3C(=c4cc(ccc4=[NH+]3)Cl)CCN2C(=O)Nc5ccc(c(c5)C)C,0,1,0,-8.8,17.465518474578857
145,145,Cc1ccc(c(c1)/N=C\2/N(C(=O)/C(=C/3\N(c4cc(ccc4S3)OC)C)/S2)CC=C)C,0,1,0,-8.8,18.656753301620483
146,146,C[C@H](C(=O)NCc1ccc(cc1)F)[NH+]2CCN(CC2)S(=O)(=O)c3ccc4c(c3)CCC4,0,1,0,-10.5,28.11801314353943
147,147,c1ccc2=[NH+]CC(=c2c1)C[C@@H](C(=O)Nc3ccc(cc3F)Cl)N4CCS(=O)(=O)CC4,0,1,0,-8.2,29.232789039611816
148,148,Cc1ccc2c(c1)sc(n2)N(CC[NH+](C)C)C(=O)c3ccc(cc3)S(=O)(=O)N4C[C@@H](O[C@H](C4)C)C,0,1,0,-10.1,33.58992147445679
149,149,CN(C(=O)CSc1nnc(n1C2CC2)c3cccnc3)[C@]4(CCCCC4=O)c5ccccc5Cl,0,1,0,-8.6,31.158527612686157
150,150,CC[NH+](CC)CCC[C@@H](C)NC(=O)[C@H](C)Sc1nc2c(c3cc(ccc3n2Cc4ccc(cc4)C)C)nn1,0,1,0,-11.3,68.88398861885071
151,151,CC(C)c1ccc(cc1)NC(=O)[C@H](C2CCCC2)[NH+]3CCN(CC3)C(=O)c4ccccc4Cl,0,1,0,-9.3,31.387046098709106
152,152,CCc1ccc2c(c1)N(C(=O)C(O2)(C)C)CC[NH3+],0,1,0,-6.9,12.32706904411316
153,153,Cc1c(c(n(n1)C)Cl)C[NH+](C)[C@H](C)c2ccc(cc2)Cl,0,1,0,-7.7,13.984079360961914
154,154,C[NH+](Cc1ccccc1C(F)(F)F)CC(=O)N2CC(=O)Nc3c2ccc(c3)C(F)(F)F,0,1,0,-12.1,26.15545344352722
155,155,Cc1ccc2c(c1)sc(n2)c3ccc(cc3)N4C(=O)C[C@H](C4=O)[NH2+]CCc5ccccc5OC,0,1,0,-9.6,30.009949207305908
156,156,COc1cc(c(cc1OC)Cl)[C@@H](c2cc(c3cccnc3c2O)Cl)Nc4cccc[nH+]4,0,1,0,-7.9,26.60324788093567
157,157,Cc1cc(cc2c1nc(s2)N(C[C@@H]3CCCO3)C(=O)c4ccc(cc4)OC)Cl,0,1,0,-8.8,19.266205310821533
158,158,COc1ccc(cc1)c2csc(n2)Cc3nc(no3)c4cccc(c4)C(F)(F)F,0,1,0,-10.6,21.605440139770508
159,159,c1ccc2c(c1)CC(C2)[NH+]3CCC(CC3)CN(C[C@H]4CCCO4)C(=O)C5=CCCCC5,0,1,0,-10.5,24.184713125228882
160,160,CC[NH+](CC)[C@@H](CNS(=O)(=O)Cc1ccc(cc1)F)c2ccccc2Cl,0,1,0,-7.5,26.892600297927856
161,161,c1cc(c(cc1/N=C/c2cc(ccc2O)Br)C(F)(F)F)OCC(C(F)F)(F)F,0,1,0,-9.8,22.914708614349365
162,162,Cc1c(cco1)c2nnc(n2C[C@@H]3CCCO3)SCC(=O)Nc4ccccc4Cl,0,1,0,-8.6,26.91007423400879
163,163,CCC[n+]1c(csc1Nc2ccc(cc2)OC)c3ccc(cc3)Cl,0,1,0,-8.7,16.871787071228027
164,164,Cc1ccc(cc1)n2cc(c(n2)c3ccc(cc3)F)C[NH2+]Cc4c5c([nH]n4)CCC5,0,1,0,-9.6,25.755709886550903
165,165,CO[C@H]1CCC[C@@]2(C1)CCC[C@@H](N2OC)I,0,1,0,-6.5,9.773064851760864
166,166,CC(C)CNC(=O)c1ccc(o1)C[NH+](Cc2ccccc2)Cc3ccc(cc3)C(F)(F)F,0,1,0,-9.0,39.95652508735657
167,167,c1ccc(cc1)[C@H]2C(=c3ccccc3=[NH+]2)[C@@H](CNC(=O)CN4CCC=N4)c5ccccc5,0,1,0,-8.3,31.848324060440063
168,168,C[C@@]12CC[C@H](C[C@@H]1CC[C@@H]3[C@@H]2CC[C@@]4([C@@H]3C/C(=C\c5ccc(cc5)N(C)C)/[C@@H]4O)C)O,0,1,0,-9.2,21.42232871055603
169,169,CC[C@@H]1CCCCN1C(=O)[C@@H](C)[NH+]2CCC(CC2)NC(=O)CC3CCCC3,0,1,0,-8.8,21.755987405776978
170,170,c1ccc(cc1)/C=C/C[NH+](C/C=C/c2ccccc2)CCCl,0,1,0,-8.6,19.276927709579468
171,171,c1cnccc1C2=NC(=O)C3=C4CCCC[C@H]4SC3=N2,0,1,0,-8.8,10.63297438621521
172,172,Cc1cc(c(s1)C)c2nc3c(s2)[C@H](CCC3)[NH2+]C,0,1,0,-7.5,10.477758884429932
173,173,c1ccc2c(c1)CC[C@H](C2)[NH+]3C[C@@H](CN(C(=O)C3)CC4CCOCC4)OCc5ccncc5,0,1,0,-9.4,25.000495195388794
174,174,Cc1ccc(c(c1)[C@@H](C)[NH2+]Cc2cc(c(o2)Br)Br)C,0,1,0,-7.7,12.403661966323853
175,175,Cc1c2c(n(n1)c3ccc(cc3)Cl)[NH+]=C4C=Cc5ccccc5N4[C@H]2c6cccc(c6)OC,0,1,0,-9.4,22.458663940429688
176,176,C[NH+](C)[C@@H](CNC(=O)CCc1ncc(o1)c2ccccc2)c3cccc(c3)F,0,1,0,-10.6,29.474952220916748
177,177,Cc1cccc(c1C)OC[C@@H](C[NH+](Cc2cccc3c2cccc3)[C@@H]4CCS(=O)(=O)C4)O,0,1,0,-8.4,34.85468578338623
178,178,CN(Cc1cscn1)C(=O)[C@H]2CC23CC[NH+](CC3)C/C=C/c4ccc(c(c4)OC)O,0,1,0,-10.0,28.75666356086731
179,179,CC[C@@H](c1ccccc1)C(=O)N2C[C@H](C3(C2)CC[NH2+]CC3)C(=O)N[C@@H](C)C(C)(C)C,0,1,0,-8.0,22.774149179458618
180,180,Cc1cc(c(c(c1C[NH2+][C@H](c2cccs2)C(C)(C)C)C)C(=O)C)C,0,1,0,-7.4,17.92660117149353
181,181,COCC[NH+](Cc1ccccc1C(F)(F)F)Cc2ccco2,0,1,0,-7.6,38.483452558517456
182,182,Cc1ccc(cc1)C[NH+](C)[C@@H](C)C(=O)Nc2ccc(cc2)OC(F)F,0,1,0,-8.5,58.41609525680542
183,183,CCc1cccc2c1nc(s2)N(CCC[NH+](C)C)C(=O)Cc3cc(ccc3C)C,0,1,0,-8.0,48.89179873466492
184,184,CCC[C@H](C(=O)NCC[NH+](C)C)Sc1nc(c(c(=O)n1C)Cc2ccc(cc2)C(C)(C)C)C,0,1,0,-8.9,89.80141067504883
185,185,Cc1cc(c2c(c1)nc(s2)N(CCC[NH+](C)C)C(=O)c3cc(on3)c4ccccc4)C,0,1,0,-10.3,56.29013776779175
186,186,c1ccc(cc1)[C@@H]2C(=c3ccccc3=[NH+]2)SCC[NH3+],0,1,0,-7.0,27.7791268825531
187,187,C[NH+](C)CCCN(Cc1ccc(c(c1)Cl)Cl)C(=O)c2cccn3c2ncc3,0,1,0,-7.2,40.67453336715698
188,188,Cc1cccc(c1)n2c(nnc2SCC(=O)N3CCCCC3)C4=c5ccccc5=[NH+]C4,0,1,0,-9.2,71.02356767654419
189,189,c1cc(oc1C(=O)N/N=C/2\C[C@H]3CC[C@@H]2C3)Br,0,1,0,-8.4,27.587050199508667
190,190,Cc1cc(c2cc(ccc2[nH+]1)Br)NC(C)(C)C,0,1,0,-7.2,19.606080293655396
191,191,Cc1cc(c2c(c1)nc(s2)N(C[C@@H]3CCCO3)C(=O)CSc4ccccc4)C,0,1,0,-7.8,35.96782565116882
192,192,CCS(=O)(=O)c1ccc(cc1)C(=O)/N=c\2/n(c3ccc(cc3s2)C(=O)OC)CCSC,0,1,0,-8.4,25.68096089363098
193,193,C[NH2+][C@H](c1cc(ccc1F)Cl)c2cc(cc(c2OC)Br)Cl,0,1,0,-7.1,15.23650050163269
194,194,C1CC[C@H]2C[C@@H](CC[C@@H]2C1)[NH2+]CC(=O)NC3CC3,0,1,0,-7.4,12.000869989395142
195,195,C[C@@H]1C[C@@H](c2cc(cc(c2O1)Br)Cl)[NH2+]C3CC3,0,1,0,-6.4,10.789494037628174
196,196,c1cc(ccc1Cc2nc(cs2)c3ccc(cc3)C#N)Br,0,1,0,-9.9,12.656347751617432
197,197,CCOC(=O)C[NH+](Cc1ccc(s1)Br)C(C)C,0,1,0,-6.1,15.38086462020874
198,198,[H]/[O+]=c\1/c2ccc(cc2[n-]cc1C(=O)[O-])C(C)(C)C,0,1,0,-7.5,11.540565252304077
199,199,CCc1cc(cc2c1O[C@@]3(CC[NH2+]C3)C=C2)Br,0,1,0,-7.4,9.431829690933228
200,200,C[C@@H]([C@H](c1ccccc1Cl)Oc2ccc(c(c2)F)F)[NH3+],0,1,0,-7.9,14.766784906387329
201,201,Cc1ccc(c(c1)C)C[NH+](Cc2nc(co2)C(=O)N3CC[NH+](CC3)C)[C@@H](C)c4ccccc4,0,1,0,-8.8,30.94888973236084
202,202,CCn1c2c(c(n1)C(=O)N3CCSCC3)C[C@H](CC2)[NH2+]CCC4=CCCCC4,0,1,0,-8.8,22.802900075912476
203,203,CCCCCCC(=O)N1C[C@@H](C2(C1)CC[NH2+]CC2)C(=O)NCc3ccc(c(c3)Cl)Cl,0,1,0,-8.4,33.5700888633728
204,204,c1cc(ccc1NS(=O)(=O)c2ccc(c(c2)F)F)NS(=O)(=O)c3cc(sc3Cl)Cl,0,1,0,-10.1,36.560407876968384
205,205,CCOc1cc(ccc1OC[C@@H](C[NH+](Cc2ccc(cc2Cl)Cl)Cc3ccco3)O)C=O,0,1,0,-11.0,64.53034520149231
206,206,C[C@@H]1CN=C([C@@H]2C1=c3ccccc3=[NH+]2)C,0,1,0,-7.2,6.8605334758758545
207,207,C[C@@H](c1ccc2c(c1)CCCC2)NC(=O)CSc3nnc4n3cc(cc4Cl)C(F)(F)F,0,1,0,-11.9,27.333781719207764
208,208,Cc1ccc(o1)CN(CCc2ccccc2)C(=O)C[NH+](CC=C)Cc3ccccc3,0,1,0,-8.8,34.21298789978027
209,209,C[C@H](c1nnc(o1)c2ccccc2)OC(=O)C34C[C@@H]5C[C@H](C3)CC(C5)(C4)c6ccccc6,0,1,0,-10.7,25.428281784057617
210,210,Cc1ccc(cc1)[C@H]2C[C@@]3(CC([NH+]=C(N3)SC)(C)C)Oc4c2ccc(c4C)O,0,1,0,-8.5,15.72948670387268
211,211,CCc1c(sc(n1)NC(=O)CSc2nnc(n2Cc3ccccc3)c4ccco4)C,0,1,0,-9.0,25.948275089263916
212,212,CC[NH+]1CCC2(CC1)N=C(C(=N2)SCC(=O)Nc3ccc(c(c3)Cl)F)c4ccccc4,0,1,0,-8.7,27.58445382118225
213,213,c1cc(c(cc1NC(=O)COC(=O)C2CCN(CC2)c3ccc(c[nH+]3)C(F)(F)F)Cl)Cl,0,1,0,-10.0,29.688318014144897
214,214,C[C@@H]1C(=c2ccccc2=[NH+]1)C(=O)[C@H](C)OC(=O)c3cc(=O)[nH]c4c3cccc4,0,1,0,-9.9,30.18904185295105
215,215,C[C@@]1(CC(=O)[C@H]([C@H]([C@@H]1C(=O)OCc2ccccc2)c3ccccc3)C(=O)OCc4ccccc4)O,0,1,0,-9.4,82.69170713424683
216,216,CC1CCC(CC1)[NH+](C)CC2(CCOCC2)C=O,0,1,0,-7.4,17.805175304412842
217,217,Cc1c(n(c(c1C#N)NC(=O)C[NH+]2CCCC[C@@H]2C3OCCO3)Cc4ccc(cc4)F)C,0,1,0,-8.5,46.96030569076538
218,218,CCc1cccc2c1nc(s2)N(CCC[NH+]3CCOCC3)C(=O)CSc4ccc(cc4)C,0,1,0,-8.5,66.416987657547
219,219,c1cc(ccc1N[C@@H](CO)[C@@H]2CCOC2)Br,0,1,0,-6.5,19.06768298149109
220,220,c1cc(c(nc1)c2cnc3c(ccnc3n2)Nc4ccc(cc4)C(F)(F)F)C(F)(F)F,0,1,0,-10.8,22.262927055358887
221,221,CC[NH+](CC)CCn1ccc2c1ccc(c2)NC(=O)c3ccc([nH]c3=O)c4cccs4,0,1,0,-8.8,25.583024740219116
222,222,Cc1ccc(cc1)[C@@H]2[C@@H]3C(=c4cc(ccc4=[NH+]3)Cl)CCN2C(=O)Nc5ccc(cc5)OC,0,1,0,-8.3,19.03917908668518
223,223,c1ccc(c(c1)C(F)(F)F)n2c(nnc2SCC(=O)Nc3cccc(c3)F)C[NH+]4CCCCC4,0,1,0,-10.7,38.49100351333618
224,224,c1ccc2=[NH+][C@@H](C=c2c1)c3cccc(c3)NC(=O)[C@H]4CCC[NH+](C4)Cc5nccs5,0,1,0,-10.1,26.03909730911255
225,225,c1ccc2c(c1)cnnc2SCC(=O)Nc3ccc(c(c3)Cl)C#N,0,1,0,-9.8,17.89334988594055
226,226,c1ccc(c(c1)N2C[C@@H](CC2=O)C(=O)N(Cc3ccco3)Cc4cccs4)F,0,1,0,-8.6,21.523312091827393
227,227,Cc1cc(ccc1OC)[C@@H]2[C@H]3C(=c4ccccc4=[NH+]3)CCN2CCCn5cccn5,0,1,0,-9.3,24.170241355895996
228,228,C[NH+](C)Cc1ccccc1CNC(=O)c2cc(ccc2I)Cl,0,1,0,-6.8,16.115795850753784
229,229,c1cc2cnccc2c(c1)OCc3cc(no3)C(=O)N4CCC[C@H](C4)CCCO,0,1,0,-9.4,27.495216608047485
230,230,CC[NH+]1CCN(CC1)Cc2c(cc(c3c2O/C(=C\c4cc5cc(ccc5o4)Br)/C3=O)C)O,0,1,0,-8.7,22.793957948684692
231,231,C[C@@H](C(=O)Nc1cc(ccc1F)F)n2c3ccccc3nc(c2=O)C(F)(F)F,0,1,0,-8.8,18.380509614944458
232,232,c1ccc2c(c1)cccc2[C@@H](CNS(=O)(=O)c3ccccc3Cl)[NH+]4CCCC4,0,1,0,-7.9,23.81242060661316
233,233,Cc1cc(c(n1[C@H](C)c2ccc(s2)Cl)C)C(=O)CCl,0,1,0,-6.8,14.732901334762573
234,234,CC(C)C[C@H]1CSC(=[NH+]1)NCCc2ccc(cc2Cl)Cl,0,1,0,-8.1,29.000694274902344
235,235,c1cc(cc(c1)C(=O)N)c2nc(cs2)c3ccc(cc3)S(=O)(=O)N4CCCC4,0,1,0,-10.6,40.211629152297974
236,236,c1ccc2c(c1)cccc2c3nnc(o3)CCC[NH3+],0,1,0,-8.5,21.268306016921997
237,237,CCCn1cc(c(=O)c2c1nc(cc2)C)C(=O)Nc3ccccc3C(C)C,0,1,0,-8.7,33.06788945198059
238,238,CC[C@H]1CCCCN1[C@@H](CC)C(=[NH2+])N,0,1,0,-5.5,17.409366369247437
239,239,CCN(CC)c1cc(c2cc(ccc2[nH+]1)NC(=O)Cc3ccccc3Br)C,0,1,0,-8.7,30.11963200569153
240,240,COC(=O)[C@H](CC1=c2ccccc2=[NH+]C1)NC(=O)[C@H]3CC(=O)N(C3)Cc4ccc(cc4)Cl,0,1,0,-9.3,69.05809426307678
241,241,COc1ccc(cc1)N[C@H]2[C@@H]([NH+]=C3N2C=CC=C3)[C@@H]4C=c5cc(ccc5=[NH+]C4=O)OC,0,1,0,-9.6,40.05951476097107
242,242,c1cc2c3c(ccc(c3c1)NS(=O)(=O)c4cccs4)CC2,0,1,0,-9.4,19.105825424194336
243,243,CCCCSC1([C@@]2(C(=C([NH2+][C@H]([C@]2(C(=[NH+]1)N)C#N)c3ccccc3)C)C)C#N)SCCCC,0,1,0,-9.4,56.625723123550415
244,244,CCCSc1ccc2c(c1)n(c(n2)C[NH2+]Cc3ccc(cc3)Cl)CC=C,0,1,0,-8.6,27.32600688934326
245,245,CCCC(=O)N([C@H](c1ccc(cc1)Cl)C(=O)NCS(=O)(=O)c2ccc(cc2)C)C(C)(C)C,0,1,0,-8.0,34.57368302345276
246,246,CC[NH+](CC)CCN(c1nc2ccc(cc2s1)Br)C(=O)c3ccc(o3)Br,0,1,0,-7.0,21.39405083656311
247,247,Cc1ccc(cc1)Oc2c(c(nn2C)c3ccccc3)C[NH+](CCN(C)C)C[C@@H](CCC=C)O,0,1,0,-7.5,56.27297043800354
248,248,CC(C)(C)c1ccc(cc1)OCCOc2c(cc(cc2Br)/C=N/n3cnnc3)OC,0,1,0,-7.2,30.448132514953613
249,249,CCC[NH+](CC(=O)N1CCc2c1ccc(c2)S(=O)(=O)N)[C@H](C)c3ccc(c(c3)Cl)Cl,0,1,0,-9.3,27.02804660797119
250,250,Cc1c[n+]2c(s1)N[C@H]([C@@H]2/C=C/C(=O)O[C@@H](C)C(=O)C3=c4ccccc4=[NH+][C@@H]3C)C,0,1,0,-8.7,24.139994859695435
251,251,CCC[NH2+][C@@H](c1cccc2c1nccc2)c3c(ccs3)C,0,1,0,-7.5,14.654849529266357
252,252,CC[NH2+][C@@H](c1ccc2c(c1)CCO2)c3cc(sc3Br)Br,0,1,0,-7.3,13.484241485595703
253,253,CCC(C)(C)C(=O)c1cc2c(cc1Br)OCCO2,0,1,0,-6.7,10.688458919525146
254,254,C[C@H](c1ccc(cc1)S(=O)(=O)C)[NH+](C)C[C@@H](COc2ccc(cc2)CC#N)O,0,1,0,-8.8,37.277806997299194
255,255,CCCN(CC(=O)Nc1cc(ccc1Cl)Cl)C(=O)c2ccc(cc2)C3SCCS3,0,1,0,-8.6,25.18810749053955
256,256,CCOC(=O)[C@H]1C(=c2ccccc2=[NH+]1)NC(=O)c3cc(ccc3Cl)Br,0,1,0,-7.8,18.81351137161255
257,257,c1ccc2c(c1)nc(o2)C3CC[NH+](CC3)CC(=O)Nc4c(ccs4)C#N,0,1,0,-8.0,20.78205108642578
258,258,CC(=O)c1cccc(c1)NC(=O)[C@@H](c2ccccc2)Sc3nc4ccccc4n3C(F)F,0,1,0,-9.4,34.886834383010864
259,259,Cc1ccc(cc1)c2ccsc2C(=O)Nc3cccc(c3)S(=O)(=O)/N=C\4/CCCN4,0,1,0,-9.0,22.536841869354248
260,260,Cc1c2cc(sc2n(n1)c3ccccc3)C(=O)N4CCC(CC4)C[NH+](C)C(C)C,0,1,0,-8.2,19.636435985565186
261,261,CCCOc1c(cc(cc1C(=O)C[NH+]2C[C@H](C[C@@H](C2)C)C)C)C,0,1,0,-8.1,16.44185709953308
262,262,CCCN(CC(=O)Nc1ccon1)S(=O)(=O)c2ccc(cc2)Br,0,1,0,-7.9,19.28597378730774
263,263,C[NH+](Cc1ccc(c(c1)OC)OC)CC(=O)Nc2c(c3c(s2)CCCC3)C#N,0,1,0,-9.2,25.091100931167603
264,264,CC1=C2C=C(C=C[C@@H]2N=C1C)[C@@H]3N=NC(=S)N3c4ccccc4,0,1,0,-7.9,12.772749423980713
265,265,c1ccc2c(c1)cccc2NC(=O)C[NH+]3CCC(CC3)Cn4cnc5c4cccc5,0,1,0,-12.4,22.06771445274353
266,266,COc1ccc(cc1)S[C@@H]2C[C@H]([NH+](C2)Cc3ccc(cc3)Cl)C(=O)N[C@@H]4CCS(=O)(=O)C4,0,1,0,-9.3,29.296405792236328
267,267,c1ccc(cc1)C2=Cc3cccn3-c4ccccc4S2(=O)=O,0,1,0,-8.4,10.616063356399536
268,268,Cc1ccc(c(c1)CCNC(=O)[C@H]2CN(CC23CC[NH2+]CC3)C(=O)c4cc(ccc4F)Cl)C,0,1,0,-9.8,31.529075860977173
269,269,C[C@H](c1cnn(c1)C)NC(=O)C(Cl)(Cl)Cl,0,1,0,-6.1,11.260259866714478
270,270,C1CC[C@H]([C@@H](C1)C(=O)N2CCC[C@@H]2CO)[NH3+],0,1,0,-6.5,12.329963684082031
271,271,CCCCOc1ccc(cc1OC)[C@@H]2c3c(=O)c4cc(c(cc4oc3C(=O)N2CCC[NH+](C)C)C)C,0,1,0,-9.0,36.5879909992218
272,272,c1cc(sc1)c2csc3c2c(=O)n(c(n3)CN4CCOCC4)Cc5ccc(cc5)C#N,0,1,0,-8.7,25.332053899765015
273,273,CC[NH+](Cc1ccncc1)Cc2ccc3c(c2)CN(CCO3)C(=O)Cc4ccc(c(c4)F)F,0,1,0,-9.0,29.46078586578369
274,274,Cc1ccccc1N([C@@H](c2ccc(o2)C)C(=O)NCCOC)C(=O)Cn3c4ccccc4nn3,0,1,0,-7.9,38.55782127380371
275,275,Cc1c(sc(n1)c2cccc(c2)Cl)C(=O)NC[C@H](c3ccccc3)[NH+](C)C,0,1,0,-9.3,21.482914924621582
276,276,Cc1ccccc1C(=O)N(CC[NH+](C)C)[C@@H](C)c2[nH]c(=O)c3ccc(cc3n2)Cl,0,1,0,-8.7,24.182851791381836
277,277,Cc1c(c(n(c(=O)c1C#N)C)NCc2ccc(cc2)F)/C=C/3\C(=O)N(C(=S)S3)Cc4ccccc4,0,1,0,-11.0,35.39911365509033
278,278,CCOc1cc2c(cc1CNC(=O)CCC(=O)c3ccc(s3)C)O[C@H](C2)C,0,1,0,-10.0,34.93290424346924
279,279,Cc1ccc(cc1)SC2=c3ccc(cc3=[NH+][C@H]2C(=O)NCc4ccc(cc4)Cl)OC,0,1,0,-8.9,43.58392024040222
280,280,CN(CC(=O)Nc1ccc(c(c1)C(F)(F)F)Cl)C(=O)c2ccc(cc2)CS(=O)(=O)C,0,1,0,-9.3,60.321430683135986
281,281,c1ccc(cc1)NC2=CC(=O)C(=O)c3c2nccc3,0,1,0,-8.6,19.801679372787476
282,282,CC[NH+](CC)Cc1ccc(cc1)NC(=O)CN(c2ccccc2F)S(=O)(=O)N(C)C,0,1,0,-7.6,70.99699282646179
283,283,CC(C)(C#Cc1ccc(s1)[C@@H]2C[C@H]3CN(C(=O)[C@@]34[NH+]2CCC4)Cc5ccc(cc5)OC)O,0,1,0,-7.7,30.39838480949402
284,284,c1cc(ccc1/C=N/c2ccc(cc2)N3CC[NH2+]CC3)OC(=O)c4ccc(cc4)Br,0,1,0,-9.9,22.386188983917236
285,285,C[C@H]1CC(=C[C@H]([C@@H]1[C@@H]2OC[C@H](O2)C[NH+]3CCCC3)C)C,0,1,0,-7.5,11.362293481826782
286,286,C[NH+](C)CCCN(c1nc2c(ccc(c2s1)Cl)OC)C(=O)c3ccc(cc3Cl)F,0,1,0,-7.5,25.763800382614136
287,287,COC(=O)[C@H]1CCCC[NH+]1Cc2ccc3c(c2)CN(CCO3)Cc4nccs4,0,1,0,-9.1,20.601919412612915
288,288,Cc1cc(c2ccc(cc2n1)F)C(=O)NCc3ccccc3C[NH+](C)C(C)C,0,1,0,-8.2,23.54418158531189
289,289,Cc1ccc(cc1)S(=O)(=O)CNC(=O)[C@@H](c2ccc(cc2C)C)N(C(=O)C=C(C)C)C(C)(C)C,0,1,0,-8.3,37.92088842391968
290,290,Cc1cc(c2cccc(c2n1)c3ccccc3)C(=O)NCCC4=c5cc(ccc5=[NH+]C4)OC,0,1,0,-10.8,27.290281295776367
291,291,CCCC[C@H](CC)C[NH2+]Cc1ccc(c(c1)[N+](=O)[O-])Br,0,1,0,-6.6,19.80626940727234
292,292,Cc1ccc(s1)CN(Cc2ccccc2)C(=O)CN(CC(C)C)C(=O)Nc3c(cccc3Cl)Cl,0,1,0,-8.3,46.256566286087036
293,293,Cc1ccc2=[NH+][C@@H](C(=c2c1)C)C[NH+]3CCC(CC3)(C[C@H]4CCCCO4)CO,0,1,0,-9.9,19.733155488967896
294,294,COCc1nnc(n1c2cccc3c2cccc3)SCc4cccc(c4)Br,0,1,0,-7.6,21.834097862243652
295,295,C[NH+](CCCBr)C1CCCCCC1,0,1,0,-6.2,11.235918760299683
296,296,CCc1ccc(cc1)C(=O)N(CC[NH+](C)C)[C@@H](C)c2nc3ccccc3c(=O)n2c4ccccc4,0,1,0,-10.6,34.44224667549133
297,297,C[C@H](C(=O)Nc1ccc(cc1Cl)F)[NH+]2CCN(CC2)S(=O)(=O)c3cccs3,0,1,0,-8.4,20.294060230255127
298,298,Cc1cc(c(n1CCOC)C)/C=C(\C#N)/C(=O)N[C@H](C)c2ccc(c(c2)F)OC,0,1,0,-8.7,32.81105828285217
299,299,CC[C@H](C)c1ccc(c(c1)Br)OCC(=O)N[C@@H](Cc2ccccc2)C(=O)OCC,0,1,0,-7.5,31.10468316078186
300,300,Cc1cc2cc(c(=O)[nH]c2cc1C)[C@H](c3nnnn3C4CCCC4)[NH+](CCc5ccccc5)Cc6ccccc6,0,1,0,-9.4,70.87121868133545
301,301,CCOC(=O)[C@@H]1C(=c2cc(ccc2=[NH+]1)OC)NC(=O)CC[NH+]3CCCC(C3)(C)C,0,1,0,-8.4,26.04291558265686
302,302,CCCN(C[C@H]1C=c2ccc(cc2=[NH+]C1=O)C)C(=O)C(C)C,0,1,0,-7.4,15.274946451187134
303,303,C=Cc1ccc(cc1)COc2ccc(c(c2)O)[C@H]3C(=CN=[NH+]3)c4ccccc4,0,1,0,-9.7,24.1520094871521
304,304,c1ccc(cc1)n2c(nnc2SCC(=O)N[C@@H]3CCCc4c3cccc4)C[NH+]5CCCC5,0,1,0,-11.3,28.731919288635254
305,305,C=CCN(Cc1cccs1)C(=O)C[NH+]2CCC(CC2)C(=O)N3CCCCC3,0,1,0,-8.8,23.204506874084473
306,306,CCc1ccc(cc1)c2nc(cs2)C[NH+](C)CC(=O)Nc3c(cc(cc3C)C)C,0,1,0,-9.4,26.332406282424927
307,307,Cc1c(c(no1)c2ccc(s2)Br)C(=O)NCCC[NH+]3CCCC[C@H]3C,0,1,0,-8.5,19.730597257614136
308,308,Cc1c(c(n(n1)c2ccccc2)C)CN(C)C(=O)NC[C@@H](c3ccco3)[NH+](C)C,0,1,0,-8.3,24.76781439781189
309,309,CCN(Cc1ccc2c(c1)OCO2)C(=O)CSc3nnc(n3C4CC4)C5=c6ccccc6=[NH+]C5,0,1,0,-10.5,30.284793376922607
310,310,c1cc2c(cc1c3csc(n3)NC(=O)COc4ccc(cc4F)F)COC2,0,1,0,-9.9,20.49153423309326
311,311,CC[NH2+][C@@H](C)c1ccc(c(c1)F)Oc2ccccc2I,0,1,0,-7.6,15.041877746582031
312,312,c1ccc(cc1)N2[C@@H](Nc3c(c4c(s3)CCC4)C2=O)SCC(=O)c5ccc(cc5)Br,0,1,0,-9.0,24.654755115509033
313,313,C[NH+](C)[C@H](CNS(=O)(=O)c1ccccc1Br)c2cccc3c2cccc3,0,1,0,-7.0,20.658762454986572
314,314,Cc1ccccc1SCCC[C@@](C)(C(=O)OC)[NH2+]C(C)C,0,1,0,-9.1,21.434558868408203
315,315,CC[C@H]1CCC(=O)[C@@H](C1)C[NH+](CC)C2CCCC2,0,1,0,-7.1,12.350337982177734
316,316,C[C@@H](C(=O)Nc1ccccc1c2ccccc2)[NH+](C)CC(=O)Nc3cccc4c3cccc4,0,1,0,-11.9,32.801734924316406
317,317,C[NH+](C)C[C@@H]1CCCCN1C(=O)c2ccc(nc2)OCC(F)(F)F,0,1,0,-8.3,17.547762155532837
318,318,CC1CC[NH+](CC1)[C@@H](CNc2c(nc3ccccc3n2)[C@@H](C#N)C(=O)OC)c4cccs4,0,1,0,-10.0,39.1660418510437
319,319,CCCC[C@H](CC)CN1C(=O)/C(=C\c2c(c(c(=O)n(c2N3CCCCC3)CCC)C#N)C)/SC1=S,0,1,0,-7.2,50.60928702354431
320,320,C#CCOC[C@@H](C[NH+](Cc1ccccc1)C[C@@H]2CC(=NO2)c3ccc(cc3)Cl)O,0,1,0,-8.2,38.78945779800415
321,321,CC[NH2+][C@@H](c1ccc(cn1)Br)c2cc(cc(c2OC)Br)Cl,0,1,0,-7.0,14.910248041152954
322,322,Cc1c(nc(o1)c2ccc(cc2)C(C)C)CC(=O)NCC(C)(C)[NH+]3CCCC3,0,1,0,-9.7,21.923579454421997
323,323,CCCC[C@@H](CC)C[NH2+][C@@H]1CCOc2c1cc(cc2Cl)Cl,0,1,0,-7.3,16.676379442214966
324,324,CCC[C@H](c1ccccc1)NC(=O)Cn2cnc3c(c2=O)cnn3c4cc(cc(c4)C)C,0,1,0,-10.5,28.278336763381958
325,325,Cc1cccc(c1OCc2nc(cs2)CC[NH3+])C,0,1,0,-7.0,14.780976295471191
326,326,c1ccc(cc1)C[NH+]2C[C@@H]3C[C@H]([C@H]2[C@H]3Br)C#N,0,1,0,-7.2,10.30012559890747
327,327,CC(C)CC1=C[C@@H](N=N1)CN2CCC[C@@H](C2)[NH+]3CCc4ccccc4C3,0,1,0,-9.7,17.917943000793457
328,328,CCc1ccc(s1)[C@H](c2cc(ccc2Cl)Br)[NH2+]CC,0,1,0,-6.2,13.895977973937988
329,329,CC1CCC2(CC1)CSC(=[NH+]2)N[C@@H](C)Cn3cccn3,0,1,0,-7.4,12.234403848648071
330,330,C[C@@H](c1nnc(n1c2ccc(cc2)F)SCC(=O)Nc3ccc(cc3)C(F)(F)F)[NH+](C)C,0,1,0,-9.7,32.97636890411377
331,331,CC[C@@](C)(C[NH+](C)[C@@H](C)c1ccc(cc1)Cl)C=O,0,1,0,-6.9,13.085542440414429
332,332,Cc1ccc2=[NH+][C@@H]([NH+]=c2c1)SCC(=O)N(C)[C@@H](C)[C@@H]3Nc4ccccc4S3,0,1,0,-9.5,21.299981832504272
333,333,CCCCC[C@@](c1ccc(cc1)Cl)([C@@H](C[NH+](C)Cc2ccccc2)c3ccccc3)O,0,1,0,-7.1,40.16468262672424
334,334,C[C@@H](CCc1ccccc1)[NH2+]Cc2cc(c(c(c2)Cl)OCc3ccc(cc3)F)OC,0,1,0,-9.5,32.66987204551697
335,335,C[C@H]1C[C@H](CC(C1)(C)C)OC(=O)C[C@@H]2CCC[NH2+]C2,0,1,0,-7.5,12.755975246429443
336,336,Cc1c(sc(n1)c2ccc(cc2)C(F)(F)F)C(=O)N3CC[NH+](CC3)Cc4ccco4,0,1,0,-10.0,22.529929161071777
337,337,Cc1c(nc(o1)c2ccc3ccccc3c2)C[NH+]4CCC(CC4)[C@H](c5cccs5)O,0,1,0,-10.8,22.63398289680481
338,338,Cc1c(c(n(n1)Cc2ccccc2)C)CNC(=O)C[NH+](C)Cc3c(cccc3Cl)F,0,1,0,-9.4,30.976749420166016
339,339,CCCOc1ccc(cc1)[C@@H]2c3c(=O)c4cc(ccc4oc3C(=O)N2CC[NH+](CC)CC)CC,0,1,0,-8.2,31.475355863571167
340,340,C[C@H](C(=O)Nc1c(c2c(s1)CCC2)C#N)N3CC[NH+](CC3)CCC(C)(C)C,0,1,0,-8.7,23.46395993232727
341,341,Cc1cc(c(c(c1)C)[C@@H](c2ccccc2I)[NH2+]C)C,0,1,0,-6.4,11.390710830688477
342,342,CCn1c(=O)c2c(csc2nc1SCCn3cccn3)c4cccs4,0,1,0,-8.6,17.77258610725403
343,343,Cc1cc[nH+]c(c1)N[C@H](c2ccc(cc2)C(F)(F)F)c3c(c(sc3NC(=O)c4ccco4)C)C,0,1,0,-9.4,33.800766706466675
344,344,C[C@@H](c1nnc(n1Cc2ccccc2)SCc3[nH]c(=O)c4ccc(cc4n3)Cl)[NH+](C)C,0,1,0,-9.9,33.914857387542725
345,345,C=CCSC1=N[C@H]2C(=c3cc(ccc3=[NH+]2)Br)N=N1,0,1,0,-7.5,11.900632381439209
346,346,CCOc1cc(cc(c1OCc2ccccc2Cl)Br)C[NH2+]C[C@H](C)O,0,1,0,-8.1,26.716883897781372
347,347,C[C@]1(CC1(Cl)Cl)C(=O)NO[C@@H]2CCCCO2,0,1,0,-7.9,11.398608922958374
348,348,CC(C)c1ccc(cc1)N2[C@@H]3CS(=O)(=O)C[C@H]3[NH+](CC2=O)CCc4ccccc4F,0,1,0,-10.1,20.3940646648407
349,349,Cc1ccc(cc1)[C@@H]2c3cc(ccc3CCN2C(=O)C4CCCC4)O[C@H](C)C(=O)N5CCCC5,0,1,0,-9.7,22.260873079299927
350,350,Cc1c(c(on1)C)C[NH+](C)Cc2coc(n2)c3ccc(c(c3)F)F,0,1,0,-9.0,17.060682773590088
351,351,COc1ccc(cc1)C2=NN([C@H](C2)c3ccco3)C(=O)COC(=O)c4cc(c(cc4Cl)F)F,0,1,0,-9.6,27.137762784957886
352,352,Cc1ccc(c(c1)C)c2csc(n2)SCc3ccc(o3)C(=O)NCc4ccc(cc4)F,0,1,0,-10.4,27.40439248085022
353,353,CC[NH+](CC)CCN(c1nc2c(cccc2s1)C)C(=O)c3cccc(c3)S(=O)(=O)CC,0,1,0,-8.0,31.645850658416748
354,354,c1ccc(cc1)Cc2cc3c(cc2Br)[C@H]4CO[P@](=O)(NN4CC3)Cc5ccccc5,0,1,0,-9.6,18.16383695602417
355,355,Cc1c(cco1)c2nnc(n2c3ccccc3)SCC(=O)NCc4cccs4,0,1,0,-9.0,25.684677600860596
356,356,CN(C)c1c(ccc[nH+]1)CNC(=O)N(C)Cc2ccc(c(c2)OC(F)F)OC,0,1,0,-8.5,28.046748161315918
357,357,CCc1ccc(cc1)Nc2nnc(s2)SC[C@@H]3C[NH+](CCO3)Cc4ccccc4,0,1,0,-9.6,28.662612438201904
358,358,COc1cc(cc(c1O)Br)/C=N/N2[C@H](N=[NH+]C2=S)c3ccccc3Br,0,1,0,-7.5,20.35293173789978
359,359,Cc1cc(c2c(c1)nc(s2)N(CC[NH+](C)C)C(=O)Cc3cccs3)C,0,1,0,-7.6,18.188594579696655
360,360,Cc1c(sc(n1)c2cc(c(c(c2)OC)OC)OC)C(=O)NCCC3=c4cc(ccc4=[NH+]C3)Cl,0,1,0,-9.4,34.965431928634644
361,361,C[C@@H](c1nnc(n1c2ccc(cc2)F)S[C@H](c3ccccc3)C(=O)Nc4ccc(cc4)F)[NH+](C)C,0,1,0,-8.3,38.82642602920532
362,362,c1cc(sc1)c2nnc(o2)SCC(=O)N3CCN(CC3)S(=O)(=O)c4ccc5c(c4)CCC5,0,1,0,-10.6,25.590195417404175
363,363,c1cc(ccc1c2nnc(o2)[C@H]3CCC[NH2+]3)Br,0,1,0,-7.8,10.790553092956543
364,364,CCC[NH+](Cc1c(nn(c1Oc2ccc(cc2)OC)c3cccc(c3)Cl)C)C[C@H](COCC)O,0,1,0,-8.0,51.02172231674194
365,365,c1ccc2=[NH+]CC(=c2c1)CCNC(=O)c3cc(ccc3Cl)S(=O)(=O)N4CCCCC4,0,1,0,-9.8,26.030203580856323
366,366,c1cc([nH+]cc1CNC(=O)N2CCCCC[C@H]2c3ccncc3)N4CCCC4,0,1,0,-9.7,17.836792469024658
367,367,Cc1csc(n1)/C(=C/c2cc3ccccc3nc2Cl)/C#N,0,1,0,-8.7,13.36126184463501
368,368,CCOc1ccccc1CN2C[C@@H](CC2=O)c3nc(on3)c4cc5c(s4)CCCC5,0,1,0,-9.6,26.016846179962158
369,369,CCN(c1cccc2c1cccc2)c3c(c(nc[nH+]3)N(CC(C)C)CC(C)C)N,0,1,0,-9.0,27.539824724197388
370,370,COc1c(cc(cc1Br)Br)C[NH2+]Cc2ccc3c(c2)OCO3,0,1,0,-8.2,14.774594068527222
371,371,C[C@H](CCc1ccco1)[NH2+]C[C@@H]2[C@H]3C[C@H]4[C@@](CCC[C@@]45CO5)(C[C@H]3OC2=O)C,0,1,0,-9.6,19.5238995552063
372,372,CC[C@@H]1C(=O)N2[C@H](C(=C(N=C2S1)C)C(=O)OCCOC)c3ccc(cc3)I,0,1,0,-7.1,21.37916898727417
373,373,CCOc1ccccc1C[NH+]2CCCC[C@@H]2c3cccnc3,0,1,0,-7.1,15.795573234558105
374,374,c1ccc(cc1)CN(CC(=O)Nc2ccccc2Sc3ccccc3)S(=O)(=O)c4ccccc4,0,1,0,-8.9,43.033562898635864
375,375,Cc1ccc(o1)CN(Cc2ccccc2)C(=O)CN(CC=C)S(=O)(=O)c3cccc4c3nccc4,0,1,0,-9.1,40.76721262931824
376,376,C[NH+](C)[C@@H](CNC(=O)CSc1ccc(cc1)Br)c2cccs2,0,1,0,-7.4,19.26479434967041
377,377,c1cc(ccc1OCc2ccc(s2)Cl)Br,0,1,0,-6.7,10.906084537506104
378,378,CC[C@@H](C)[C@H]1C(=O)N(C2([NH2+]1)CCN(CC2)C(=O)c3ccccc3Cl)[C@@H](C)CCc4ccccc4,0,1,0,-9.8,30.70871877670288
379,379,CC[NH2+][C@@H](C)c1ccc(c(c1)F)Oc2cccc(c2)I,0,1,0,-8.0,14.265327453613281
380,380,CC(C)(CN[C@H](c1cccs1)c2ccc(s2)Cl)C[NH+](C)C,0,1,0,-6.7,17.086926698684692
381,381,c1ccc2c(c1)c3c([nH]2)[C@H]([NH+](CC3)Cc4cccn4c5ccc(cn5)Cl)c6ccccn6,0,1,0,-8.9,24.335333585739136
382,382,CCc1nc(no1)[C@@H](c2cc(c(c(c2)F)F)F)[NH3+],0,1,0,-7.2,12.693620920181274
383,383,c1ccc2c(c1)c(cc(n2)c3ccc(cc3)F)C(=O)NC[C@@H](c4cccs4)[NH+]5CCOCC5,0,1,0,-8.5,28.67112970352173
384,384,c1ccc(cc1)n2c(nnc2SCc3nc(on3)c4ccsc4)C[NH+]5CCCCC5,0,1,0,-9.0,28.01699137687683
385,385,CCn1cc(c(n1)C)S(=O)(=O)NCCC2=c3cc(ccc3=[NH+]C2)Cl,0,1,0,-8.5,19.093138933181763
386,386,C[NH+](Cc1cccc(c1)OC2CCN(CC2)C(=O)c3ccc4c(c3)c5c([nH]4)CCCC5)Cc6ccsc6,0,1,0,-10.0,35.50553584098816
387,387,c1ccc2c(c1)cc(o2)C3=NN=C(SC3)Nc4ccc(cc4)F,0,1,0,-10.1,13.698540925979614
388,388,Cc1cc(c2c(c1)sc(n2)N(Cc3ccccn3)C(=O)Cc4ccc(cc4)S(=O)(=O)C(C)C)C,0,1,0,-10.1,30.818294525146484
389,389,CCC(CC)C(=O)/N=C(/NCCC1=c2ccccc2=[NH+]C1)\Nc3ccccc3,0,1,0,-9.2,22.429069995880127
390,390,Cc1ccc(cc1)n2c(nnc2SCc3cccc(c3)C)CNC(=O)C(c4ccccc4)c5ccccc5,0,1,0,-10.2,48.41256356239319
391,391,c1ccc(c(c1)C(F)(F)F)NC(=O)CSC2=N[C@H]3C(=c4cc(ccc4=[NH+]3)Cl)N=N2,0,1,0,-12.2,22.883779525756836
392,392,c1ccc(cc1)C2=NN=C[C@H]2CN(C[C@@H]3CCCO3)CC4CC[NH+](CC4)C5CCCC5,0,1,0,-8.9,29.689229488372803
393,393,c1ccc(c(c1)C(F)(F)F)NC(=O)CSc2c3c(n(c(=O)n2)Cc4cccs4)CCCC3,0,1,0,-10.7,31.688053607940674
394,394,C[C@@H]1CCCC[NH+]1[C@@H](C)CNS(=O)(=O)c2ccccc2F,0,1,0,-8.1,15.808090925216675
395,395,CC[NH+](CC)Cc1cc(ccc1OCC(=O)Nc2cccc(c2C)F)c3ccc4c(c3)OCO4,0,1,0,-9.5,34.49817776679993
396,396,Cc1nnc(s1)S[C@@H]2C(=c3ccc(cc3=[NH+]C2=O)Cl)c4ccccc4,0,1,0,-9.3,15.765791654586792
397,397,Cc1csc(n1)SCc2ccccc2C(=O)N(C)Cc3[nH+]ccn3C,0,1,0,-7.1,19.467692852020264
398,398,CC1(CCN(CC1)C(=O)c2c(cncc2Cl)Cl)[NH+]3CCC(CC3)N(c4ccccc4)c5cccnc5,0,1,0,-9.5,26.815449953079224
399,399,CC[C@H](c1nnc(n1Cc2ccccc2)S[C@@H](C)C(=O)Nc3ccc(cc3)Cl)[NH+](C)C,0,1,0,-8.4,34.99148917198181
400,400,c1ccc(cc1)[C@@H](C(=O)N)Sc2nnc(n2c3ccccc3F)c4ccccc4Cl,0,1,0,-9.0,24.459445476531982
401,401,CCC[C@@H]1CC[C@H]([C@@H](C1)[NH+]2CCCC2)C#N,0,1,0,-6.9,10.304134845733643
402,402,CC[NH+]1CCN(CC1)CC(=O)NCc2ccc3=[NH+][C@H](C(=c3c2)C)c4ccc(cc4)F,0,1,0,-10.2,23.001401901245117
403,403,CCCCCC[C@H](C)Oc1ccc2c(c1)c(ccn2)C(=O)CC[C@@H]3CC[NH2+]C[C@@H]3CC,0,1,0,-7.9,40.458526611328125
404,404,c1c(c[nH+]c(c1Cl)NCCN2C(=O)[C@H](C(=O)NC2=O)/C=N/Nc3c(cc(cn3)C(F)(F)F)Cl)C(F)(F)F,0,1,0,-10.1,44.1021683216095
405,405,Cc1ccccc1CC(=O)N(Cc2ccc(o2)C)[C@H](c3c(cccc3Cl)Cl)C(=O)NC4CCCCC4,0,1,0,-8.6,41.45882487297058
406,406,Cc1ccc(cc1F)NC(=O)c2coc(n2)C[NH+]3CCN(CC3)Cc4ccc(c(c4)Cl)F,0,1,0,-10.3,29.56451988220215
407,407,CC[NH+](CC)CCN(c1nc2ccc(cc2s1)Cl)C(=O)CS(=O)(=O)c3ccc(cc3)Cl,0,1,0,-8.1,34.61164450645447
408,408,Cc1ccc(cc1)Cn2c(=O)c3ccccc3nc2SCC(=O)Nc4ccc(cc4)OC(F)F,0,1,0,-8.9,38.31105279922485
409,409,C[C@@]1([C@@H](Oc2ccc(cc2C1=O)Br)c3ccccc3)[NH+]4CCCCC4,0,1,0,-7.8,15.028274774551392
410,410,CC(C)CNC(=O)NCC(C)(C)[NH+]1CCCCC1,0,1,0,-7.1,12.857626914978027
411,411,CC(C)[C@H](c1cccs1)[NH2+]Cc2ccc(c(c2)[N+](=O)[O-])Br,0,1,0,-7.5,17.237565279006958
412,412,c1ccc(c(c1)CN2CC=N[C@H]2C(=O)NCCC3=c4ccccc4=[NH+]C3)Cl,0,1,0,-9.6,25.968050479888916
413,413,Cc1ncc(s1)C[C@@H](Cc2ccccc2Br)C[NH2+]C(C)C,0,1,0,-7.7,17.395874977111816
414,414,CCc1c(sc(c1C(=O)OCC)NC(=O)c2ccc(c(c2)S(=O)(=O)N(C)C)F)C,0,1,0,-8.3,26.102980613708496
415,415,CC[NH+](Cc1ccc(cc1)Br)CC(=O)Nc2c(cccc2F)F,0,1,0,-9.1,20.069416761398315
416,416,Cc1nc(cs1)C(=O)NC[C@@H]2CCC3(O2)CC[NH+](CC3)C[C@H](C)CCC=C(C)C,0,1,0,-8.9,27.957552909851074
417,417,Cc1ccc(o1)CN([C@@H]([C@@H](C)c2ccccc2)C(=O)NC(C)(C)CC(C)(C)C)C(=O)c3ccc(cc3)F,0,1,0,-9.4,48.26591897010803
418,418,CCC[C@H](C[NH+](CCOC)Cc1c(nn(c1Oc2ccccc2Cl)c3ccccc3)C)O,0,1,0,-8.3,43.10026454925537
419,419,COc1cc(ccc1OCC#N)/C=C(\C#N)/S(=O)(=O)c2cc(ccc2Cl)Cl,0,1,0,-9.4,28.366275787353516
420,420,C[C@@H]1C[C@H]1[C@@H](c2ccc3c(c2)oc(=O)n3C)Br,0,1,0,-8.0,10.205838203430176
421,421,C[NH+](CC(=O)Nc1ccccc1N2CCCC2=O)C(c3ccccc3)c4ccccc4,0,1,0,-10.0,30.12532377243042
422,422,Cc1cc(c(s1)NC(=O)c2ccco2)[C@@H](c3cccs3)Nc4cccc[nH+]4,0,1,0,-8.1,22.3875892162323
423,423,c1ccc(cc1)[C@H]2C(=c3ccccc3=[NH+]2)SCCNC(=O)c4c(cccc4Cl)F,0,1,0,-9.9,24.276949405670166
424,424,CC(C)(C)c1ccc(cc1)CCC(=O)NCc2ccc(cc2)OCC[NH+](C)C,0,1,0,-9.4,30.853491067886353
425,425,CCC[C@@]12CCN3C[C@@]([C@@H]1O)(C[NH+](C2)[C@@H]3c4ccc(cc4)C(C)C)CCC,0,1,0,-7.6,20.798079252243042
426,426,Cc1ccc(cc1)C(=O)c2c3c(sc2NC(=O)C[NH+]4CCCC[C@@H]4C)CCCC3,0,1,0,-8.6,21.034950017929077
427,427,CC[C@H](C)NC(=O)c1coc(n1)C[NH+](CCN2CCOCC2)Cc3ccc(c(c3)Cl)Cl,0,1,0,-7.9,36.58197498321533
428,428,CC(C)Cc1ccc2c(c1)nc(o2)C3CC[NH2+]CC3,0,1,0,-7.8,11.175699472427368
429,429,c1cc(sc1)[C@@H](c2ccc(cc2)F)NC(=O)C[NH+]3CCC[C@@H]3c4ccc5c(c4)OCCO5,0,1,0,-10.5,31.930399179458618
430,430,CC(C)c1ccc(cc1)NC(=O)[C@@H](C2CCCC2)[NH+]3CCN(CC3)C(=O)c4ccccc4F,0,1,0,-8.8,31.505463361740112
431,431,CCOC(=O)[C@H]1C(=c2ccccc2=[NH+]1)NC(=O)C34C[C@H]5C[C@@H](C3)CC(C5)(C4)Cl,0,1,0,-8.2,21.23514199256897
432,432,CCc1nc2n(n1)c3c(s2)[C@@H](NCC3)c4cccs4,0,1,0,-7.2,10.890604257583618
433,433,Cc1ccc(cc1)S(=O)(=O)NC[C@@H](c2ccccc2)C3=c4ccccc4=[NH+]C3,0,1,0,-8.4,21.429614067077637
434,434,CC(C)(C[NH+](C)Cc1cc(sc1)Br)[C@H](c2ccccc2)O,0,1,0,-7.1,18.116530895233154
435,435,Cc1ccc2=[NH+][C@H](C(=c2c1)CCNC(=O)[C@@H]3Cc4cc(ccc4OC3=O)Br)C,0,1,0,-10.9,19.33111596107483
436,436,c1cc2cccnc2c(c1)OCc3ccc(s3)C#CC[NH3+],0,1,0,-8.2,15.857093095779419
437,437,C[C@@]1(C(=O)N(C(=O)N1)Cc2ccc(s2)Cl)c3ccccc3,0,1,0,-8.1,12.988407373428345
438,438,CCc1c(c(n(n1)c2ccc(cc2)OC)Oc3ccc(cc3F)F)CN(C(C)C)C(=O)COC,0,1,0,-7.6,38.09471035003662
439,439,Cc1c(sc(n1)C)[C@H](C)[NH2+]Cc2cccc3c2OCO3,0,1,0,-8.3,14.610786437988281
440,440,CC(C)(C)c1cc(cc(c1)C(C)(C)C)C(=O)N(C)CC[NH+](C)C(C)(C)C,0,1,0,-8.8,20.616653203964233
441,441,CC(C)(C(=O)N[C@H]1CCS(=O)(=O)C1)Br,0,1,0,-6.0,10.123750925064087
442,442,c1cc(ccc1CNC(=O)COc2c3c(csc3ncn2)c4ccc(cc4)F)F,0,1,0,-9.4,27.93671154975891
443,443,CC[NH+](CC)CCN(c1nc2c(ccc(c2s1)C)OC)C(=O)c3ccc(cc3)Br,0,1,0,-7.2,26.985885858535767
444,444,CCN1C(=O)/C(=C/c2cn(c3c2cc(cc3)Br)Cc4ccc(cc4)Cl)/[NH+]=C1[S-],0,1,0,-8.5,19.950397729873657
445,445,Cc1ccccc1[C@@H]2[C@H]3C(=c4ccccc4=[NH+]3)CCN2Cc5nccs5,0,1,0,-9.2,15.091197967529297
446,446,C[NH2+]Cc1c(c2ccccc2o1)COc3cccc(c3)I,0,1,0,-8.1,15.803199291229248
447,447,CCC[C@H](C[NH+](Cc1c(nn(c1Oc2cccc(c2)F)c3ccccc3)C)CC(C)C)O,0,1,0,-9.9,46.15289926528931
448,448,Cc1ccc(c(c1)C)[C@H](C(C)C)NC(=O)[C@H]2CCC[NH+](C2)Cc3nc(no3)c4ccc(cc4)Br,0,1,0,-10.1,34.29947876930237
449,449,C[C@@H](c1cccs1)[NH2+]Cc2cc3ccc(cc3n(c2=O)CC(=C)Cl)SC,0,1,0,-7.9,20.35843276977539
450,450,C[C@H](c1nnc(n1c2ccc(cc2)Cl)S[C@@H](C)C(=O)Nc3ccc(cc3Cl)F)[NH+](C)C,0,1,0,-8.8,31.10323166847229
451,451,CCOc1cc(cc(c1OC/C=C/Cl)Br)C[NH2+]C(C)C,0,1,0,-6.4,17.76221776008606
452,452,Cn1cc[nH+]c1[C@H](c2cc(cc(c2)OC)OC)NS(=O)(=O)c3ccc(c(c3)Cl)F,0,1,0,-8.3,25.749890327453613
453,453,CCN1C(=O)[C@@H](SC1=S)/C=N/[C@@H]2CCC[C@H]([C@@H]2C)C,0,1,0,-6.6,12.622950553894043
454,454,c1cc(cnc1)CO[C@@H]2C[NH+](CC(=O)N(C2)CC3CCOCC3)Cc4c[nH]nc4c5ccc(cc5)F,0,1,0,-11.4,49.21302795410156
455,455,C[C@H]1CCC[NH+](C1)Cc2c(ccc3c2O/C(=C\c4ccc(cc4)C(=O)OC)/C3=O)O,0,1,0,-8.2,22.58136820793152
456,456,CC1=c2cc(ccc2=[NH+][C@@H]1C(=O)N3CCC4(CC3)C[C@@H]4C(=O)NCc5cccs5)Cl,0,1,0,-9.9,22.694706678390503
457,457,Cc1ccc(cc1)NC(=O)CSc2ncc(n2c3cccc(c3)Cl)c4ccc(cc4)Br,0,1,0,-8.6,26.66241455078125
458,458,c1csc(n1)N2CCC[C@@H](C2)[C@@H]3CCC[NH2+]3,0,1,0,-6.9,10.326664209365845
459,459,Cc1ccc(o1)CN(C=O)[C@@H](c2cc3ccccc3c4c2cccc4)C(=O)NC(C)(C)C,0,1,0,-7.4,29.79832935333252
460,460,Cc1cc(c(n1C(C)C)C)C(=O)NCC(C)(C)[NH+]2C[C@@H](C[C@@H](C2)C)C,0,1,0,-7.6,18.091628074645996
461,461,CCC[NH+](CCC)CCCC(=O)N1CCC(CC1)NC(=O)CC2CCCCC2,0,1,0,-9.6,32.014713287353516
462,462,c1cc(ccc1OCC(=O)N(Cc2ccc(cc2Cl)Cl)[C@@H]3CCS(=O)(=O)C3)Br,0,1,0,-7.5,25.627960920333862
463,463,C[C@H](C(=O)Nc1ccc(cc1)S(=O)(=O)N2CCCC2)OC(=O)C3=C(N=NC3)c4ccccc4,0,1,0,-10.4,35.855727672576904
464,464,C[NH+](CC(=O)Nc1ccc(cc1C(F)(F)F)Cl)[C@@H]2CCc3c2cccc3,0,1,0,-7.9,19.184290170669556
465,465,CCOc1cccc(c1OCc2ccccc2F)C[NH2+]CCc3ccc(cc3)Cl,0,1,0,-8.6,34.17005968093872
466,466,Cc1ccc(cc1)[C@@H]2CC3=C([C@H](n4c5ccccc5[nH+]c4N3)c6cccs6)C(=O)C2,0,1,0,-8.4,17.225830078125
467,467,C[NH+](Cc1cccc(c1Cl)Cl)CC(=O)Nc2ccc(cc2)S(=O)(=O)N3CCCC3,0,1,0,-10.3,27.512553453445435
468,468,Cc1cccc(c1C)OCc2nc3c4c5c(sc4ncn3n2)C([NH2+]C(C5)(C)C)(C)C,0,1,0,-9.6,17.157705783843994
469,469,CCc1ccc2c(c1)sc(n2)N(C[C@H]3CCCO3)C(=O)C(c4ccccc4)c5ccccc5,0,1,0,-9.4,28.64496374130249
470,470,Cc1ccc(cc1C)c2c(sc3c2c(=O)[nH]c(n3)[C@H](C)Cl)C,0,1,0,-8.8,12.090903282165527
471,471,C1CCCN(CCC1)C(=O)C[NH+]2CCC(CC2)CO,0,1,0,-7.5,13.240062952041626
472,472,CC(C)(C)c1cc2cc(c(=O)oc2c(c1)C(C)(C)C)[C@H]3[NH+]=c4ccc(cc4=[NH+]3)C(=O)[O-],0,1,0,-10.2,18.539660453796387
473,473,Cc1cc(c(cc1Nc2c(c(nc[nH+]2)N(C)c3ccccc3)N)Cl)[C@@H](C#N)c4ccc(cc4)Cl,0,1,0,-9.8,38.982637882232666
474,474,Cc1c(c(n2c(n1)nc(n2)C(F)(F)F)C)CCC(=O)NC[C@@H](C)C[NH+]3CCCC3,0,1,0,-10.3,27.67743468284607
475,475,C[C@@H](C(=O)NCc1ccccc1Cl)[NH+](C)CC(=O)Nc2ccccc2Br,0,1,0,-8.9,24.174689769744873
476,476,Cc1cc(n(n1)Cc2cccc(c2)C(=O)N(C)[C@H]3CCC[NH+](C3)C4Cc5ccccc5C4)C,0,1,0,-12.0,25.990736484527588
477,477,Cc1ccc2c(c1)c(c([nH]2)c3ccc4ccccc4n3)CCCC(=O)NC5CC([NH2+]C(C5)(C)C)(C)C,0,1,0,-11.7,35.005521297454834
478,478,c1ccc(cc1)CC(=O)NCCSc2nc(c(n2c3ccccc3)c4ccccc4)c5ccccc5,0,1,0,-9.2,40.33736300468445
479,479,COC(=O)c1ccc2c(c1)[C@@H]3C=CC[C@@H]3[C@@H](N2)c4cccs4,0,1,0,-7.8,12.797207593917847
480,480,CCC(CC)[C@@H](CNC(=O)C(=O)Nc1ccc(cc1)C(=O)NC)[NH+]2CCCC2,0,1,0,-7.5,32.717779874801636
481,481,C[C@@H](CCC(=O)OC)[C@H]1CC[C@@H]2[C@@]1(CC=C3[C@@H]2CC[C@@H]4[C@@]3(CC[C@H](C4)OC(=O)C)C)C,0,1,0,-9.5,20.549814224243164
482,482,Cc1ccc(cc1F)c2cc3c(c(c2)F)O[C@@H](C3)CNC(=O)[C@H]4CCCO4,0,1,0,-10.7,16.483824968338013
483,483,CCOc1ccccc1NC(=O)[C@@H](C)n2cnc3c(c2=O)c(c(s3)C)c4ccc(cc4)F,0,1,0,-8.6,27.304855346679688
484,484,Cn1c(cnc1[S@](=O)CC(=O)Nc2ccc(c(c2)Cl)F)c3ccc(cc3)OC,0,1,0,-11.5,21.72132396697998
485,485,C[NH+](C)[C@H](CNC(=O)N1CCc2c(ccs2)[C@H]1c3ccccc3)c4cccs4,0,1,0,-8.6,20.059258937835693
486,486,C[C@H]([C@@H](c1ccccc1)NC)[NH+]2CCCC2(C)C,0,1,0,-7.0,12.48487114906311
487,487,CC[C@@H](C)[NH2+]Cc1ccc(o1)c2ccc(cc2Br)Br,0,1,0,-7.9,14.101589441299438
488,488,Cc1ccc(cc1Cl)N2C(=O)C[C@@H](C2=O)[NH+]3CCC(CC3)c4[nH]c5ccccc5n4,0,1,0,-10.4,18.782204151153564
489,489,CCCC(=O)Nc1ccc(cc1)C(=O)COC(=O)c2c(ccc(c2Cl)Cl)Cl,0,1,0,-8.6,22.661349058151245
490,490,Cc1ccc(cc1)c2csc([n+]2CC=C)Nc3ccc(cc3)c4nnc5n4CCCCC5,0,1,0,-10.4,25.236074686050415
491,491,CC(C)(Cc1c2c(cc3c1CCC3)CCC2)[NH+](C)C,0,1,0,-7.0,10.784440279006958
492,492,C[C@H]1CCC[C@H]([C@@H]1C)NC(=O)C[NH+](C)CC(=O)Nc2ccccc2SC,0,1,0,-11.1,22.781713724136353
493,493,c1cc(sc1)C[NH+](Cc2ccc(cc2)F)Cc3nc(co3)C(=O)N4CCCC4,0,1,0,-8.6,25.35177779197693
494,494,CC[NH+](CC)CCOC(=O)[C@@H](C1CCCCC1)C2(CCCCCC2)O,0,1,0,-6.7,25.564173460006714
495,495,CC(C)S(=O)(=O)c1cc\2c(cc1Br)CN(/C2=C\c3ccccc3)c4ccccc4O,0,1,0,-8.3,21.00192379951477
496,496,c1cc(cc(c1)Br)C(=O)N2CC[NH+](CC2)[C@@H](C3CCCC3)C(=O)Nc4cccc(c4)Cl,0,1,0,-8.9,24.696614027023315
497,497,c1ccc2c(c1)nc(o2)[C@@H]3CCC[NH+](C3)[C@@H]4CCCC=C4,0,1,0,-9.2,11.851425409317017
498,498,CCn1c2ccccc2c3c1ccc(c3)[P@+](C(C)(C)C)(Nc4ccc(cc4)C)N5CCCC5,0,1,0,-8.5,24.58309817314148
499,499,C[C@H]1C[C@@H](C[NH+](C1)Cc2csc(n2)NC(=O)COc3ccc(cc3)C(=O)C)C,0,1,0,-9.1,24.073395252227783
500,500,c1ccc2=N/C(=N\S(=O)(=O)c3ccc(cc3)F)/[C@H]([NH+]=c2c1)NCCC4=CCCCC4,0,1,0,-9.1,24.768798112869263
501,501,CC[C@@H](C)[C@@H](C(=O)NCc1ccco1)NC(=O)N2CCN(CC2)C(=O)[C@@H]3C=c4ccccc4=[NH+]3,0,1,0,-9.9,31.858757257461548
502,502,C=CCn1c2c(c(n1)C(=O)N3CCOCC3)C[C@H](CC2)[NH2+]CCC4=CCCCC4,0,1,0,-9.1,25.162453413009644
503,503,Cc1ccccc1C(=O)N[C@H](C)c2nc3ccccc3n2CC(=O)Nc4ccc(cc4)F,0,1,0,-9.7,32.01629447937012
504,504,C[C@@H](c1ccccc1)NC(=O)COC(=O)c2ccc(cc2)CSc3nc4ccccc4s3,0,1,0,-10.0,31.388383865356445
505,505,c1ccc(c(c1)[C@@H]2[C@@H]3C(=c4ccccc4=[NH+]3)CCN2Cc5ccco5)F,0,1,0,-8.9,14.638000011444092
506,506,Cc1ccc2c(c1)c(nc(n2)C[NH+]3C[C@H]4C[C@@H](C3)c5cccc(=O)n5C4)N6CCSCC6,0,1,0,-9.7,22.136622667312622
507,507,C[C@H](c1cccs1)N(C)S(=O)(=O)c2ccc(cc2Br)F,0,1,0,-6.9,13.532713890075684
508,508,CCc1cccc(c1NC(=S)N(Cc2ccccc2)C3CC([NH2+]C(C3)(C)C)(C)C)CC,0,1,0,-8.7,30.400023221969604
509,509,C[C@@H]1CCC[C@H](C1)[NH+](C)CCCl,0,1,0,-5.1,9.145899057388306
510,510,C[NH+](C)CC1CCN(CC1)C(=O)C2(CCCCCC2)C[NH3+],0,1,0,-7.3,14.490790843963623
511,511,Cc1ccc(c(c1)C)N(C[C@H]2C=c3ccccc3=[NH+]C2=O)C(=O)c4ccc(cc4)C(C)(C)C,0,1,0,-9.4,24.305205583572388
512,512,COC(=O)[C@@H]1C(=c2cc(ccc2=[NH+]1)Br)NC(=O)c3cccc(c3)C(F)(F)F,0,1,0,-8.8,19.79066824913025
513,513,C[C@H](c1ccc(cc1OC)OC)[NH2+]Cc2cc(cs2)Br,0,1,0,-7.4,15.769740343093872
514,514,c1cc(oc1)[C@@H](CNC(=O)C2C[C@H]3CCC[C@@H](C2)C34SCCS4)[NH+]5CCCCC5,0,1,0,-8.9,20.71079659461975
515,515,Cc1c(n(c([nH+]1)SC[C@@H](CN2C[C@H](O[C@H](C2)C)C)O)C3CCCCC3)C,0,1,0,-8.0,23.17952561378479
516,516,CCc1c(nn(c1C)[C@@H](c2ccc(s2)Cl)[C@@H](C)[NH3+])C,0,1,0,-6.4,15.084185600280762
517,517,CC(C)(C)c1ccc(cc1)c2nnc(n2CC=C)SCC(=O)Nc3ccccc3SCC#N,0,1,0,-10.1,41.3524329662323
518,518,Cc1ccc2=[NH+][C@H]([NH+]=c2c1)SCC(=O)Nc3ccc(cc3)OC(F)(F)Cl,0,1,0,-9.1,21.37586998939514
519,519,COC(=O)C[C@@H](c1ccc(cc1)Br)NS(=O)(=O)c2ccc(c(c2)Cl)C#N,0,1,0,-8.1,24.128316402435303
520,520,CN(CC[NH+]1CCCC1)Cc2ccc(s2)Br,0,1,0,-5.7,11.999754667282104
521,521,CC(C)(C)C1CCC2(CC1)C(=O)N(C(=O)N2)CC(=O)N(Cc3c(cccc3Cl)F)C4CC4,0,1,0,-10.4,26.617168188095093
522,522,C[NH+](C)CCCN(c1nc2cc3c(cc2s1)OCCO3)C(=O)c4ccccc4Br,0,1,0,-7.7,24.30162787437439
523,523,CC[NH2+]Cc1ccc(cc1Oc2ccc(cc2Br)F)Br,0,1,0,-7.0,14.927873373031616
524,524,C[NH+](C)CCO/N=C(\c1ccc(cc1)Br)/c2cccnc2,0,1,0,-6.5,15.982143640518188
525,525,CC[NH+](CC)CCNC(=O)CO/N=C/1\CC[C@@]2([C@@H]3CC[C@@]4([C@@H]([C@@H]3CCC2=C1)CC[C@@H]4O)C)C,0,1,0,-11.0,35.4104950428009
526,526,Cc1ccc(cc1)S(=O)(=O)N(CCc2cccc(c2)C)C[C@H]3C=c4cccc(c4=[NH+]C3=O)C,0,1,0,-10.2,32.92020392417908
527,527,Cc1ccc(s1)C(=O)N2CCC(CC2)[C@@]3(C(=O)N(C(=O)N3)CC[NH+](C)C)CCc4ccccc4,0,1,0,-8.3,32.9011504650116
528,528,CC1CCC(CC1)N2CC[NH+](CC2)C[C@@H]3C[C@H]4C[C@@H]3C=C4,0,1,0,-8.1,12.604815244674683
529,529,CCC(CC)n1c(nnc1S[C@H](C)C(=O)N[C@@H](C)c2ccccc2)COc3ccccc3Cl,0,1,0,-10.1,49.1476514339447
530,530,CC[C@@]1(C[C@](CCO1)(CC[NH2+]Cc2ccc(cc2)OC)c3ccc(cc3)OC)C,0,1,0,-7.4,28.97715139389038
531,531,c1cc2c(c(c1)F)n3cccc3c(=O)n2CCNC(=S)Nc4ccc(cn4)Br,0,1,0,-9.5,22.178517818450928
532,532,Cc1cc2c(cc1NS(=O)(=O)C)c3c(o2)CC[C@@H](C3)C(C)(C)C,0,1,0,-8.0,12.532045125961304
533,533,Cc1c(c(n(n1)c2cc(ccc2F)F)C)CCC(=O)N[C@@H](c3ccccc3)c4cccnc4,0,1,0,-11.1,31.073366403579712
534,534,CCc1ccc2c(c1)cc(c(=O)[nH]2)C[NH+](Cc3ccccc3)Cc4nnnn4C(C)(C)C,0,1,0,-9.7,32.77146053314209
535,535,Cn1c(nn(c1=S)C[NH+]2CCC[C@@H]3[C@@H]2CCCC3)c4ccc(cc4)Cl,0,1,0,-9.5,15.949513912200928
536,536,c1cc(cc(c1)NC(=O)c2cnn(c2C3CC[NH2+]CC3)c4ccc(cc4F)F)C(F)(F)F,0,1,0,-9.3,28.244752407073975
537,537,c1ccc2c(c1)nc(s2)[C@H]3CCC[NH+]3CCC(=O)Nc4c(c5c(s4)CCCC5)C#N,0,1,0,-10.7,25.246312141418457
538,538,CCc1ccc(cc1)N2[C@@H]3CS(=O)(=O)C[C@@H]3[NH+](CC2=O)CCC4=CCCCC4,0,1,0,-8.7,18.3600492477417
539,539,Cc1c(nc(s1)C)[C@H](C)[NH2+][C@H](c2ccccc2)C(C)(C)C,0,1,0,-7.9,14.264107465744019
540,540,c1cc(ccc1n2c(nnc2S[C@H]3CCCCNC3=O)C[NH+]4CCCCC4)OC(F)F,0,1,0,-8.4,27.467129945755005
541,541,Cc1cc(ccc1F)S(=O)(=O)NC[C@H](c2ccc3c(c2)CCCN3C)[NH+](C)C,0,1,0,-9.6,22.930960178375244
542,542,C[C@@H](C(=O)N1CCCc2c1cccc2)Sc3nnc(n3C[C@H]4CCCO4)c5cccs5,0,1,0,-9.5,25.014275789260864
543,543,Cc1cccc(c1NC(=O)CSc2ncc(n2C[C@H]3CCCO3)c4ccccc4)C(C)C,0,1,0,-8.3,34.77492117881775
544,544,CC(C)[C@@H](C(=O)N[C@@H]1CCS(=O)(=O)C1)Br,0,1,0,-6.2,10.949926137924194
545,545,c1ccc(cc1)c2[nH+]ccn2CC3CCN(CC3)C(=O)[C@H]4CC(=O)N(C4)c5ccccc5,0,1,0,-10.4,26.740105867385864
546,546,Cc1c(n(c([nH+]1)SCC(=O)N([C@H]2CCS(=O)(=O)C2)C3CCCC3)C4CCCCC4)C,0,1,0,-8.0,29.008010864257812
547,547,Cc1ccc(cc1)S(=O)(=O)N(Cc2cc3ccccc3[nH]c2=O)C[C@@H]4CCCO4,0,1,0,-9.7,22.751976251602173
548,548,Cc1ccc(cc1C)Sc2ccc(cc2)NC(=O)c3ccc(o3)Cn4ccccc4=O,0,1,0,-10.1,27.797128677368164
549,549,C[C@@H](c1ccc(cc1)O)N(C)S(=O)(=O)c2ccc(s2)Br,0,1,0,-7.6,14.790061950683594
550,550,c1ccc(cc1)[C@@H]2CCCN(CC2)C(=O)c3ccc([nH+]c3)NCC4CCOCC4,0,1,0,-9.7,19.217244386672974
551,551,CCN1CCC[C@H]1C[NH2+]Cc2cc(c(c(c2)Br)OCc3c(cccc3Cl)F)OC,0,1,0,-8.8,30.404526710510254
552,552,CC(C)[NH2+]C[C@H](Cn1c2ccccc2c3c1-c4cnn(c4CC3)c5ccccc5)O,0,1,0,-9.2,22.819040536880493
553,553,CC(C)(C)[C@@H]1C2=Nc3ccccc3[C@H]2CCN1C[C@@H]4C=c5ccccc5=[NH+]C4=O,0,1,0,-9.8,19.262575387954712
554,554,Cc1ccc2=C([C@H]([NH+]=c2c1)C(=O)[O-])C[NH2+]C3CCCCCCC3,0,1,0,-9.2,14.725612878799438
555,555,Cc1ccc(cc1)Cn2c3c(c(ncn3)SCc4ccc(cc4)C)nn2,0,1,0,-9.9,18.561127424240112
556,556,C[NH+](C)Cc1ccccc1CNC(=O)c2ccc(s2)c3ccc(cc3)F,0,1,0,-9.9,20.5022611618042
557,557,CCOc1cc(cc(c1OCc2ccc(cc2Cl)Cl)Br)C[NH2+]C,0,1,0,-8.2,18.88632893562317
558,558,Cc1ccccc1C2=NC(=CC3=c4ccccc4=[NH+][C@@H]32)C(=O)NCc5cccc(c5)Cl,0,1,0,-10.4,21.691262006759644
559,559,CC(C)(C)[NH2+]C[C@@H]1CC[C@H](O1)COc2cccc(c2)I,0,1,0,-7.6,15.37846851348877
560,560,c1cc2=[NH+][C@@H]([NH+]=c2cc1[N+](=O)[O-])SCC(=O)N[C@H]3C(=C4CCCC[C@@H]4S3)C#N,0,1,0,-9.1,23.43717670440674
561,561,CC1(C[NH2+]C(CN1C[C@@H]2CCCO2)(C)C)C,0,1,0,-6.0,10.411755084991455
562,562,CCC1(CC[NH2+]CC1)C(=O)Nc2cccc3c2ccnc3,0,1,0,-7.7,12.753215789794922
563,563,C[C@H](C(=O)NCC(F)(F)F)[NH3+],0,1,0,-5.5,10.6909761428833
564,564,CCn1c(=O)c2ccccc2nc1S[C@@H](C)C(=O)Nc3ccc(cc3)C,0,1,0,-8.5,18.445772886276245
565,565,Cc1cc(c(cc1Cl)C(C)C)OC(=O)Cc2csc(n2)N3CCCC3=O,0,1,0,-9.1,19.806347131729126
566,566,CCc1c(c(n(n1)c2ccc(cc2)F)Oc3ccccc3)C[NH+](Cc4ccco4)C[C@@H](C)O,0,1,0,-8.3,40.58815908432007
567,567,CCCCCCC(=O)N(CC[NH+](C)C)[C@@H](C)c1nc2ccccc2c(=O)n1c3ccc(cc3)Br,0,1,0,-7.1,40.25826048851013
568,568,Cc1ccc(cc1)[C@@H]2[NH+]=NC(=S)N2/N=C/c3ccccc3Cl,0,1,0,-9.0,14.627609491348267
569,569,Cc1ccccc1C(=O)N(CC[NH+](C)C)c2nc3ccc(cc3s2)Br,0,1,0,-8.0,17.983864068984985
570,570,c1ccc(cc1)S(=O)(=O)c2ccc(o2)C(=O)NC[C@@H](c3ccco3)[NH+]4CCCCCC4,0,1,0,-9.6,28.52769136428833
571,571,C[C@H](c1cccc(c1)Cl)[NH2+]Cc2cc(c(o2)Br)Br,0,1,0,-7.7,13.160365581512451
572,572,CC[C@H]([C@@H](c1ccc(s1)Cl)N2CCOC[C@@H]2C)[NH3+],0,1,0,-5.7,14.289917230606079
573,573,Cc1ccc(cc1C)[C@@H](c2cccc(c2)S(=O)(=O)C)[NH3+],0,1,0,-8.4,13.958529233932495
574,574,Cc1ccccc1CSc2nnc(n2c3ccc(cc3)F)[C@H](C)[NH+]4CCCCC4,0,1,0,-8.2,23.66907548904419
575,575,CC1(Cc2c(c(sc2C([NH2+]1)(C)C)NC(=O)c3ccc(cc3)S(=O)(=O)N(C)C4CCCCC4)C#N)C,0,1,0,-9.0,33.10586428642273
576,576,C[C@@H](c1ccc(cc1)Br)[NH+]2CCC(=O)CC2,0,1,0,-7.5,10.562730312347412
577,577,Cc1ccccc1NC(=O)COc2ccc(cc2OC)/C=C(/C#N)\C3[NH+]=c4cc(c(cc4=[NH+]3)C)C,0,1,0,-10.2,43.29083847999573
578,578,CCC[NH+](CCC)Cc1c(ccc2c1oc(c(c2=O)Oc3ccccc3Br)C(F)(F)F)O,0,1,0,-7.6,32.35340905189514
579,579,CCOc1ccccc1C[NH+](Cc2ccco2)C[C@H](COc3ccccc3Br)O,0,1,0,-8.6,41.07913398742676
580,580,C[C@H](CC[NH+](C)C)n1c2ccc(cc2nc1[C@H](C)Cl)Cl,0,1,0,-6.8,14.256020307540894
581,581,CC(C)(C)CC(C)(C)NC(=O)[C@H](c1c(cccc1Cl)Cl)N(C(=O)CCl)C(C)(C)C,0,1,0,-8.3,28.044018745422363
582,582,CCc1ccccc1NC(=O)Cc2nnc(n2c3ccccc3)SCc4ccccc4,0,1,0,-10.3,28.76423716545105
583,583,Cc1ccc(cc1)c2c3c(n(n2)C)C(=O)N([C@H]3c4ccccc4)CCC[NH+](C)C,0,1,0,-7.7,21.093515157699585
584,584,CCCn1c(c(c(c(c1=O)C#N)C)/C=C\2/C(=O)N(C(=S)S2)C)N3CC[NH+](CC3)CC,0,1,0,-8.4,24.515683889389038
585,585,Cc1cc(c(n1c2cccc(c2)Br)C)/C=N/NC(=O)[C@H](c3ccccc3)OC,0,1,0,-9.2,21.619115114212036
586,586,CC(C)C[NH+](C[C@@H](c1ccc(cc1)N(C)C)Cl)CC(C)C,0,1,0,-7.0,17.833820343017578
587,587,CSc1c2ccn(c2cc[nH+]1)Cc3ccc(cc3)F,0,1,0,-8.0,12.936295986175537
588,588,c1cc(ccc1CCC(=O)OCc2cc(=O)n3ccsc3n2)S(=O)(=O)N4CCCCCC4,0,1,0,-9.7,29.330679655075073
589,589,C[C@H](C(=O)c1ccc(s1)Cl)[NH+]2CCCC[C@@H]2C(=O)N,0,1,0,-6.9,13.463088750839233
590,590,Cc1ccc2c(c1C)nc(s2)N(CCC[NH+](C)C)C(=O)c3ccc(cc3)C(=O)C,0,1,0,-9.2,22.36362910270691
591,591,COc1ccc2=[NH+]CC(=c2c1)CCN3[C@@H]([C@@H]4[C@@H](N=N[C@@H]4C3=O)c5ccco5)c6ccccc6F,0,1,0,-9.2,29.79236626625061
592,592,C[C@H]1C(=c2ccccc2=[NH+]1)CCN(Cc3cccnc3)C(=S)Nc4ccccc4,0,1,0,-8.0,27.598602294921875
593,593,CC(C)C[C@@H](C(=O)NCc1ccc([nH+]c1)N2CCCC2)NC(=O)c3ccc(cc3Cl)Cl,0,1,0,-10.1,30.494325399398804
594,594,C[C@]1(OC[C@@H](O1)CN2CCC[C@@H](C2)[NH2+]C)c3ccccc3,0,1,0,-8.0,14.617183923721313
595,595,Cc1ccc(c(c1)C)NCc2nnc(n2C[C@@H]3CCCO3)SCC[NH+]4CCCCC4,0,1,0,-11.5,29.635475873947144
596,596,C[C@@H](c1ccc(cc1Br)Br)[NH2+]Cc2cccnc2OC,0,1,0,-7.8,14.718526840209961
597,597,c1cc2c(cc[nH+]c2cc1Cl)NCCNc3ccnc4c3ccc(c4)Cl,0,1,0,-9.9,18.4378821849823
598,598,CC[C@H]([C@@H](c1c(ccs1)C)Oc2cccc(c2)I)[NH3+],0,1,0,-7.4,15.429659843444824
599,599,Cc1c([nH]c[nH+]1)CN(CCCc2ccccc2)C(=O)c3cn(c4c3cccc4)C,0,1,0,-9.0,27.02195143699646
600,600,Cc1ccc(cc1)S(=O)(=O)CCC(=O)N(CCC[NH+](C)C)c2nc3c(cc(cc3s2)F)F,0,1,0,-9.0,31.791441440582275
601,601,c1ccc(cc1)c2ccc(cc2)C(=O)CS[C@@H]3NN=C(O3)C4=c5ccccc5=[NH+]C4,0,1,0,-8.4,24.32777738571167
602,602,C[C@H](C(=O)Nc1ccc(c(c1)Cl)F)[NH+](C)Cc2ccc(cc2)C(=O)NCC(F)(F)F,0,1,0,-10.0,37.5373797416687
603,603,COc1cc(cc(c1OC)OC)[C@@H]2[C@@H]3C(=c4ccccc4=[NH+]3)C[C@@H]5N2C(=O)CN(C5=O)CCC6=CCCCC6,0,1,0,-9.2,33.91321873664856
604,604,c1cc(sc1)CN(c2ccc3c(c2)OCCO3)C(=O)Cn4ccc(n4)C(F)(F)F,0,1,0,-7.8,23.618622303009033
605,605,CCc1c(sc(n1)N2C[C@@H](O[C@H](C2)C)C)C[NH2+]C(C)(C)C,0,1,0,-8.0,13.740630626678467
606,606,C[NH+](C)[C@@H](CNC(=O)Nc1ccc(cc1Br)Br)c2cccs2,0,1,0,-6.8,16.629602670669556
607,607,CCOc1c(cc(cc1Cl)C[NH2+]C2C3CC4CC(C3)CC2C4)Cl,0,1,0,-8.8,15.337474822998047
608,608,CC(C)Cn1c(=O)c2ccc(cc2nc1SCCSC)C(=O)NCC3(CCCCC3)[NH+]4CCCCC4,0,1,0,-9.2,42.774498462677
609,609,Cc1ccc2c(c1C)nc(s2)N(CCC[NH+](C)C)C(=O)c3ccc(cc3Cl)F,0,1,0,-8.7,21.23465919494629
610,610,c1cc(ccc1[C@H](CNc2c3c4c(sc3ncn2)CCCCC4)[NH+]5CCOCC5)F,0,1,0,-8.4,22.893975257873535
611,611,COC(=O)C1=C(SC2=NC(=O)S[C@H]2[C@H]1c3cc(ccc3O)[N+](=O)[O-])C(=O)OC,0,1,0,-7.6,23.84721040725708
612,612,c1ccc2c(c1)C(=O)O/C(=C\3/C=CC=C/C3=[NH+]\C=C/4\C(=O)c5ccccc5S4)/N2,0,1,0,-9.3,13.594173908233643
613,613,CCN(CC)c1ccc(cc1)[C@H]2[C@H]3CCCC[C@]3(CC[NH+]2CC(=O)Nc4c(c(c(s4)C)C)C(=O)OC)O,0,1,0,-8.2,44.82164692878723
614,614,CC[NH2+][C@@H](C)c1ccc(c(c1)F)Oc2cc(ccc2Cl)Cl,0,1,0,-7.9,15.69109559059143
615,615,CCCC[C@H](C[NH+](Cc1c(nn(c1Oc2cccc(c2)C)C)c3ccccc3)C(C)C)O,0,1,0,-7.8,41.84757375717163
616,616,CCCCc1ccc(cc1)N2C[C@H](CC2=O)C(=O)NCc3ccccc3Cn4cncn4,0,1,0,-9.6,34.054322719573975
617,617,CC[C@@H](C)CNC(=O)[C@@H]1CSC2([NH2+]1)CCN(CC2)C(=O)C(c3ccccc3)c4ccccc4,0,1,0,-8.9,29.669601440429688
618,618,Cc1cc(cc(c1)OCCN(C)Cc2[nH]c(=O)c3cc(cc(c3n2)Br)Br)C,0,1,0,-9.2,22.939207077026367
619,619,COc1cc2c(cc1OCCc3ccccn3)CC4=C(N=[NH+][C@H]24)c5ccc(cc5)c6ccc(cc6)O,0,1,0,-10.2,36.27695989608765
620,620,c1ccc2c(c1)N/C(=C(\C#N)/C(=O)COC(=O)COc3ccc(cc3)C#N)/S2,0,1,0,-9.2,31.010836839675903
621,621,CC(C)C[C@H](C(=O)OC)NC(=O)C[NH+]1CCC(CC1)C(=O)N2CCCCCC2,0,1,0,-8.3,23.10556411743164
622,622,C[C@@H](c1nnc(n1c2ccc(cc2)F)S[C@@H](C)C(=O)NC3CCCC3)[NH+](C)C,0,1,0,-8.5,26.127882719039917
623,623,C[C@H]1C(=C(ON1)C(C)C)C(=O)N2CCC(=CC2)C3=c4ccccc4=[NH+]C3,0,1,0,-9.6,15.561971426010132
624,624,CCC(C)(C)n1c(nnn1)[C@@H](c2cc3cccc(c3[nH]c2=O)C)[NH+](Cc4ccc(cc4)OC)C[C@@H]5CCCO5,0,1,0,-8.9,48.31784009933472
625,625,C[NH+]1CCC2(CCc3cc(ccc3O2)c4ccc(cc4)C(=O)NN(C)c5ccccc5)CC1,0,1,0,-11.8,21.094496488571167
626,626,C[NH+](Cc1cc(sc1)Br)CC(=O)Nc2cc(ccc2Cl)Cl,0,1,0,-7.6,15.703509330749512
627,627,CCCCC[C@](c1ccc(cc1)Cl)([C@@H](C[NH+](C)Cc2ccccc2)c3ccccc3)O,0,1,0,-7.3,41.299031257629395
628,628,Cc1c2c([nH]c1C(=O)Nc3nc(cs3)C[NH+]4CCC[C@H](C4)C)CC(CC2=O)(C)C,0,1,0,-8.9,20.5897479057312
629,629,CCC[NH2+][C@@H](C)c1ccc(c(c1)Br)N2CC[C@@H](C2)[NH+](C)C,0,1,0,-7.2,15.807828903198242
630,630,Cc1ccc(cc1)c2cc(nc(n2)S[C@H](C)C(=O)Nc3cccc(c3)C(=O)C)C(F)(F)F,0,1,0,-9.4,29.90483260154724
631,631,CCOC(=O)c1c(c(sc1NC(=O)C[NH+]2CCC[C@H](C2)C)C(=O)N(C)C)C,0,1,0,-7.4,22.86336660385132
632,632,Cc1ccn2c(c1)nc(cc2=O)C[NH+](Cc3ccccc3)CC(C)C,0,1,0,-8.2,17.729111433029175
633,633,CCc1c(sc(n1)N(C)[C@H](C)c2ccccc2Cl)C[NH2+]C,0,1,0,-7.2,16.796602487564087
634,634,c1cc(c(cc1F)Cl)COc2ccc(cc2C[NH2+]CCCN3CCCC3=O)Br,0,1,0,-10.0,32.387277603149414
635,635,CCOc1ccc(cc1)C(=O)N(CCC[NH+](C)C)c2nc3ccc(cc3s2)C,0,1,0,-8.1,22.508179426193237
636,636,CCC1(CCN(CC1)C(=O)[C@H]2[C@H](CCC[NH2+]2)C)C,0,1,0,-7.4,11.020867824554443
637,637,c1ccc(cc1)c2c3c(sn2)[C@H](CC(=O)N3)c4ccccc4F,0,1,0,-9.0,12.552914142608643
638,638,Cc1ccccc1[C@@H]2C(=c3ccccc3=[NH+]2)C#N,0,1,0,-7.9,10.75464415550232
639,639,Cc1ccc(cc1Cl)NC(=O)c2nc3ncc(cn3n2)Br,0,1,0,-8.2,13.61359691619873
640,640,c1ccc(cc1)C[NH+](Cc2ccccc2F)Cc3ccc(o3)C(=O)N4CCN(CC4)c5ccc(cc5)[N+](=O)[O-],0,1,0,-10.5,53.68203163146973
641,641,CCC[C@@H](C)N1C[C@@H](CC1=O)C(=O)N2CCC[NH+](CC2)C(C)(C)C,0,1,0,-7.7,16.762540102005005
642,642,Cc1ccc2cc(c(=O)[nH]c2c1C)C[NH+](Cc3ccc4c(c3)OCO4)Cc5nnnn5Cc6ccc(cc6)F,0,1,0,-9.4,43.730087757110596
643,643,CC1=C(S(=O)(=O)N=C1N(C)Cc2ccco2)c3ccc(cc3)F,0,1,0,-8.7,15.573258399963379
644,644,CC[NH2+][C@@H]1CCCc2c1cnc(n2)c3cc(cc(c3)Cl)Cl,0,1,0,-8.6,12.028429985046387
645,645,Cc1ccc(c2c1nc(s2)N(CCC[NH+](C)C)C(=O)c3ccc(cc3)S(=O)(=O)C)C,0,1,0,-8.0,23.602285861968994
646,646,Cc1cnccc1n2cc(cn2)c3cc(c4ccc(cc4n3)F)C(=O)N(C)C,0,1,0,-9.8,15.936895847320557
647,647,CC[C@@H](C)NC(=O)c1coc(n1)C[NH+](Cc2ccccc2)Cc3ccc(cc3C)C,0,1,0,-8.2,33.94787549972534
648,648,Cc1ccccc1c2nc(c(o2)C)C[NH+]3CCC(CC3)C(=O)N[C@@H]4CCC[C@@H]([C@@H]4C)C,0,1,0,-10.8,21.583420515060425
649,649,Cc1c(cco1)c2nnc(n2c3ccccc3)SCC(=O)N[C@H](c4ccccc4)c5cccs5,0,1,0,-9.6,33.86248517036438
650,650,Cc1ccccc1[C@@]2(CC[NH2+][C@@H]2Cc3ccccc3)C,0,1,0,-7.1,11.142412900924683
651,651,Cc1ccc(o1)/C=N/N2[C@@H]([NH+]=NC2=S)c3ccccc3Cl,0,1,0,-8.5,13.828448295593262
652,652,CCCCCN(C)[C@H](c1ccccc1Br)[C@@H](C)[NH3+],0,1,0,-6.0,16.583460807800293
653,653,CCCS(=O)(=O)NC[C@H]1C[C@H]2CC[NH+]1C[C@@H]2c3cc(nn3C)c4ccc(cc4)F,0,1,0,-9.1,26.25285530090332
654,654,c1ccc(cc1)CCN2C[C@@H]3C[C@H]([NH+]4[C@@]3(C2=O)CCC4)c5nc(cs5)c6ccccc6,0,1,0,-10.5,22.06820583343506
655,655,c1cc(ccc1c2cscn2)NC(=O)[C@H]3CCC[NH+](C3)Cc4ccc5c(c4)CCO5,0,1,0,-9.8,22.28062152862549
656,656,CC(C)(C)NC(=O)[C@@H](c1c(cccc1Cl)Cl)N(C(=O)Cc2ccc(cc2)Br)C(C)(C)C,0,1,0,-7.5,30.216219186782837
657,657,Cc1cc(cc2c1[nH]c(=O)c(c2)C(=O)C)Cl,0,1,0,-7.1,9.054931402206421
658,658,CC[NH+](CC)CCC[C@H](C)NC(=O)C[C@H](c1cccc(c1)C(F)(F)F)c2cnc3n2cccc3C,0,1,0,-9.0,47.523353099823
659,659,Cc1ccc(cc1)c2cc(c(c(n2)SCC(=O)Nc3ccccc3F)C#N)C(F)(F)F,0,1,0,-9.0,25.408895254135132
660,660,c1cc(c(cc1/C=C\2/C(=O)N(C(=S)S2)C3CCCCC3)Br)F,0,1,0,-7.6,13.066256999969482
661,661,CCn1c(c(c(n1)C)CCN(C)S(=O)(=O)c2ccc3c(c2)CCCC3)C,0,1,0,-9.6,19.479807376861572
662,662,CC(C)CC(=O)N(c1cccc(c1)Cl)[C@@H](c2ccc(cc2)C(F)(F)F)C(=O)NC(C)(C)C,0,1,0,-7.3,30.626150846481323
663,663,C[C@@H]([C@H](c1ccc(s1)Br)Oc2ccc(cc2Br)F)[NH3+],0,1,0,-6.7,15.05781626701355
664,664,Cc1cc(cc(c1)[C@@H](c2ccc3ccccc3n2)[NH2+]C)C,0,1,0,-8.4,11.589653968811035
665,665,CCc1ccc(cc1)[C@@H]2C(=C(C(=O)N2CCC[NH+](C)C)O)C(=O)c3ccc(cc3)OC(C)C,0,1,0,-8.0,37.40914797782898
666,666,Cc1c(cccc1Cl)n2c(nnc2SCC(=O)N(CC#N)c3ccccc3)c4ccncc4,0,1,0,-8.7,38.24723839759827
667,667,CCc1c(c(on1)C)C(=O)Nc2cccc(n2)Br,0,1,0,-7.6,11.91047978401184
668,668,CCC(=O)Nc1cccc(c1)NC(=O)C(=O)NC[C@@H](CC(C)C)[NH+](CC)CC,0,1,0,-8.2,32.26051139831543
669,669,Cc1cc[nH+]c(c1)N[C@@H](C)c2cccnc2,0,1,0,-7.0,10.163592100143433
670,670,c1ccc(cc1)OCCCOc2ccc(cc2Br)/C=C(\C#N)/C(=O)NCc3ccco3,0,1,0,-9.2,34.2488648891449
671,671,CC1(Cc2c(c(sc2C([NH2+]1)(C)C)NC(=O)Cc3ccc(s3)Cl)C#N)C,0,1,0,-8.8,15.940956830978394
672,672,Cc1ccc(s1)C2=NN/C(=N\c3ccccc3)/SC2,0,1,0,-8.1,10.417815446853638
673,673,c1ccc(cc1)n2c(nnc2SCC(=O)/N=C/3\NC[C@@H](S3)Br)C4=c5ccccc5=[NH+]C4,0,1,0,-9.4,24.399720191955566
674,674,c1cc(ccc1Cn2c(nnn2)[C@H](c3ccc(cc3)C(F)(F)F)[NH+]4CCCC4)F,0,1,0,-10.5,23.213221311569214
675,675,C[C@@H](C(=O)N1CCc2c1cccc2)[NH+](C)CC(=O)Nc3ccccc3SC,0,1,0,-9.0,24.096069812774658
676,676,CC[NH+](CC)CCC[C@H](C)NC(=O)[C@H]1Cc2ccccc2CN1S(=O)(=O)c3ccc(cc3)C(F)(F)F,0,1,0,-7.5,50.01885533332825
677,677,Cc1c2ccccc2nc(c1CC(=O)N(C)[C@H](C)C3CC3)C,0,1,0,-8.1,13.998921155929565
678,678,c1ccc(cc1)C2=c3cc(ccc3=[NH+]C(=O)[C@H]2SCC(=O)Nc4ccc(c(c4)Cl)Cl)Cl,0,1,0,-8.0,14.807071685791016
679,679,COc1cc(ccc1O)/C=C/C(=O)c2ccc(cc2)/N=C\C3=c4ccccc4=[NH+]C3,0,1,0,-10.4,24.59690499305725
680,680,C[C@H]1c2ccc(cc2OC(=O)[C@@H]1CC(=O)NCCC3=c4cc(ccc4=[NH+]C3)F)OCC(=C)C,0,1,0,-10.5,32.98150300979614
681,681,CCOc1cccc(c1OCc2ccc(cc2Cl)Cl)C[NH2+]Cc3ccc(cc3)OC,0,1,0,-9.3,32.720659017562866
682,682,C[C@H](C(=O)NCc1ccc([nH+]c1)N2CCCC2)Oc3ccc(cc3Br)F,0,1,0,-9.0,20.545425176620483
683,683,C[C@@H](C(=O)Nc1ccccc1C(F)(F)F)OC(=O)C2c3ccccc3Oc4c2cccc4,0,1,0,-8.9,30.951528310775757
684,684,CC\1=C(C(=O)N(C(=O)/C1=C\c2ccc(o2)c3ccc(cc3)C(=O)C)CCc4ccc(cc4)OC)C#N,0,1,0,-10.7,37.565760374069214
685,685,C[C@H]1C(=c2cc(ccc2=[NH+]1)OC(F)(F)F)CC[NH2+]Cc3cc(c(c(c3)F)F)F,0,1,0,-9.3,23.883259296417236
686,686,CC(C)(C)c1nc(cs1)C[NH+](C)CC(=O)Nc2cc(cc(c2)F)F,0,1,0,-8.7,20.231435537338257
687,687,Cc1ccc2c(c1)cc(c(=O)[nH]2)[C@@H](c3nnnn3C4CCCC4)N(Cc5ccccc5)Cc6cccs6,0,1,0,-8.8,38.984211444854736
688,688,C[C@H](C(=O)NC(C)(C)c1ccccc1F)N2C(=O)c3ccccc3C2=O,0,1,0,-9.9,16.752021551132202
689,689,C[C@](Cc1nc2ccccc2s1)(c3ccccc3)C(=O)NCCc4cn5ccccc5[nH+]4,0,1,0,-9.7,33.7104811668396
690,690,C[C@H]([C@@H]1CCCO1)[NH2+]Cc2c[nH]nc2c3cccs3,0,1,0,-7.8,14.778862953186035
691,691,CCCCc1nn2c(=O)cc(nc2s1)C[NH+](Cc3ccc(cc3)F)CC(C)C,0,1,0,-8.5,27.52076292037964
692,692,CCOC(=O)[C@H](CC(C)C)N(Cc1cccc(c1)Cl)S(=O)(=O)c2ccc(cc2)Br,0,1,0,-7.6,30.59312677383423
693,693,Cc1ccc(o1)c2nc(cs2)CC(=O)NC[C@H](c3cccc(c3)F)[NH+](C)C,0,1,0,-9.4,22.897857904434204
694,694,Cc1ccc(cc1)n2c(nnn2)S[C@@H](C)C(=O)c3ccc(cc3)Br,0,1,0,-8.3,18.527271509170532
695,695,C[C@H](c1ccccc1)[NH2+]Cc2cc(c(c(c2)Br)OCc3ccccc3)Br,0,1,0,-9.0,19.875436782836914
696,696,Cc1ccccc1/[NH+]=c\2/c(cc3cc(ccc3o2)Br)C(=O)Nc4ccccn4,0,1,0,-8.3,18.587677240371704
697,697,C[NH+](Cc1ccc2cc(ccc2c1)OC)CC(=O)Nc3cc(ccc3n4cncn4)Cl,0,1,0,-11.0,30.362384796142578
698,698,Cc1cccc(c1)[C@@H]2[C@H]3[C@@H](CCN2Cc4c([nH+]c[nH]4)C)[C@@H]5C=CC=CC5=N3,0,1,0,-9.4,14.999590635299683
699,699,CCOc1ccc2c(c1)S[C@H](N2)N3CCC(CC3)C(=O)NCCC4=c5ccccc5=[NH+]C4,0,1,0,-9.7,30.450459718704224
700,700,COc1ccc(c(c1Cl)Cl)S(=O)(=O)N2CC[NH+](CC2)C(c3ccccc3)c4ccccc4,0,1,0,-8.4,29.81361413002014
701,701,c1cc(oc1)CN(Cc2ccc(cc2Cl)Cl)C(=S)Nc3ccc(c(c3)Cl)Cl,0,1,0,-8.5,23.711102724075317
702,702,C[C@@H](c1ccccc1)NC(=O)c2coc(n2)C[NH+](Cc3ccc(cc3)F)Cc4ccccc4Cl,0,1,0,-10.2,35.27586817741394
703,703,CC[NH+](CC)CCN(c1nc2c(s1)cccc2Cl)C(=O)CCSc3ccc(cc3)C,0,1,0,-8.5,32.79219961166382
704,704,Cc1cc(c(n1C(C)C)C)C(=O)COC(=O)C2CCN(CC2)S(=O)(=O)c3cccs3,0,1,0,-9.0,27.136929273605347
705,705,CCCC(=O)N(c1cccc(c1)Br)c2nc(c(s2)C)c3ccc(cc3)OCC,0,1,0,-8.4,22.63762354850769
706,706,Cc1ccc(cc1)/C=C\2/C(=O)c3ccc(c(c3O2)CN4CC[NH+](CC4)C)O,0,1,0,-8.3,17.64358353614807
707,707,C[C@@H](c1ccc(c(c1)Cl)F)[NH2+]Cc2csc(n2)c3ccsc3,0,1,0,-8.1,16.3053560256958
708,708,CCc1ccccc1n2c(cc(n2)c3c(nc4n(c3=O)c(cs4)CC(=O)N[C@@H](C)CC)C)C,0,1,0,-9.2,27.87039303779602
709,709,CCN1CCC[C@H]1C[NH2+]Cc2cc(c(c(c2)Cl)OCc3ccc(cc3Cl)F)OCC,0,1,0,-8.9,30.252054929733276
710,710,C[NH+](C[C@H](COc1cccc(c1)[N+](=O)[O-])O)CC(=O)Nc2ccc(c(c2)C(F)(F)F)Cl,0,1,0,-9.5,38.54049468040466
711,711,c1cc(ccc1C[NH2+]Cc2ccc(c(c2)[N+](=O)[O-])Br)Br,0,1,0,-8.2,14.988859415054321
712,712,CC[C@@H](C)[NH2+]CC(=O)N[C@H](C)c1ccc(s1)Cl,0,1,0,-6.5,15.334868907928467
713,713,CCc1cc(c(s1)NC(=O)c2ccco2)[C@H](c3ccc(cc3)Br)[NH+]4CCCCC4,0,1,0,-7.8,24.404896020889282
714,714,CCc1ccc(s1)S(=O)(=O)Nc2ccc(cc2C)n3c(nc4ccccc4c3=O)C,0,1,0,-10.7,20.094322681427002
715,715,CC(C)(C)c1ccc(cc1)SCC(=O)N(C)CC(=O)Nc2ccccc2C(F)(F)F,0,1,0,-9.5,28.975833892822266
716,716,C[C@@H](CCc1ccc(cc1)OC)NC(=O)[C@@H]2CN(CC23CC[NH2+]CC3)C(=O)c4ccc(o4)c5ccccc5F,0,1,0,-10.3,40.21399164199829
717,717,c1ccc(cc1)Cn2cc(cn2)C[NH2+]Cc3c(nc4n3cccc4)C(=O)N5CCCC5,0,1,0,-8.2,28.42296838760376
718,718,CC(C)(C)c1ccc(cc1)C(=O)N2CC[NH+](CC2)[C@@H](C3CCCC3)C(=O)Nc4ccc(cc4F)F,0,1,0,-10.9,27.14714527130127
719,719,Cc1ccc(cc1F)S(=O)(=O)N2CCCC[C@@H]2C[NH2+]C,0,1,0,-7.7,14.148587465286255
720,720,c1ccn(c1)c2c(c3c(s2)CSCC3)C(=O)N4CC[NH+](CC4)CC(=O)N5CCCCC5,0,1,0,-9.0,21.91912317276001
721,721,c1ccc2c(c1)CC[NH2+][C@H]2C3=C([C@H]([C@@H](CC3=O)c4c(cccc4Cl)F)n5cncn5)O,0,1,0,-9.2,25.80248498916626
722,722,C[C@@H](C(=O)NCc1ccc(cc1)Cl)OC(=O)c2cc(cnc2)c3cnn(c3)C,0,1,0,-9.4,27.16277766227722
723,723,C[C@H]1C(=C(N=N1)C)CN(C)C(=O)[C@@H]2[C@@H](N(C(=CC2=O)C)Cc3ccncc3)CCc4ccccc4,0,1,0,-8.1,44.01083517074585
724,724,Cc1ccn2c(c1)[nH+]c(c2NC(C)(C)C)c3cccc(c3)OS(=O)(=O)c4cc(ccc4Cl)Cl,0,1,0,-10.0,28.098033905029297
725,725,c1ccc2c(c1)cc(c(n2)Cl)/C=[NH+]/Cc3ccc(cc3)F,0,1,0,-9.0,12.819959878921509
726,726,Cc1ccc(cc1I)NC(=O)C[NH+]2CCC[C@@H](C2)C(F)(F)F,0,1,0,-8.6,14.651574611663818
727,727,C1CCCN(CC1)[C@@H](C#N)[C@@H]2CCOC2,0,1,0,-6.4,11.558804988861084
728,728,Cc1cc(c(cc1C)CNc2ccc[nH+]c2N(C)C)C,0,1,0,-7.8,12.890781164169312
729,729,Cn1c(nnc1[C@H](C#N)C(=O)C(c2ccccc2)c3ccccc3)c4ccccc4,0,1,0,-10.5,28.338053464889526
730,730,CCC[C@@H](c1ccccc1)[NH2+]Cc2ccc(o2)c3cccc(c3C)Cl,0,1,0,-9.3,20.605356693267822
731,731,CN(Cc1ccccc1)C(=O)c2ccccc2NS(=O)(=O)c3ccc4=[NH+]C(=O)[NH+]=c4c3,0,1,0,-9.6,28.350013732910156
732,732,CCCc1nc(c(s1)C(=O)Nc2nc(cs2)C[NH+]3CCCCCC3)C,0,1,0,-7.7,20.898509979248047
733,733,Cc1cccc(c1C)NC(=O)C[NH+](C)CC(=O)Nc2nc(cs2)c3ccc(c(c3)C)C,0,1,0,-9.9,29.469717025756836
734,734,Cc1ccccc1CC(=O)N[C@@H](C)c2nc3ccccc3n2CC(=O)N(Cc4ccccc4)C(C)C,0,1,0,-9.5,44.765028953552246
735,735,CCc1ccc(cc1)c2ccc(=O)n(n2)CC(=O)Nc3cc(ccc3Cl)C(F)(F)F,0,1,0,-10.9,27.13587737083435
736,736,c1cc(oc1)[C@@H](c2cc3c(cc2Cl)OCCCO3)Br,0,1,0,-7.9,10.74351954460144
737,737,c1cnc(cc1Cl)N2C(=O)[C@H]3[C@H]4C=C[C@@H]([C@@H]3C2=O)C45CC5,0,1,0,-8.7,10.870882034301758
738,738,CCn1c(nnc1SCC(=O)Nc2ccc(cc2C)Br)c3ccc(cc3)Cl,0,1,0,-10.0,22.528229236602783
739,739,C[C@@H]1CCC[C@H]([NH+]1Cc2nc3c(ccs3)c(n2)Cl)C,0,1,0,-7.6,11.197090148925781
740,740,C[C@@]1(CC1(Cl)Cl)C(=O)Nc2ccccc2C[NH+](C)C3CCCCC3,0,1,0,-8.0,17.588457822799683
741,741,CCCCN([C@H]1CCS(=O)(=O)C1)C(=O)C[NH+](C2CCC(CC2)C)C3CC3,0,1,0,-7.6,23.808662176132202
742,742,CCCC[NH+](CCCC)C[C@H](c1cc(nc2c1cc(cc2Cl)Cl)c3ccccn3)O,0,1,0,-8.1,32.94095063209534
743,743,C[C@H](c1ccc(cc1)CC(C)C)C(=O)Nc2cccc(c2)C(=O)N(C)Cc3ccccc3,0,1,0,-10.8,30.750953197479248
744,744,c1cc2cccnc2c(c1)SCC(=O)Nc3c(c4c(s3)CCCC4)C#N,0,1,0,-9.6,18.602600574493408
745,745,CC(C)(C)C(=O)[C@H]1[C@H](C([C@@H]2[NH+]1C=Cc3c2cccc3)(C#N)C#N)c4cccc(c4)Cl,0,1,0,-7.9,26.988815546035767
746,746,Cc1cccc(c1NC(=O)[C@H](C)OC(=O)CCC(=O)c2ccc3c(c2)CCCC3)C,0,1,0,-9.8,26.089065313339233
747,747,CCNC(=O)c1coc(n1)C[NH+](Cc2cccc(c2)C(F)(F)F)Cc3cccs3,0,1,0,-7.8,29.03026843070984
748,748,C[C@@]12CCC[C@H]1[C@@H]3CC[C@@H]4CC5(CC[C@@]4([C@@H]3C(=O)C2)C)OCCO5,0,1,0,-9.5,8.508344650268555
749,749,CCOc1cc(cc(c1OCC)OCC)C(=O)Nc2ccc3c(c2)c(cc([nH+]3)N4CCC(CC4)C)C,0,1,0,-9.7,35.80185008049011
750,750,C[C@H]1C[C@@H](C[NH+](C1)CCC(=O)O[C@@H]2CC[C@H]3[C@]2(CC[C@@H]4[C@H]3CC[C@H]5[C@]4(CCC(=O)C5)C)C)C,0,1,0,-12.0,23.052972555160522
751,751,C[C@H](C(=O)Nc1ccc(cc1F)Cl)[NH+](C)Cc2ccccc2C(F)(F)F,0,1,0,-9.2,20.572181463241577
752,752,C[NH2+][C@H](c1cc(ccc1OC)OC)c2cc(ccc2Cl)Br,0,1,0,-6.8,14.470737934112549
753,753,CCOc1cc(cc(c1OS(=O)(=O)C)Cl)/C=C\2/C(=O)N(C(=S)S2)c3ccccc3C,0,1,0,-8.6,22.042250633239746
754,754,CC[C@H](C)c1ccc(cc1)NC(=O)Cn2c(nc3c(c2=O)c(cs3)c4cccs4)C,0,1,0,-9.7,23.82172966003418
755,755,Cc1ccc(cc1)S(=O)(=O)NC[C@H]2C(=c3cc(ccc3=[NH+]C2=O)C)c4ccccc4,0,1,0,-9.4,21.987806797027588
756,756,CN(/N=C/c1c(cccc1Cl)Cl)CCN(/N=C/c2c(cccc2Cl)Cl)C,0,1,0,-8.3,21.50266122817993
757,757,CC(C)c1ccc(cc1)[C@@H](C(C)C)NC(=O)CN2C(=O)[C@@](NC2=O)(C)c3ccccc3,0,1,0,-10.9,26.827465295791626
758,758,C[C@H]1CC(=C(N1C)C)C(=O)CSc2nnc(n2C3CC3)C4=c5ccccc5=[NH+]C4,0,1,0,-9.5,20.033528566360474
759,759,CN(CCCC(=O)Nc1ccc(cc1)Cc2nc3ccccc3s2)S(=O)(=O)c4cccs4,0,1,0,-9.9,33.35523557662964
760,760,Cc1c(sc(c1[C@H](c2cccs2)[NH+]3CCC(CC3)C)NC(=O)c4ccccc4)C,0,1,0,-7.8,22.597304105758667
761,761,Cc1ccc(cc1)SC2=c3ccc(cc3=[NH+][C@@H]2C(=O)NCC[NH+](C)C)OC,0,1,0,-8.0,23.25101947784424
762,762,Cc1cc(ccc1O[C@H](C[NH3+])c2cnn(c2)C)Cl,0,1,0,-7.0,13.731401443481445
763,763,C[C@H](CNC(=O)[C@H]1CN(CC12CC[NH2+]CC2)C(=O)c3cc(cc(c3)Cl)Cl)Oc4ccc(cc4)OC,0,1,0,-9.3,32.99949359893799
764,764,CCOc1ccc(cc1)[C@]([C@@H](C[NH+]2CCCC2)Oc3ccc(cc3C)Cl)(C(C)C)O,0,1,0,-7.2,34.34336829185486
765,765,C[C@@H](c1ccccc1)NC(=O)[C@H](C)[NH+]2CCN(CC2)Cc3ccc(s3)Br,0,1,0,-10.2,22.18735933303833
766,766,Cc1cc(c(c(c1)C)NC(=O)C[NH+](C)CC(=O)N(C)Cc2ccc3cc(ccc3c2)OC)C,0,1,0,-10.1,36.20971393585205
767,767,C[NH+](C)CCCN(c1nc2ccc(cc2s1)F)C(=O)c3nc4ccccc4s3,0,1,0,-7.7,22.24650478363037
768,768,CCCC[C@@H](C(=O)[O-])NC(=O)CCCc1ccc(s1)Br,0,1,0,-7.0,19.790815353393555
769,769,C[C@@H]1CCC[C@@](C1)(CNC(=O)c2cnn(c2C(F)(F)F)c3ccc(cc3)Cl)[NH+](C)C,0,1,0,-9.8,27.618042469024658
770,770,Cc1ccc(cc1)C[NH+](CCOC)Cc2ccc(o2)C(c3ccc(cc3)OC)(c4ccc(cc4)OC)O,0,1,0,-9.7,53.04928922653198
771,771,Cc1cn(c[nH+]1)c2ccc(nn2)SCC(=O)NCc3cccc(c3)Cl,0,1,0,-9.3,21.052239656448364
772,772,COc1ccccc1C[NH2+]Cc2cc(c(c(c2)Br)OCc3ccc(c(c3)Cl)Cl)OC,0,1,0,-8.8,30.156915187835693
773,773,C[C@H](c1nc2ccccc2c(=O)n1c3ccc4ccccc4c3)N(CC[NH+](C)C)C(=O)Cc5ccccc5,0,1,0,-8.0,39.42293667793274
774,774,CN1c2ccccc2N(C1=C(C#N)C(=O)COC(=O)c3ccc(cc3)COCC(F)(F)F)C,0,1,0,-9.5,37.27896571159363
775,775,c1ccc(cc1)[C@@H](CNC(=O)Cn2c(nnc2[S-])c3cccs3)C4=c5ccccc5=[NH+]C4,0,1,0,-8.4,29.078991413116455
776,776,c1ccc(c(c1)c2ccc(=O)n(n2)C[NH2+]C3(CCCC3)c4ccc(cc4)F)F,0,1,0,-9.9,20.559170722961426
777,777,COc1ccccc1CC[NH2+]Cc2cc(ccc2OCc3c(cccc3Cl)F)Cl,0,1,0,-9.0,30.197627305984497
778,778,CC[C@H]1[C@@H]2C(=c3ccccc3=[NH+]2)C(=O)CN1C(=O)C(Cl)(Cl)Cl,0,1,0,-7.6,12.379281997680664
779,779,CCN1CCC(CC1)[NH2+][C@@H]2C[C@H](N(C2)CC(c3ccccc3)c4ccccc4)C(=O)NC(C)C,0,1,0,-8.1,38.23717665672302
780,780,C[C@@H](CCC=C(C)C)C[NH+]1CCC(CC1)[C@@]2(C(=O)N(C(=O)N2)Cc3ccsc3)C,0,1,0,-8.8,26.496694803237915
781,781,C[C@@H]1[C@H]([NH+]([C@@H]([C@@H](C1(Cc2ccccc2)O)C)c3ccccc3)C)c4ccccc4,0,1,0,-8.4,22.430972814559937
782,782,c1ccc(cc1)[C@H](C(=O)C2=c3ccccc3=[NH+]C2)OC(=O)c4c(cccc4Cl)Cl,0,1,0,-8.3,22.529239416122437
783,783,COc1ccc(cc1)C/N=C\2/CCCC3=c4ccccc4=[NH+][C@H]32,0,1,0,-8.8,14.868746757507324
784,784,c1ccc2c(c1)cccc2c3csc(n3)[C@@H](c4ccncc4)N,0,1,0,-9.8,14.548836946487427
785,785,CC[C@H]1CC[C@@H]([C@@H](C1)[NH+](C)Cc2cc(sc2)Br)C#N,0,1,0,-7.1,15.897071599960327
786,786,c1cc(ccc1N2C[C@]([N+]3=C2SCCC3)(c4ccc5c(c4)OCCO5)O)Br,0,1,0,-8.1,16.099533557891846
787,787,CN(C)C1CC[NH+](CC1)[C@@H]2CCCCCC[C@@H]2O,0,1,0,-6.7,11.57956576347351
788,788,CC[NH+](CC)[C@@H](C)CNC(=O)C(=O)Nc1ccc(cc1)NC(=O)CC(C)C,0,1,0,-7.9,27.391120195388794
789,789,Cc1ccc(cc1)c2nc(on2)CN(C(C)C)C(=O)c3cccc(c3)Br,0,1,0,-9.3,18.135097980499268
790,790,c1ccc(cc1)C2=NN=C[C@@H]2C[NH+]3CCC4(CC3)C[C@@H]4C(=O)NCc5cccs5,0,1,0,-9.7,24.67792820930481
791,791,c1ccc2c(c1)N[C@H](C3=C(N2)C[C@H](CC3=O)c4cccs4)c5ccc(cc5)Br,0,1,0,-8.6,15.743637800216675
792,792,Cc1ccc(cc1)C[n+]2c(csc2Nc3ccccc3)c4cccc(c4)S(=O)(=O)N5CCCC5,0,1,0,-8.8,32.010695457458496
793,793,Cc1nccc(n1)c2cccc(c2)N3CCC(CC3)[NH2+][C@H](C)c4cnn(c4)C,0,1,0,-9.7,18.84296488761902
794,794,CC[NH+](CC)[C@@H](CNC(=O)c1cc(on1)c2ccc(c(c2)F)F)c3ccc(cc3)C,0,1,0,-7.9,104.61931490898132
795,795,Cc1cc(nc([nH+]1)C)N2CCC[C@H](C2)OC(=O)c3ccccc3F,0,1,0,-8.8,63.03755521774292
796,796,c1ccc2c(c1)[C@H](CCO2)NC(=O)CC3=c4ccccc4=[NH+]C3,0,1,0,-9.7,21.132325887680054
797,797,c1cc(sc1)[C@H](CNC(=O)COc2ccc(cc2Br)F)[NH+]3CCCC3,0,1,0,-7.8,21.305968523025513
798,798,Cc1cc2c(cc1Cl)c(=O)c3c(o2)C(=O)N([C@H]3c4ccccn4)CC[NH+](C)C,0,1,0,-9.1,17.166882276535034
799,799,CCC(C)(C)[NH2+]Cc1cc(c(c(c1)Br)OCc2c(cccc2Cl)Cl)OCC,0,1,0,-8.8,26.66016936302185
800,800,COc1ccc(cc1F)C(=O)N2CC[C@]3(C2)/C(=[NH+]/C4CCCC4)/Nc5ccccc5CN3,0,1,0,-9.1,20.174164295196533
801,801,CCc1c(sc(n1)[C@H](C[C@@H](C)c2ccccc2)[NH2+]CC)C,0,1,0,-7.7,16.808630228042603
802,802,CC[C@H](C(=O)N[C@@H]1N=C(CS1)c2ccccc2)SC3[NH+]=c4ccccc4=[NH+]3,0,1,0,-9.0,20.62884783744812
803,803,C[C@@H](c1ccccc1OC(F)F)[NH2+][C@H](C)c2c(ccs2)Br,0,1,0,-9.1,17.305158138275146
804,804,CC[NH2+][C@H](C)c1cc(ccc1n2c3ccccc3cn2)F,0,1,0,-10.0,14.567605972290039
805,805,CCc1ccc(cc1)[C@@]([C@@H](C[NH+]2CCCCCC2)Oc3ccc(cc3C)Cl)(C(C)C)O,0,1,0,-7.9,31.73005771636963
806,806,C[C@H]1CCC[C@](C1)(CNC(=O)C2CCN(CC2)c3c(cc(cn3)C(F)(F)F)Cl)[NH+](C)C,0,1,0,-9.5,43.144816637039185
807,807,CO[C@H]1[C@@H](c2ccccc2C13CC[NH+](CC3)Cc4cc(ccc4F)F)NC(=O)Cc5cccs5,0,1,0,-9.0,62.83569312095642
808,808,CCOC(=O)c1csc(n1)NC(=O)c2cccn(c2=O)Cc3cccc(c3)C,0,1,0,-8.6,50.17193007469177
809,809,Cc1ccc2ccc(c(c2n1)O)[C@H](c3ccc(cc3)N(C)C)Nc4cccc[nH+]4,0,1,0,-8.5,20.986426830291748
810,810,Cc1ccc(cc1C)c2c([nH+]c([nH]2)C3CCCCC3)c4ccccc4,0,1,0,-8.9,13.608229637145996
811,811,C[C@H](c1[nH]c(=O)c2c(csc2n1)c3ccc(s3)Cl)Cl,0,1,0,-7.5,11.162006378173828
812,812,CCN(CC)c1ccc(c[nH+]1)CNC(=O)CSc2ccc(cn2)C(F)(F)F,0,1,0,-8.8,25.772510528564453
813,813,CCc1cc(c2cc(cc(c2n1)F)Br)N,0,1,0,-6.7,9.416165113449097
814,814,Cc1ccc(cc1C)S(=O)(=O)/N=C\2/[C@@H]([NH+]=c3ccccc3=[NH+]2)NC[C@@H]4CCCO4,0,1,0,-9.0,20.530064582824707
815,815,CC(C)(C)c1ccc(cc1)[C@H](c2cccnc2OC)[NH3+],0,1,0,-8.0,13.669325590133667
816,816,C[C@@H](c1ccc(cc1)F)[NH+](C)CCS(=O)(=O)CCN(C)[C@@H](C)c2ccc(cc2)F,0,1,0,-11.3,35.76086163520813
817,817,c1cc(sc1)[C@H](CNCc2cc3c(c(c2)Br)OCO3)[NH+]4CCCC4,0,1,0,-8.3,18.407603979110718
818,818,c1ccc(c(c1)NC(=O)C[NH+](Cc2cccs2)C[C@@H]3CCCO3)SC(F)F,0,1,0,-7.0,25.980454683303833
819,819,Cc1cc(cc(c1)CNC(=O)[C@@H]2CN(CC23CC[NH2+]CC3)C(=O)[C@@H](C(C)C)Oc4ccccc4)C,0,1,0,-10.0,31.510112762451172
820,820,CC[C@@H](C)OC(=O)c1cnc2c(c1NCCc3ccccc3)cnn2C[C@H](c4ccccc4)Cl,0,1,0,-9.0,45.80597734451294
821,821,Cc1cccc(c1)N2CCN(C[C@H]2C)C(=S)Nc3ccc4c(c3)c(cc([nH+]4)N5CCCC5)C,0,1,0,-10.2,23.376673936843872
822,822,Cc1nnc(o1)Cn2c[nH+]c(c2/C=C(\C)/CCC=C(C)C)c3ccccc3,0,1,0,-8.9,23.362179279327393
823,823,CN(C)c1ccc(cc1)[C@@H](CNC(=O)C[C@@H]2CCC=C2)C3=c4ccccc4=[NH+]C3,0,1,0,-8.3,25.894644021987915
824,824,CCN(Cc1c(cc(nc1Cl)C)Cl)C2C[C@H]3CC[C@@H](C2)[NH2+]3,0,1,0,-7.4,13.640130758285522
825,825,c1ccc(cc1)[C@H]2[C@@H]3C(=c4ccccc4=[NH+]3)C[C@@H]5N2C(=O)CN(C5=O)CCC6=CCCCC6,0,1,0,-8.8,20.1503963470459
826,826,C[NH+](Cc1ccc2c(c1)OCO2)Cc3ccc(s3)Cl,0,1,0,-7.5,13.524885177612305
827,827,CC1=NN([C@](C1)(C(F)(F)F)O)C(=O)c2cccc(c2)Br,0,1,0,-8.6,13.088954210281372
828,828,CCn1c(nnc1SCC(=O)Nc2ccc(cc2)C(C)C)[C@@H]3CCCN3C(=O)c4ccccc4Cl,0,1,0,-10.4,40.79685926437378
829,829,c1ccc(c(c1)[C@@H]2N=[NH+]C(=S)N2/N=C/c3ccc(c(c3)Cl)Cl)Cl,0,1,0,-9.5,14.874081134796143
830,830,CCOc1ccc(cc1)[C@H]2[C@@H]3C(=c4ccccc4=[NH+]3)CCN2C(=O)Cc5cccs5,0,1,0,-8.3,19.48506474494934
831,831,CCc1ccc2c(c1)cc(c(=O)[nH]2)C[NH+](Cc3ccc4c(c3)OCO4)[C@H](CC)c5nnnn5C(C)(C)CC,0,1,0,-10.0,44.64228534698486
832,832,c1cc(oc1C(=O)Nc2c(c3c(s2)CCC3)C#N)Br,0,1,0,-7.1,12.3653404712677
833,833,CCOC(=O)c1c2c(sc1NC(=O)c3ccc(c(c3)F)F)C[C@@](CC2)(C#N)c4ccccc4,0,1,0,-9.2,26.207599878311157
834,834,Cn1cc(cn1)[C@H]2C[C@H]2C(=O)NC3CCSCC3,0,1,0,-6.9,12.538467645645142
835,835,Cc1c(oc(c1C(=O)Nc2nc(c(s2)C)c3ccc(cc3)OC)C)C,0,1,0,-8.9,16.00045084953308
836,836,Cc1ccc(c(c1)Br)O[C@@H](c2ccccc2)[C@@H](C)[NH3+],0,1,0,-7.6,14.094322443008423
837,837,CC[NH2+][C@@H](c1ccc(c(c1)Br)OC)c2cc(ccc2Br)F,0,1,0,-7.6,15.04669451713562
838,838,c1cc(sc1)C[NH+](C[C@@H]2CCCO2)CC(=O)N3CCC[C@@H]3c4ccc5c(c4)OCCCO5,0,1,0,-8.2,28.891520261764526
839,839,C[C@@H](c1nnc(n1c2ccc(cc2)Cl)SCc3ncc(o3)c4ccc(cc4)Cl)[NH+](C)C,0,1,0,-9.3,29.285121202468872
840,840,COc1cc(c(cc1OC)Br)C[NH2+]Cc2cc(cs2)Br,0,1,0,-6.8,15.96196699142456
841,841,CC1=C[C@@H]2C(=N1)C=CC=C2OC[C@@H](C[NH2+][C@@H](C)CCn3cnc4c3c(=O)n(c(=O)n4C)C)O,0,1,0,-9.5,44.85957169532776
842,842,CCOC(=O)c1c[nH+]c2ccccc2c1NCc3ccc(cc3)C(=O)N4C[C@H](O[C@@H](C4)C)C,0,1,0,-10.6,32.447248697280884
843,843,C[C@H](CCC(C)C)NC(=O)CSc1nnc(n1c2ccc(cc2)F)[C@H](C)[NH+]3CCCCC3,0,1,0,-8.0,37.085474729537964
844,844,CCOC(=O)c1c2c(c(s1)C)C(=O)N([C@@H](N2)c3ccc(cc3)SC)Cc4ccccc4,0,1,0,-7.4,26.4606773853302
845,845,Cc1ccc(cc1)c2cnc(o2)CCC(=O)NC[C@@H](c3ccccc3)[NH+]4CCCC4,0,1,0,-10.9,27.537343978881836
846,846,CC1(Cc2c(sc(n2)C3CCOCC3)[C@@H](C1)[NH2+]C)C,0,1,0,-7.3,11.094817876815796
847,847,Cc1ccsc1C[NH+](CC(=O)Nc2ccccc2I)C(C)C,0,1,0,-6.5,16.98800230026245
848,848,[H]/N=C/1\C=C[C@@H](S1)c2nc(no2)Cc3cc(cc(c3)F)F,0,1,0,-8.4,12.984318256378174
849,849,CCOC(=O)c1c2c(sc1NC(=O)c3ccc(cc3)Br)C[C@H](CC2)C(C)(C)C,0,1,0,-8.1,21.45321273803711
850,850,CCOc1cc(ccc1OCc2ccccc2Cl)[C@H]3[C@H]4C(=c5ccccc5=[NH+]4)CCN3,0,1,0,-10.6,23.805305242538452
851,851,CC[NH+](CC)CCCn1c(=O)c2ccccc2nc1SCc3cc(=O)n4cc(ccc4n3)C,0,1,0,-11.2,36.55078387260437
852,852,Cc1c(c(n(n1)C)Oc2ccc(cc2)I)CCl,0,1,0,-7.1,12.257770538330078
853,853,C[C@@H]1C(=c2cc(ccc2=[NH+]1)OC(F)(F)F)CCNC(=O)[C@@H]3Cc4cc(ccc4OC3=O)OC,0,1,0,-10.9,36.77692484855652
854,854,CCOC(=O)[C@@]1([C@@H]2[C@@H]([C@H](N1)c3ccc(cc3)C(C)C)C(=O)N(C2=O)c4ccc(cc4)OC)C,0,1,0,-8.3,25.6595938205719
855,855,Cc1ccc(cc1C)[C@H](C)NC(=O)C[NH+](C)[C@@H](C)c2ccc(c(c2)F)F,0,1,0,-9.5,20.67022395133972
856,856,CCCCn1c2ccc(cc2nc1C[NH+]3CCCCC3)NC(=O)CC(C)C,0,1,0,-8.1,22.695319175720215
857,857,Cc1c(c(n(n1)C)Oc2ccc(cc2Br)Cl)C[NH2+]C(C)C,0,1,0,-7.0,16.012176513671875
858,858,COc1ccc(cc1)CCN2CC(=O)N3[C@H](C2=O)CC4=c5ccccc5=[NH+][C@@H]4[C@H]3c6ccccc6OC,0,1,0,-9.1,29.130016088485718
859,859,CCc1cc2c(=O)c(c(oc2c(c1O)C[NH+](CC)CC)C(=O)OCC)c3nc4ccccc4s3,0,1,0,-7.9,29.57319211959839
860,860,CC[C@@H]([C@@H](c1ccc(s1)Br)Sc2ccccc2OC)[NH3+],0,1,0,-6.5,16.66661286354065
861,861,Cc1ccc(cc1)S(=O)(=O)NC(=O)O[C@H]2C[C@H]3C[C@@H]2[C@@H]4[C@@H]3CC=C4,0,1,0,-9.0,14.803868055343628
862,862,Cc1cccc2c1nc(s2)N(CCC[NH+](C)C)C(=O)Cc3ccc(c(c3)C)C,0,1,0,-8.2,22.2573664188385
863,863,CC[C@H](c1ccccc1O)[NH2+][C@@H](C)c2ccco2,0,1,0,-7.3,14.422762155532837
864,864,CCOc1ccccc1C[NH+](Cc2ccco2)C[C@H](COc3ccccc3F)O,0,1,0,-8.9,37.75011444091797
865,865,Cc1cccc-2c1N(C(c3c2c(=S)ss3)(C)C)C(=O)C4CC4,0,1,0,-7.4,10.185734272003174
866,866,CCCCCCNC(=O)[C@@H]1CN(CC12CC[NH2+]CC2)C(=O)c3c(onc3c4c(cccc4Cl)Cl)C,0,1,0,-8.8,34.257678270339966
867,867,CC[C@@H]1C(=O)N2[C@H](C(=C(N=C2S1)C)C(=O)OCc3ccccc3)c4ccc(c(c4)OCC)OCC,0,1,0,-7.6,39.50512647628784
868,868,C[C@@H](C(=O)c1cc(cc2c1NC(=O)C2(C)C)Cl)Cl,0,1,0,-7.4,10.243602275848389
869,869,C[C@@]12CCCC(=C)[C@@H]1C[C@H]3[C@@H](C2)OC(=O)[C@@H]3C[NH+]4CCC(CC4)(Cc5ccccc5)O,0,1,0,-11.0,22.71244192123413
870,870,COc1ccccc1CC[NH2+]Cc2c3ccccc3ccc2OCc4ccccc4F,0,1,0,-7.9,35.57009148597717
871,871,C[C@@H]1CN(C[C@@H](O1)C)C[C@@H](c2ccc(cc2)N(C)C)Cl,0,1,0,-7.3,12.627259969711304
872,872,Cc1cccn2c1[nH+]c(c2CC(=O)Nc3ccc(nc3)N4CCC(CC4)C)C,0,1,0,-10.3,19.21464991569519
873,873,c1ccc(c(c1)COC[C@@H](CSc2c3c(csc3ncn2)c4ccc(cc4)F)O)F,0,1,0,-9.2,35.15528106689453
874,874,c1ccc(c(c1)COc2cccc(c2)C[NH2+][C@@H]3CCN4[C@@H]3CCCC4)C#N,0,1,0,-9.9,23.547135829925537
875,875,CC(C)[NH+](C)Cc1ccccc1CNC(=O)CCc2nc(no2)c3cccnc3,0,1,0,-10.1,34.62526297569275
876,876,COc1ccc(cc1)c2csc3c2c(ncn3)NC[C@H](c4ccc(cc4)OC)C5=c6ccccc6=[NH+]C5,0,1,0,-9.2,42.08046770095825
877,877,CC(=CCC/C(=C/[C@@H](c1c[nH]c2c1cccc2)C3=c4ccccc4=[NH+]C3)/C)C,0,1,0,-8.1,19.712801456451416
878,878,Cc1ccc(o1)[C@H](C)[NH2+][C@H](CC(C)C)CO,0,1,0,-6.6,14.588545560836792
879,879,CC[NH+](CC)CCN(c1nc2cc(cc(c2s1)C)C)C(=O)c3ccc4c(c3)CCCC4,0,1,0,-8.8,26.50600528717041
880,880,Cc1cc(ccc1Cl)OC[C@H](C[NH+](Cc2ccc(cc2)F)C[C@@H]3CCCO3)O,0,1,0,-9.4,31.76678228378296
881,881,CCOc1ccc(cc1)/C=C/2\C(=O)c3c(cc(c(c3O2)C[NH+]4C[C@@H](C[C@H](C4)C)C)O)C,0,1,0,-9.1,35.2501745223999
882,882,COc1ccc(cc1OC)[C@H]2c3cccn3-c4c(ccc5c4OCO5)C[NH2+]2,0,1,0,-8.0,77.9167890548706
883,883,CC(C)C[C@H]1CSC(=[NH+]1)N[C@@H](c2cccs2)C(C)C,0,1,0,-6.4,23.535752534866333
884,884,CCC1([C@H]([C@H]([NH2+][C@H]([C@@H]1C)c2ccc(cc2)N(C)C)c3ccc(cc3)N(C)C)C)O,0,1,0,-7.8,35.66404128074646
885,885,Cc1ccc(cc1)c2cc(c3c(nn(c3n2)[C@@H]4CCS(=O)(=O)C4)C)C(=O)N5CCC[C@H](C5)C,0,1,0,-10.0,51.559574604034424
886,886,Cc1ccc(cc1C)[C@@H](CN(C)[C@@H](c2ccccc2)c3ccccn3)O,0,1,0,-7.6,50.592294692993164
887,887,CC[C@H](C)N(Cc1c(nn(c1Oc2ccc(cc2)OC)C)c3ccccc3)C[C@@H](c4ccccc4)O,0,1,0,-9.8,82.99392938613892
888,888,Cc1c(sc2c1c(ncn2)N3CCC(CC3)C(=O)NC[C@]4(CCC[C@H](C4)C)[NH+](C)C)C,0,1,0,-8.4,40.55521297454834
889,889,CC[NH2+][C@@H](c1cc(cnc1)Br)c2cc(ccc2OC)Br,0,1,0,-7.4,14.058213710784912
890,890,C[C@H]1Cc2cc(ccc2N1C(=O)C)S(=O)(=O)N3CCC[C@@H](C3)C(=O)N4CCCCCC4,0,1,0,-10.9,18.826290369033813
891,891,C[C@@H]1C(=c2cc(ccc2=[NH+]1)F)CCNC(=O)C3CCN(CC3)C(=O)c4ccc(cc4)C(C)(C)C,0,1,0,-10.6,32.96760296821594
892,892,c1ccc(cc1)c2csc3c2c(nc(n3)C[NH+]4CCOCC4)Sc5[nH]c(nn5)c6cccs6,0,1,0,-9.3,26.652518033981323
893,893,CC[NH2+][C@H](c1ccco1)c2ccc(o2)Br,0,1,0,-6.3,11.321460962295532
894,894,Cc1cc(cc2c1nc(s2)N(CCC[NH+](C)C)C(=O)c3ccc4c(c3)CCCC4)Cl,0,1,0,-9.0,24.30895471572876
895,895,CCCCOc1ccc(cc1)N[C@H]2/C(=N/S(=O)(=O)c3ccc(cc3)Cl)/N=c4ccccc4=[NH+]2,0,1,0,-9.7,56.67411971092224
896,896,Cc1cc2n(n1)[C@H](C[C@H](N2)c3cccs3)C(F)(F)F,0,1,0,-7.3,20.15548086166382
897,897,C[C@H](C(C)(C)C)N(C)c1ccc(c(n1)C[NH2+]C(C)(C)C)Cl,0,1,0,-6.7,32.89417624473572
898,898,CC(C)(CNC(=O)c1cc(c(s1)Br)Br)[NH+](C)C,0,1,0,-6.1,23.034202337265015
899,899,C[C@@H](C1CC1)N(C)c2cc(ncn2)Cl,0,1,0,-6.7,16.741902351379395
900,900,CC[NH2+][C@H]1CCCCCC[C@@H]1N2C[C@H](O[C@H](C2)C)C,0,1,0,-7.0,20.36552333831787
901,901,CC[C@@H](C)NC(=O)C[NH+]1CCN(CC1)Cn2c(=S)sc(n2)SCC,0,1,0,-7.5,35.462231397628784
902,902,CCC[NH+](Cc1c(nn(c1Oc2ccc(cc2)C)C)c3ccccc3)C[C@@H](COCC(C)C)O,0,1,0,-8.6,98.45958161354065
903,903,c1cc(sc1)/C=C\2/C(=O)NN(C2=O)c3ccc(cc3)Br,0,1,0,-8.4,24.846394538879395
904,904,COCCN(CC1CC[NH+](CC1)Cc2ccccc2F)C(=O)[C@H]3C=c4cc(ccc4=[NH+]3)F,0,1,0,-8.6,58.125131130218506
905,905,Cc1c(c(n(c(=O)c1C#N)C)N2C[C@H](O[C@@H](C2)C)C)/C=C\3/C(=O)N(C(=S)S3)CC(C)C,0,1,0,-8.1,38.160754442214966
906,906,CCCC[C@@H](C(C)C)[NH+](C)[C@H](C)c1ccccc1,0,1,0,-6.6,13.37443208694458
907,907,c1cc2c(cc1[N+](=O)[O-])CCN2C(=O)C[NH+](CCO)Cc3cc(ccc3F)Br,0,1,0,-9.0,26.11030101776123
908,908,Cc1cc(c(c(c1)C)NC2=NC(=O)[C@@H](N=[NH+]2)Cc3ccc(cc3)Cl)C,0,1,0,-10.1,19.947844743728638
909,909,Cc1cc(c2c(c1)sc(n2)N(C[C@H]3CCCO3)C(=O)CSc4ccccc4)C,0,1,0,-9.0,20.447846174240112
910,910,CC[C@H]([C@@H](c1ccc(o1)C)Oc2ccc(cc2)CC#N)[NH3+],0,1,0,-7.9,18.003865480422974
911,911,CC[NH2+][C@H](c1cc(ccc1Cl)Cl)c2cnccn2,0,1,0,-7.1,12.24819302558899
912,912,CC(C)(C)c1ccc2c(c1)c3c4n2CC[NH+]([C@H]4CCC3)CC#N,0,1,0,-8.5,11.957926034927368
913,913,CC[C@@H](c1ccc(cc1)OC)[NH2+][C@@H](C)c2ccc(cc2)I,0,1,0,-8.3,16.155799627304077
914,914,Cc1c(cco1)[C@@H](c2cc3c(cc2Br)OCCO3)O,0,1,0,-7.4,11.732666492462158
915,915,Cc1c2ccccc2nc(c1CC(=O)NC[C@@H](c3ccccc3Cl)[NH+]4CCCC4)C,0,1,0,-9.9,23.50664210319519
916,916,Cc1ccnc(c1)NC(=O)c2ccc(s2)C#CCCO,0,1,0,-7.5,17.67300009727478
917,917,CCN1CCN(CC1)C(=O)CC2CC[NH+](CC2)C[C@@](C)(c3ccc(cc3)C)O,0,1,0,-9.5,27.6471107006073
918,918,Cc1c(c(n(n1)Cc2ccccc2Cl)Cl)C(=O)NCc3ccc(cc3)C[NH+](C)C,0,1,0,-9.7,27.247706174850464
919,919,Cc1cccc(c1NC(=O)CN(c2cc(ccc2C)Cl)S(=O)(=O)c3ccccc3)C,0,1,0,-8.7,23.45773720741272
920,920,c1ccc(cc1)C(=O)[C@@H]2CCC[NH+](C2)Cc3nc4ccccc4c(n3)NCc5cccs5,0,1,0,-9.3,28.19650173187256
921,921,C[NH+](Cc1nc2ccccc2s1)CC(=O)Nc3ccccc3c4ccccc4,0,1,0,-10.5,25.19198441505432
922,922,CCCC(=O)Nc1ccc(cc1)CC(=O)N(CC[NH+](C)C)C[C@@H]2CCCO2,0,1,0,-7.6,26.125056743621826
923,923,C[NH+](Cc1ccccc1Cl)CC(=O)c2c(ccs2)Br,0,1,0,-7.5,14.568328619003296
924,924,C[NH+](CCN(C)C(=O)[C@@H]1CCC(=O)N(C1)C2CCCC2)C3CCCC3,0,1,0,-9.0,18.10959792137146
925,925,Cc1c(sc(n1)Cc2ccccc2)C(=O)Nc3nnc(s3)SCc4cccs4,0,1,0,-9.7,24.400159120559692
926,926,CCOC(=O)c1c2c(sc1NC(=S)N3CC[NH+](CC3)C45CC6CC(C4)CC(C6)C5)CCCCCC2,0,1,0,-10.1,32.77935242652893
927,927,CCOC(=O)c1ccc2c(c1)c(cc([nH+]2)C)Nc3ccc(cc3)OCc4ccccc4,0,1,0,-9.6,27.363142251968384
928,928,C[NH+](C1CCCCC1)C2CCN(CC2)S(=O)(=O)c3ccc4c(c3)ccc(=O)[nH]4,0,1,0,-9.8,18.781064748764038
929,929,COc1ccc2c(c1)cc(c(=O)[nH]2)[C@@H](c3nnnn3C4CCCCC4)[NH+](Cc5cccnc5)Cc6ccco6,0,1,0,-8.8,46.80643582344055
930,930,CC(C)[C@](c1ccc(cc1)F)([C@@H](C[NH+](C)Cc2ccccc2)c3ccccc3)O,0,1,0,-7.7,30.114314556121826
931,931,C1CCC(C1)CCC(=O)N2C[C@H](C3(C2)CC[NH2+]CC3)C(=O)NCC4CC[NH+](CC4)C5CCCC5,0,1,0,-9.6,33.95488667488098
932,932,CC(=O)O[C@H]1CC[C@]2([C@H]3CC[C@@]4([C@@H]([C@H]3CC=C2C1)CC=C4C#N)C)C,0,1,0,-8.3,13.108082056045532
933,933,Cc1ccc(cc1NC(=O)CCSc2nnc(n2CC=C)c3ccc(cc3)Br)Cl,0,1,0,-9.5,29.066912412643433
934,934,CCOc1ccccc1NC(=O)CSc2c3c(n(c(=O)n2)CC[NH+](C)C)CCC3,0,1,0,-8.2,29.315239429473877
935,935,CC(C)(C[NH+]1CC[C@H]2CCCC[C@@H]2C1)C=O,0,1,0,-6.4,10.423449993133545
936,936,CCc1ccc(cc1)[C@H](CNC(=O)c2cc(ccc2Cl)Br)[NH+](C)C,0,1,0,-7.7,19.012417793273926
937,937,c1cc(ccc1C(=O)N[C@@H](C(Cl)(Cl)Cl)[NH+]2CCCC2)Br,0,1,0,-7.1,13.998729944229126
938,938,c1ccc(cc1)C2=Nc3ncnn3[C@H](C2)c4cccs4,0,1,0,-8.6,12.003287553787231
939,939,Cc1ccc(c(c1)C)[C@H](C)NC(=O)CN(c2ccc(cc2)F)S(=O)(=O)c3ccc(cc3)F,0,1,0,-10.1,33.302486419677734
940,940,c1ccc(c(c1)CN2c3ccccc3N[C@@H]2SCC(=O)N/N=C\C4=c5ccccc5=[NH+]C4)Cl,0,1,0,-10.1,32.73973894119263
941,941,Cc1ccc(cc1)[C@H]2[C@@H]3C(=c4cc(ccc4=[NH+]3)OC)CCN2C(=O)Nc5cccc(c5)C,0,1,0,-9.3,23.63793134689331
942,942,CCC(=O)N1CCc2ccc(cc2[C@H]1c3cccc(c3)F)OCc4nc(cs4)C(=O)N(CC)CC,0,1,0,-9.9,33.37126612663269
943,943,CN(C)c1ccc(cc1)[C@@H](CNC(=O)c2ccc3c(c2)OCCO3)C4=c5ccccc5=[NH+]C4,0,1,0,-9.4,29.633117198944092
944,944,c1cc2ncc(c(=O)n2cc1Br)C(=O)OCC3CCCC3,0,1,0,-7.7,13.9005126953125
945,945,Cc1c(nc(o1)c2ccc(cc2)c3ccccc3)C[NH+](C)CCn4ccnc4C,0,1,0,-10.5,21.322351455688477
946,946,C[C@H](CC(=O)N(c1ccccc1Cl)[C@H](c2ccc(cc2)N(C)C)C(=O)NC(C)(C)C)c3ccccc3,0,1,0,-8.2,40.31495141983032
947,947,Cc1ccc(cc1)NC(=O)CCCCCN2C(=O)/C(=C/C(=C/c3ccccc3)/C)/SC2=S,0,1,0,-9.1,34.957945585250854
948,948,C[NH+](C)CCCN(c1nc2c(ccc(c2s1)Cl)OC)C(=O)c3ccc(cc3F)F,0,1,0,-7.9,25.83590006828308
949,949,Cc1ccccc1c2csc3c2c(=O)[nH]c(n3)C[NH+](CC(C)C)CC(C)(C)O,0,1,0,-8.8,25.76028275489807
950,950,C[C@@H](c1ccc(s1)Cl)[NH2+][C@H](C)c2cnn(c2)C,0,1,0,-6.8,12.949361801147461
951,951,C[C@H](c1ccc(cc1)SC)[NH2+]Cc2cccc(c2Cl)Cl,0,1,0,-7.9,14.568391799926758
952,952,c1ccc(cc1)COC(=O)N[C@@H](CC2=c3ccccc3=[NH+]C2)C(=O)NCCc4ccc(cc4Cl)Cl,0,1,0,-9.4,40.237590074539185
953,953,CC[C@@H](c1nc(no1)Cc2cccc(c2)Br)[NH2+]C,0,1,0,-7.4,13.709992408752441
954,954,C[C@]12CCC(CC1=CC[C@@H]3[C@@H]2CC[C@]4([C@@H]3CC[C@@]45CO5)C)(OC)OC,0,1,0,-9.3,10.437456607818604
955,955,Cc1ccc(cc1)S(=O)(=O)N[C@H](C)C2C3CC4CC(C3)CC2C4,0,1,0,-9.6,15.040958166122437
956,956,CCC[NH+](Cc1c(nn(c1Oc2cccc(c2)F)c3ccc(cc3)F)C)C[C@H](COC(C)(C)C)O,0,1,0,-8.3,50.8269362449646
957,957,Cc1cccc(c1)CSc2nc3ccncc3n2CC(=O)Nc4ccc(cc4F)Br,0,1,0,-9.1,31.906320810317993
958,958,Cc1ccc(cc1)OC2=CN=[NH+][C@H]2c3ccc(cc3O)OCc4ccc(cc4Cl)Cl,0,1,0,-9.6,28.649900913238525
959,959,CCc1ccc(cc1)[C@@H](CNC(=O)Cn2c3ccccc3nc2C(F)(F)F)[NH+](C)C,0,1,0,-10.3,28.423003911972046
960,960,CCOc1cc(cc(c1OCC)Cl)/C=C/2\C(=O)N(C(=S)S2)c3ccc(c(c3)C)C,0,1,0,-8.6,24.79568386077881
961,961,COCCN(C[C@H]1NN=C(O1)c2cccs2)C(=O)CC3=c4ccccc4=[NH+]C3,0,1,0,-9.2,27.925354719161987
962,962,c1ccc2=[NH+]CC(=c2c1)C[C@@H](COc3cc(cnc3)c4ccc5cnc(cc5c4)C#N)[NH3+],0,1,0,-11.4,28.24541425704956
963,963,Cc1ccc(cc1F)c2nc3c(n2CCCOC)c(=O)[nH]c(=O)n3CC(C)C,0,1,0,-7.7,22.184970140457153
964,964,CCN(CC)S(=O)(=O)c1ccc2nnc(n2c1)SCC3(CCCCC3)O,0,1,0,-7.7,22.766522645950317
965,965,C[C@H](C(=O)c1ccc(s1)CNC(=O)C)OC(=O)Cc2ccc(cc2)c3ccccc3,0,1,0,-9.3,34.22281885147095
966,966,c1cc(sc1)[C@@H](c2nnnn2C3CCCC3)[NH+](Cc4ccc(cc4)Cl)C[C@H]5CCCO5,0,1,0,-8.1,32.02216410636902
967,967,CC[NH2+][C@H](C)c1cnc(nc1C)c2cccc(c2)Br,0,1,0,-7.7,13.174586296081543
968,968,Cc1ccc(cc1)Nc2nn(c(=S)s2)CN3CC[C@@H](C3)[NH+]4CCCC4,0,1,0,-8.5,17.674403429031372
969,969,Cc1ccc(cc1NC(=O)N(CC[NH+](C)C)Cc2cccc(c2)C#N)C(=O)OC,0,1,0,-8.0,28.87338423728943
970,970,c1cc(ccc1[C@@H](C[NH+]2CCCC2)C#N)Br,0,1,0,-7.3,12.101075887680054
971,971,Cc1ccc(cc1)c2cc(c(c(n2)SCC(=O)Nc3cc(ccc3C)C)C#N)C(F)(F)F,0,1,0,-9.3,25.960557460784912
972,972,CCc1ccc(cc1)[C@H]2CN3C(=O)CN(C(=O)[C@@]3([C@@H]4C2=c5ccccc5=[NH+]4)C)CCc6cccc(c6)F,0,1,0,-10.0,26.320032835006714
973,973,Cc1ccc(o1)[C@H](CNC(=O)COc2ccc(c(c2)C)Cl)[NH+]3CCC(CC3)C,0,1,0,-8.5,26.148645401000977
974,974,Cc1c(c(ccc1C[NH+]2CCNC(=O)[C@H]2CC(=O)N(C)Cc3nccs3)OC)C,0,1,0,-8.8,29.903451204299927
975,975,CC[NH+](CC)CCC[C@H](C)N(CC1=CC[C@H]2C[C@@H]1C2(C)C)C(=O)Nc3cccc(c3)OC,0,1,0,-8.2,39.03688883781433
976,976,Cc1nc(c(s1)c2ccccc2)C(=O)NC[C@@H](c3ccccc3Cl)[NH+]4CCCCCC4,0,1,0,-10.3,27.425808906555176
977,977,c1c2c(sc1C(=O)N3CCCC3)C[NH+](C2)C4CCCC4,0,1,0,-7.8,11.531715869903564
978,978,C[NH+](C)[C@H](CNc1c2ccccc2nc(n1)c3cccnc3)c4cccs4,0,1,0,-7.7,19.866942167282104
979,979,CC(C)CC[NH2+]Cc1cc(ccc1OCc2ccc(cc2Cl)Cl)Cl,0,1,0,-10.4,21.937434673309326
980,980,CCC(CC)[C@H](C(=O)NCS(=O)(=O)c1ccc(cc1)C)N(C)C(=O)C#Cc2ccccc2,0,1,0,-9.0,34.62578296661377
981,981,Cc1ccccc1OC[C@H](C[NH+](CCC(C)C)Cc2cccn2Cc3ccccc3F)O,0,1,0,-7.4,51.991233587265015
982,982,Cc1ccc2c(c1)c(c(n2C[C@H](C[NH+]3CCOCC3)O)c4ccccc4)c5ccccc5,0,1,0,-8.1,28.27406930923462
983,983,C[C@@H]1CN(CCO1)C[C@@H]2C[C@@H](CC[C@@H]2[NH2+]C)C(C)(C)C,0,1,0,-6.9,12.792075634002686
984,984,CN(C)c1ccc(cc1)[C@H](CNS(=O)(=O)c2cccs2)S(=O)(=O)c3cccs3,0,1,0,-7.2,25.009337186813354
985,985,Cc1cc(nc2c1cc(cc2)NC(=S)NCCN3CCOCC3)N4CC[NH+](CC4)C,0,1,0,-10.5,25.774147748947144
986,986,Cc1c(c(n(n1)c2ccccc2Cl)Cl)C[NH2+]Cc3ccc(c(c3)OC)O,0,1,0,-9.4,22.76725459098816
987,987,CCN(Cc1ccc(s1)Cl)C(=O)CSc2nnc(n2c3ccc(cc3)F)[C@H](C)[NH+](C)C,0,1,0,-7.5,37.985591650009155
988,988,c1ccc2=[NH+]C(=O)[C@@H]3[C@@H](CC(=O)OC3=c2c1)c4ccc(cc4)OCc5cccc(c5)Cl,0,1,0,-10.0,18.555205583572388
989,989,Cc1cc(c(cn1)C)c2ccc(cc2)C(=O)N3CCc4c3cc(c(c4)OC)N5C[C@H]([NH2+][C@H](C5)C)C,0,1,0,-9.3,24.339153051376343
990,990,CN(C)c1ccc(cc1)[C@H](CNC(=O)c2cc(ccc2Br)OC)C3=c4ccccc4=[NH+]C3,0,1,0,-8.6,29.040322303771973
991,991,Cc1cc(ccc1F)[C@@H]2C[C@@H](CN(C2)C(=O)Cc3ccccc3)C(=O)NCC[NH+](C)C,0,1,0,-7.8,25.422003269195557
992,992,c1ccc2=[NH+]CC(=c2c1)[C@@H](CNC(=O)Cc3ccc(cc3)[N+](=O)[O-])c4ccccc4Cl,0,1,0,-8.5,28.692599058151245
993,993,C[C@@H](CCc1ccccc1)NC(=O)c2cc3c(s2)n(c([nH+]3)N(C)C)c4ccc(cc4)F,0,1,0,-9.6,27.237075090408325
994,994,CCCN(CC(=O)NC(C)(C)C)C1C[C@H]2CC[C@@H](C1)[NH2+]2,0,1,0,-7.2,14.979241132736206
995,995,CC(C)(C)[C@H]1CC[C@H]([C@@H](C1)CN2CCCOCC2)[NH2+]C,0,1,0,-7.6,13.229127168655396
996,996,Cc1c(nc(o1)c2cccs2)CSc3nc4ccccc4c(=O)n3C[C@H]5CCCO5,0,1,0,-9.0,23.950535535812378
997,997,C[C@H](CCC(=O)OC)[C@@H]1CC[C@H]2[C@]1([C@H](C[C@@H]3[C@H]2CC[C@H]4[C@]3(CC[C@H](C4)OC(=O)c5ccccc5)C)O)C,0,1,0,-9.0,37.65491247177124
998,998,C[C@H]1C[C@H]1NC(=O)C2CCC(CC2)[NH3+],0,1,0,-6.8,10.280656576156616
999,999,Cc1ccc(nc1)[C@H](Cc2ccsc2)NCc3cn(c4c3cccc4)CC[NH+](C)C,0,1,0,-7.4,30.847601175308228
