,can,active,decoy,other
0,O=S(=O)(c1cccc2nonc12)n5ccc6ncc(c4cnn(C3CCNCC3)c4)cc56,1,0,0
1,COc4cc3nccc(Oc2ccc(NC(=O)CC(Nc1ccccc1)C(F)(F)F)cc2F)c3cc4OC,1,0,0
2,Fc4ccc(NC(=O)CC(=O)Nc3ccc(Oc1ccnc2[nH]ccc12)c(F)c3)cc4,1,0,0
3,Cn5cnc(c4cc3nccc(Oc2ccc(NC(CC(=O)Nc1ccc(F)cc1)C(F)(F)F)cc2F)c3s4)c5,1,0,0
4,CN5CCN(c4cnc3cc(C(F)(F)F)cc(c2ccc1[nH]c(=O)[nH]c1c2)c3n4)CC5,1,0,0
5,CN(C)CCCOc4cn3ncnc(Oc2ccc(NC(=O)c1cccnc1)cc2F)c3c4C,1,0,0
6,Fc5ccc(CC(=O)NC(=O)Nc4ccc(Oc2ccnc3[nH]cc(C(=O)NCc1cccnc1)c23)c(F)c4)cc5,1,0,0
7,O=c4[nH]cnc5[nH]c(c3ccnc(/C=C/c2ccc(CN1CCOCC1)cc2)c3)cc45,1,0,0
8,Nc3nccc(Oc2ccc(NC(=O)NC(=O)Cc1ccc(F)cc1)cc2F)c3C#Cc4ccccn4,1,0,0
9,Cc4c(OCCN1CCOCC1)cn5ncnc(Oc3ccc(NC(=O)CC(=O)Nc2ccc(F)cc2)cc3F)c45,1,0,0
10,Cn5cnc(c4cc3nccc(Oc2ccc(NC(=O)NC(=O)Cc1ccccc1)cc2F)c3s4)c5,1,0,0
11,CN5CCN(C(=O)c4cc3nccc(Oc2ccc(NC(=S)NC(=O)Cc1ccccc1)cc2F)c3s4)CC5,1,0,0
12,Fc2cc(NC(=S)NC(=O)Cc1ccccc1)ccc2Oc4ccnc5cc(c3cccnc3)sc45,1,0,0
13,Fc5ccc(CC(=O)NC(=O)Nc4ccc(Oc2ccnc3[nH]cc(c1cccnc1)c23)c(F)c4)cc5,1,0,0
14,CN5CCN(C(=O)c4c(C)[nH]c(\C=c2/c(=O)[nH]c3ccc(S(=O)(=O)N(C)c1cccc(Cl)c1)cc23)c4C)CC5,1,0,0
15,C[C@H](Oc3ccc2ncc(C1CC1C(N)=O)cc2c3)c4c(Cl)ccc(F)c4Cl,1,0,0
16,Nc4cnc3ccn(S(=O)(=O)c1c(Cl)nc2sccn12)c3c4,1,0,0
17,Nc3cc(Oc2ccc(NC(=O)CC(=O)Nc1ccc(F)cc1)cc2F)ccn3,1,0,0
18,Fc5ccc(CC(=O)NC(=O)Nc4ccc(Oc2ncnn3ccc(c1ccccc1)c23)c(F)c4)cc5,1,0,0
19,Cn5cc(c4cc3nccc(Oc2ccc(NC(=S)NC(=O)Cc1ccccc1)cc2F)c3s4)cn5,1,0,0
20,CN5CCN(c4cnc3cc(C(F)(F)F)cc(c2ccc1NC(=O)Cc1c2)c3n4)CC5,1,0,0
21,Oc4cc3C[C@@]2(O)COc1c(O)c(O)ccc1[C@H]2c3cc4O,1,0,0
22,CN5CCN(CCOc4cn3ncnc(Oc2ccc(NC(=O)CC(=O)Nc1ccc(F)cc1)cc2F)c3c4C)CC5,1,0,0
23,Fc5ccc(c4c[nH]cc(C(=O)Nc3ccc(Oc1ccnc2[nH]ccc12)c(F)c3)c4=O)cc5,1,0,0
24,Nc4cc(Oc3ccc(Nc1ncccc1C(=O)Nc2ccc(F)cc2F)cc3F)ccn4,1,0,0
25,COc5cc4nccc(Oc3ccc(NC(=O)c2cnn(c1ccccc1)c2C(F)(F)F)cc3F)c4cc5OC,1,0,0
26,Cc4csc(c3ccc2nnc(Cc1ccc(O)cc1)n2n3)c4,1,0,0
27,Fc2cc(NC(=S)NC(=O)Cc1ccccc1)ccc2Oc4ccnc5cc(c3ccccn3)sc45,1,0,0
28,CC(Oc2ccc1ncc(/C=C/C(N)=O)cc1c2)c3c(Cl)ccc(F)c3Cl,1,0,0
29,COc5cnc4c(NCc2nnc3ccc(c1cc(C)ns1)nn23)ccnc4c5,1,0,0
30,COc5cc4nccc(Oc3ccc(c2ccc(Cc1ccccc1)nn2)cc3F)c4cc5OC,1,0,0
31,Cn1ccnc1C(=O)c5cc4nccc(Oc3ccc(NC(=O)CC(=O)Nc2ccccc2)cc3F)c4s5,1,0,0
32,COc5ccc4c(OCc2nnc3ccc(c1cc(F)c(F)c(F)c1)nn23)ccnc4c5,1,0,0
33,CC(C)(C)OC(=O)N5CCN(c4cnc3ccn(S(=O)(=O)c1c(Cl)nc2sccn12)c3c4)CC5,1,0,0
34,COc5ccc4c(Oc3ccc(NC(=O)c2c(C)n(C)n(c1ccccc1)c2=O)cc3F)ccnc4c5,1,0,0
35,CN5CCN(CCOc4cn3ncnc(Oc2ccc(NC(=O)NC(=O)Cc1ccc(F)cc1)cc2F)c3c4C)CC5,1,0,0
36,CN5CCN(CCOc4cn3ncnc(Oc2ccc(NC(=O)c1cccs1)cc2F)c3c4C)CC5,1,0,0
37,Fc3cc(NC(=O)c2cccn(c1cccnc1)c2=O)ccc3Oc4ccnc5[nH]ccc45,1,0,0
38,Cn1cccc1c5cc4nccc(Oc3ccc(NC(=S)NC(=O)Cc2ccccc2)cc3F)c4s5,1,0,0
39,Cn5cnc(c4cc3nccc(Oc2ccc(NC(=O)CC(Nc1ccccc1)C(F)(F)F)cc2F)c3s4)c5,1,0,0
40,CN(C)[C@H]6CCN(C(=O)c5cc4nccc(Oc3ccc(NC(=O)N2CCN(c1ccccc1)C2=O)cc3F)c4s5)C6,1,0,0
41,CNC(=O)c4ccc(c3ccc2nnc(Cc1ccc(O)cc1)n2n3)cc4Cl,1,0,0
42,CN(C)C(=O)c4cc3nccc(Oc2ccc(NC(=S)NC(=O)Cc1ccccc1)cc2F)c3s4,1,0,0
43,COc5cc4nccc(Oc3ccc(c2cnc(Nc1ccc(F)cc1)n(C)c2=O)cc3F)c4cc5OC,1,0,0
44,Fc5ccc(n4cccc(C(=O)Nc3ccc(Oc1ccnc2[nH]ccc12)c(F)c3)c4=O)cc5,1,0,0
45,Fc2cc(NC(=S)NC(=O)Cc1ccccc1)ccc2Oc4ccnc5cc(c3nccs3)sc45,1,0,0
46,COc5cc4nccc(Oc3ccc(c2cnc(C(NC(=O)CN(C)C)c1ccccc1)n(C)c2=O)cc3F)c4cc5OC,1,0,0
47,CN(C)CCCOc4cn3ncnc(Oc2ccc(NC(=O)CC(=O)Nc1ccc(F)cc1)cc2F)c3c4C,1,0,0
48,CN4CCN(c3cnc2cc(C(F)(F)F)cc(OCc1cccc(N(=O)=O)c1)c2n3)CC4,1,0,0
49,COc5cc4nccc(Oc3ccc2c(C(=O)Nc1ccc(Cl)cc1)cccc2c3)c4cc5OC,1,0,0
50,COc4cc3nccc(Oc2ccc(NC(=S)NC(=O)Cc1ccccc1)cn2)c3cc4OC,1,0,0
51,O=C(N5CCN(c4cnc3ccn(S(=O)(=O)c1cccc2nonc12)c3c4)CC5)c6cccnc6,1,0,0
52,Oc4cc3oc1cc(=O)c(O)cc1c(c2cccc(Cl)c2Cl)c3cc4O,1,0,0
53,C(c1ccccc1)n2ccc3ncccc23,1,0,0
54,COc4cc3nccc(Oc2ccc(NC(=O)NC(=O)c1ccccc1)nc2)c3cc4OC,1,0,0
55,Fc3cc(NC(=O)c2cccc(c1ccccc1)n2)ccc3Oc4ccnc5[nH]ccc45,1,0,0
56,Fc2cc(NC(=S)NC(=O)Cc1ccccc1)ccc2Oc4ccnc5cc(c3ncccn3)sc45,1,0,0
57,COc5cc4nccc(Oc3ccc2cc(NC(=O)Cc1ccccc1)ccc2c3)c4cc5OC,1,0,0
58,N[C@@H]5CCN(Cc3ccn4ncnc(Oc2ccc(NC(=O)NC(=O)Cc1ccc(F)cc1)cc2F)c34)C[C@H]5O,1,0,0
59,COc5ccc4c(OCc2nnc3ccc(c1cc(C)ns1)nn23)ccnc4c5,1,0,0
60,N[C@H]5CCN(Cc3ccn4ncnc(Oc2ccc(NC(=O)NC(=O)Cc1ccc(F)cc1)cc2F)c34)C5,1,0,0
61,CC(=O)N5CCN(c4cnc3ccn(S(=O)(=O)c1cccc2nonc12)c3c4)CC5,1,0,0
62,Cn6cnc(c5cc4nccc(Oc3ccc(NC(=O)N2CCN(c1ccccc1)C2=O)cc3F)c4s5)c6,1,0,0
63,OC5CCN(CC(=O)c3c[nH]c4nccc(Oc2ccc(NC(=O)NC(=O)Cc1ccc(F)cc1)cc2F)c34)C5,1,0,0
64,CN5CCN(Cc1c(N)nccc1Oc4ccc(NC(=O)c3cccn(c2ccc(F)cc2)c3=O)cc4F)CC5,1,0,0
65,Cc5ccc(F)c(C(=O)Nc4ccc(Oc2ncnn3cc(OCCN1CCOCC1)c(C)c23)c(F)c4)c5,1,0,0
66,CN6CCN(c5ccc(c4cnc3ccn(S(=O)(=O)c1cccc2nonc12)c3c4)cn5)CC6,1,0,0
67,Fc2cc(NC(=S)NC(=O)Cc1ccccc1)ccc2Oc4ccnc5cc(C(=O)N3CCCC3)sc45,1,0,0
68,Fc2cc(NC(=S)NC(=O)Cc1ccccc1)ccc2Oc4ccnc5cc(C(=O)c3ccco3)sc45,1,0,0
69,O[C@@H]2c1ccc(O)c(O)c1OC[C@]2(O)Cc3ccc(O)c(O)c3,1,0,0
70,COc4cc3nccc(Oc2ccc(NC(=O)NC(=O)CN1CCCCC1)nc2)c3cc4OC,1,0,0
71,Fc5ccc(NC(=O)c1cccnc1Nc4ccc(Oc2ccnc3[nH]ccc23)c(F)c4)nc5,1,0,0
72,CSc4ncc(C(=O)Nc1ccc(F)cc1F)c(Nc3ccc(Oc2ccnc(N)c2)c(F)c3)n4,1,0,0
73,CN5CCN(CC(=O)c3c[nH]c4nccc(Oc2ccc(NC(=O)NC(=O)Cc1ccc(F)cc1)cc2F)c34)CC5,1,0,0
74,Fc6ccc(c5cn(c1ccc(Cl)c(F)c1)cc(C(=O)Nc4ccc(Oc2ccnc3[nH]ccc23)c(F)c4)c5=O)cc6,1,0,0
75,CC(C)(C)OC(=O)N4CCN(c3cnc2ccn(S(=O)(=O)c1ccccc1N(=O)=O)c2c3)CC4,1,0,0
76,Cn1ccnc1c5cc4nccc(Oc3ccc(NC(=S)NC(=O)Cc2ccccc2)cc3F)c4s5,1,0,0
77,Cn6cnc(c5cc4nccc(Oc3ccc(NC(=O)C2CCN(c1ccccc1)C2=O)cc3F)c4s5)c6,1,0,0
78,CN5CCN(CCOc4cn3ncnc(Oc2ccc(NC(=O)c1c(F)cccc1F)cc2F)c3c4C)CC5,1,0,0
79,COc4cc3nccc(Oc2ccc(NC(=O)Cc1ccccc1)nc2)c3cc4OC,1,0,0
80,CN4CCN(c3cnc2cc(C(F)(F)F)cc(NCc1cccc(N(=O)=O)c1)c2n3)CC4,1,0,0
81,Oc3ccc(C[C@@]2(O)COc1c(O)c(O)ccc1C2=O)cc3O,1,0,0
82,Oc4ccc(Cc2nnc3ccc(c1ccsc1)nn23)cc4,1,0,0
83,Nc3ncc(c2cnn(C1CCOCC1)c2)cc3c5nc4ccccc4o5,1,0,0
84,CCn1ccnc1c6cc5nccc(Oc4ccc(NC(=O)N3CCN(c2ccccc2)C3=O)cc4F)c5s6,1,0,0
85,Nc3nccc(Oc2ccc(NC(=O)NC(=O)Cc1ccc(F)cc1)cc2F)c3C#C,1,0,0
86,CN5CCN(c4cc(Nc1cc(C)n[nH]1)nc(Sc3ccc(NC(=O)C2CC2)cc3)n4)CC5,1,0,0
87,CN6CCC(c5cc4nccc(Oc3ccc(NC(=O)N2CCN(c1ccccc1)C2=O)cc3F)c4s5)=CC6,1,0,0
88,COc4cc3nccc(Oc2ccc(NC(=S)NC(=O)Cc1ccccc1)cc2F)c3cc4OC,1,0,0
89,Cc1ccccc1NC(=O)c2cccnc2Nc5ccc(Oc3ccnc4[nH]ccc34)c(F)c5,1,0,0
90,Oc4ccc(Cc2nnc3ccc(c1ccco1)nn23)cc4,1,0,0
91,O=N(=O)c1ccccc1S(=O)(=O)n2ccc3ncccc23,1,0,0
92,CC(=O)c6cccc(c5cc4nccc(Oc3ccc(NC(=O)N2CCN(c1ccccc1)C2=O)cc3F)c4s5)c6,1,0,0
93,COc5cc4nccc(Oc3ccc2N(C(=O)Nc1ccc(Cl)cc1)CCOc2c3)c4cc5C(N)=O,1,0,0
94,CN(C)CCCOc4cn3ncnc(Oc2ccc(NC(=O)c1c(F)cccc1F)cc2F)c3c4C,1,0,0
95,NC5CCC(=Cc3ccn4ncnc(Oc2ccc(NC(=O)NC(=O)Cc1ccc(F)cc1)cc2F)c34)CC5,1,0,0
96,Fc5ccc(CC(=O)NC(=O)Nc4ccc(Oc2ncnn3ccc(CN1CCOCC1)c23)c(F)c4)cc5,1,0,0
97,Oc3ccc(CC2=Cc1ccc(O)c(O)c1OC2)cc3O,1,0,0
98,Fc2cc(NC(=O)CC(=O)Nc1ccccc1)ccc2Oc4ccnc5cc(C(=O)N3CCCC3)sc45,1,0,0
99,Fc3cc(NC(=O)c2cccc(c1ccccc1)n2=O)ccc3Oc4ccnc5[nH]ccc45,1,0,0
100,Cc1ccc2c(c1C)nc(s2)N(CC[NH+](C)C)C(=O)c3ccc(cc3)S(=O)(=O)N4C[C@@H](C[C@@H](C4)C)C,0,1,0
101,c1cc(sc1)S(=O)(=O)N2CC[NH+](CC2)Cc3[nH]c(=O)c4c(csc4n3)c5ccc(cc5)F,0,1,0
102,Cc1ccc2c(c1)[nH]c(n2)[C@H](C)NC(=O)[C@@H]3CN(CC34CC[NH2+]CC4)C(=O)CCC5CCCC5,0,1,0
103,Cc1ccc2cc(c(=O)[nH]c2c1)[C@@H](c3nnnn3C4CCCCC4)[NH+]5CCC[C@@H](C5)C,0,1,0
104,Cc1c(sc(c1C(=O)OCc2[nH]c(=O)c3c(csc3n2)c4ccccc4)NC(=O)C)C,0,1,0
105,Cc1ccc2=C[C@@H](C(=O)[NH+]=c2c1)CN(C)C(=O)CC(C)C,0,1,0
106,CCOCCCNC(=O)N1Cc2c3c(sc2-n4cccc4[C@@H]1c5ccc(cc5)OC)C[NH+](CC3)C,0,1,0
107,Cc1c\2c(oc1C(=O)NC3CC([NH2+]C(C3)(C)C)(C)C)CCC/C2=N\NC(=O)c4cccc(c4)[N+](=O)[O-],0,1,0
108,c1ccc(cc1)Nc2c(=O)n(c(nn2)SCc3ccc(cc3)Br)N,0,1,0
109,CCC[NH+]1CCN(CC1)C(=O)[C@H](C)C2CCN(CC2)C(=O)[C@@H]3C=c4ccc(cc4=[NH+]3)OC,0,1,0
110,Cc1c(sc2c1c(=O)[nH]c(n2)CS[C@@H](C)C(=O)Nc3ccccc3C[NH+](C)C4CCCCC4)C,0,1,0
111,c1ccc(cc1)n2c3c(nc2Sc4ccc(cc4[N+](=O)[O-])S(=O)(=O)N5CCOCC5)CCCC3,0,1,0
112,C[C@]1(C(=O)N(C(=O)N1)NC(=O)c2c(c3ccccc3o2)COc4ccccc4)c5ccccc5,0,1,0
113,COc1ccc(cc1)c2nc(c(o2)NC[C@@H](c3ccc(cc3)Cl)[NH+]4CCCCC4)C#N,0,1,0
114,c1ccc(c(c1)N2CCN(CC2)[C@@H](CNS(=O)(=O)c3ccc(c(c3)F)F)c4ccc5c(c4)OCO5)F,0,1,0
115,Cc1ccc(cc1)S(=O)(=O)N(CC(=O)N[C@@H]2CC(Oc3c2ccc(c3)C)(C)C)c4cccc(c4C)Cl,0,1,0
116,CCCCCC(=O)N1[C@H]([C@H]([C@@H]([C@@]12c3ccccc3NC2=O)C(=O)c4ccccc4)c5ccccc5OC)CC,0,1,0
117,CC(C)(C)[C@@H]1CCc2c(cc(s2)c3nnc(n3C)SCc4nc(nc(n4)N)N)C1,0,1,0
118,CSCC[C@H](C(=O)N1CCC2(CC1)c3c(nc[nH]3)CC[NH2+]2)NC(=O)Cc4ccc(cc4)Cl,0,1,0
119,C[C@@H](c1cccc(c1)[N+](=O)[O-])[NH+](C)CC(C)C,0,1,0
120,Cc1cccc2c1N(C(=O)[C@]23CC(=Nc4c3cnn4c5ccccc5Cl)O)CC#C,0,1,0
121,c1c(c(cc(c1S(=O)(=O)NC2(CCCC2)CO)F)F)N,0,1,0
122,c1ccc(c(c1)CSCCNC(=O)[C@@H]2CCC[NH+](C2)Cc3nc(no3)c4ccc(cc4)Cl)Cl,0,1,0
123,CCCC[C@@H](C)C(=O)N1C[C@H](C2(C1)CC[NH2+]CC2)C(=O)NCc3cc4ccccc4[nH]3,0,1,0
124,Cc1ccc(cc1)C[NH+]2CC[C@@H](C2)CNS(=O)(=O)c3cc4c(cc3C)c5c([nH]4)CC(CC5=O)(C)C,0,1,0
125,c1ccc2c(c1)ccc(c2/C=N/NC(=O)C(=O)Nc3ccc(c(c3)Cl)Cl)O,0,1,0
126,c1cc(cc(c1)Cl)n2cnnc2SCc3ccc(cc3Cl)F,0,1,0
127,Cc1cc(=O)n2c(n1)sc(n2)C[NH+]3CCN(CC3)S(=O)(=O)c4ccc5c(c4)OCCCO5,0,1,0
128,C[NH+]1CCc2cc3c(c(c2[C@@H]1c4c(=O)nc(n(c4O)c5ccc(cc5)Br)[S-])OC)OCO3,0,1,0
129,Cc1ccc(cc1)C(=O)N[C@@H](C(C)C)C(=O)N/N=C/c2cc(c(c(c2)Br)OC(C)C)OC,0,1,0
130,CCO/N=C(\c1ccc(cc1)Br)/C2CC[NH+](CC2)C3(CCN(CC3)C(=O)c4ccc[n+](c4)[O-])C,0,1,0
131,Cc1ccc(cc1)C2=NN([C@@H](C2)c3ccco3)C(=O)CN4C(=O)[C@@](NC4=O)(C)c5cccc(c5)OC,0,1,0
132,CC1(C[C@@H](c2ccccc2O1)NC(=O)[C@@H]3CCC[NH+](C3)Cc4nc(no4)c5cccc(c5)Br)C,0,1,0
133,CC[NH+](CC(=O)Nc1cc(ccc1C)Cl)CC(=O)N2[C@@H](CC(=N2)c3ccco3)c4cccs4,0,1,0
134,C[C@@H]1CCC[C@H](C1)Oc2nc3c(n2C)c(=O)n(c(=O)n3C)C,0,1,0
135,Cc1cc(ccc1NC(=O)C(=O)NNc2ccc(cc2Cl)Cl)C(=O)NC,0,1,0
136,C[C@@H]1CCCCN1C(=O)c2c(c3n(n2)[C@H](C[C@@H](N3)c4ccco4)C(F)(F)F)Cl,0,1,0
137,Cc1cccc(c1)C(=O)N/N=C/2\CCCc3c2c(c(o3)C(=O)NCCCn4cc[nH+]c4)C,0,1,0
138,CS(=O)(=O)c1ccccc1C[NH+]2CCC(CC2)N3CCCN(CC3)c4c5c(nc[nH]5)ncn4,0,1,0
139,CC(=O)N[C@H](CC1=c2ccccc2=[NH+]C1)C(=O)NNC(=O)CSc3nc4ccccc4s3,0,1,0
140,Cc1c(c(on1)C)S(=O)(=O)N2CC[NH+](CC2)C[C@H](c3cccc(c3)OC)OCc4ccc(cc4)C#N,0,1,0
141,Cc1cccc(c1)[C@H]2[C@H]3CC=C[C@@H]3c4ccc(c(c4N2)C)[N+](=O)[O-],0,1,0
142,COc1ccc(cc1)S(=O)(=O)N=C2C=C(C(=O)C3=C2CC=CC3)NNC(=O)c4ccc(cc4)[N+](=O)[O-],0,1,0
143,CC(C)CNc1nc(c2c(n(nc2n1)c3ccc(cc3)Cl)N)c4cccc(c4)Cl,0,1,0
144,Cc1ccc2c(c1)c(c[nH]2)CCNC(=O)[C@H]3CN(CC34CC[NH2+]CC4)C(=O)c5ccc(c(c5)C)F,0,1,0
145,c1ccc(cc1)[C@@H]2[C@H]3C(=c4ccccc4=[NH+]3)C[C@@H]5N2C(=O)N(C5=O)c6ccccc6C(=O)NC7CCCC7,0,1,0
146,CC(C)CC(=O)O[C@H]1[C@H](c2c(ccc(c2O)/C=C/C(=O)N3CCCCC3)OC1(C)C)[NH+]4CCCCC4,0,1,0
147,C=CCSc1nc2c(nn1)-c3cc(ccc3N[C@H](O2)c4c[nH]nc4c5ccccc5)Br,0,1,0
148,Cc1cc(c(n1Cc2ccc3c(c2)OCO3)C)C(=O)CN4C(=O)[C@@]5(CCCCc6c5cccc6)NC4=O,0,1,0
149,C/C=C/C=C/C=C\C(=O)N[C@@H]([C@H](C)[NH3+])C(=O)O[C@@H]([C@@H]1C(=O)NCC(=O)N1)C2=C3C=CC(=C[C@@H]3N=C2)Cl,0,1,0
150,Cc1cc2c(c(=O)n1CC[NH+](C)C)[C@]3(c4ccccc4N(C3=O)Cc5ccccc5)C(=C(O2)N)C#N,0,1,0
151,c1cc(cc(c1)[N+](=O)[O-])C(=O)N[C@H](C#N)C2CCCCC2,0,1,0
152,c1cc(oc1)C[NH+](Cc2cccs2)CC(=O)Nc3c(c4c(s3)CCCC4)C(=O)N,0,1,0
153,Cc1ccc(cc1)S(=O)(=O)N/[NH+]=c\2/c(cc3cc(cc(c3o2)Cl)Cl)C(=O)N,0,1,0
154,CC1=C([C@@H](n2c(nnn2)N1)c3ccc(cc3)OCc4cccc(c4)Br)C(=O)OC(C)C,0,1,0
155,CC(=O)O[C@H]1C[C@H](C([C@H]2[C@]1([C@@H]3CC[C@]4([C@@H](OC(=O)[C@H]5[C@]4([C@@]3(C(=O)C2)C)O5)C(=O)[O-])C)C)(C)C)OC(=O)C,0,1,0
156,CCOC(=O)c1c(c(sc1NC(=O)CSc2nnc(n2c3ccc(cc3)C)c4cc(nn4C)C)C)C,0,1,0
157,c1ccc(cc1)[C@H]2c3ccccc3NC(=[NH+]2)NNS(=O)(=O)c4ccc(cc4)Br,0,1,0
158,C[C@@H]1C[C@@H](CN(C1)S(=O)(=O)c2ccc(cc2)C(=O)/N=c\3/n(c4ccc5ccccc5c4s3)CC=C)C,0,1,0
159,CC1CCN(CC1)c2ccc(cc2[N+](=O)[O-])C(=O)NNC(=O)c3ccccc3Br,0,1,0
160,Cc1cc(cc(c1C)S(=O)(=O)N)C(=O)OCC(=O)N(Cc2ccc(cc2)F)C3CCCCC3,0,1,0
161,CC1CCC2(CC1)C(=O)N(C(=O)N2)CC(=O)N(C)CC(=O)Nc3c(cccc3Cl)Cl,0,1,0
162,CCCCCOc1ccc(cc1)[C@H]2c3c(=O)c4ccccc4oc3C(=O)N2c5nc(c(s5)C)C,0,1,0
163,CCOc1ccc(cc1)S(=O)(=O)Nc2cccc(c2)C(=O)NC[C@@H](c3ccco3)[NH+]4CCCC4,0,1,0
164,c1cc[nH+]c(c1)N[C@H](c2ccc3c(c2)OCO3)c4ccc5cccnc5c4O,0,1,0
165,Cc1cc(c(cc1Br)C(C)C)OCC(=O)N/N=C/c2cc(c(c(c2)Br)O)OC,0,1,0
166,CC(C)(C)n1c2c(cn1)[C@H]([C@@H]3C(=N2)NC(=O)N3c4cccc(c4)OC)c5cc(c6c(c5OC)OCO6)OC,0,1,0
167,c1ccc2c(c1)CCC[C@@]23C(=O)N(C(=O)N3)CC(=O)NC4(CCCCC4)C#N,0,1,0
168,COC(=O)Cn\1c2cc3c(cc2s/c1=N\C(=O)[C@@H]4CCCN(C4)S(=O)(=O)C)OCCO3,0,1,0
169,Cc1cc(ccc1Br)n2c(nnn2)c3cc(cc(c3)N)N,0,1,0
170,CC(=O)c1ccc(cc1)N([C@H](c2ccc(cc2)O)C(=O)NC3CCCCC3)C(=O)[C@H]4COc5ccccc5O4,0,1,0
171,CCOC(=O)[C@H](CCCCNS(=O)(=O)c1ccc(cc1)C)NC(=O)c2coc(n2)C3CC[NH2+]CC3,0,1,0
172,CCc1ccc(cc1)[C@H](C)NC(=O)[C@H]2CN(CC23CC[NH2+]CC3)C(=O)COc4cccc(c4)Cl,0,1,0
173,C#C[C@H]1CN2CC[C@@H]1C[C@@H]2C[NH+](Cc3ccc4c(c3)OCO4)Cc5ccc6c(c5)OCO6,0,1,0
174,Cc1cc(=O)oc2c1cccc2OCC(=O)N3C[C@@H](C4(C3)CC[NH2+]CC4)C(=O)NCCOCCO,0,1,0
175,CCc1cc2c(s1)ncn(c2=O)C[NH+]3CCN(CC3)Cc4csc(n4)c5ccc(cc5)OC,0,1,0
176,CC(=O)[NH+]=c1ccc-2c(cc(oc2c1)O)CSc3[nH]nc(n3)c4ccc(cc4)OC,0,1,0
177,CC[C@@H](C)CC(=O)N1C[C@H](C2(C1)CC[NH2+]CC2)C(=O)NC[C@@H](c3ccc(cc3)OC)[NH+](C)C,0,1,0
178,CC[NH+](CC)CCN(Cc1ccc(c(c1)Cl)Cl)C(=O)Nc2cc3c(cc2Cl)NC(=O)CO3,0,1,0
179,c1cc(oc1)C(=O)N2CCc3c(c(nc(n3)N4CCOCC4)N5CCOCC5)C2,0,1,0
180,C#CCn\1c2ccc(cc2s/c1=N\C(=O)c3ccc(cc3Cl)Cl)S(=O)(=O)N,0,1,0
181,CC[C@@H](c1nnnn1CC(=O)OCC)[NH+](CCc2ccccc2)Cc3cc4cccc(c4[nH]c3=O)C,0,1,0
182,COC(=O)c1ccccc1N2C(=O)[C@H]3[C@H]4CCC[NH+]4[C@@]5([C@H]3C2=O)c6ccccc6NC5=O,0,1,0
183,CC(C)[C@@H](c1nnnn1C(C)(C)C)[NH+](Cc2cc3cc4c(cc3[nH]c2=O)OCCO4)C5CCCCC5,0,1,0
184,CC1(CC2=C([C@H](C(=C(N2c3cccc(c3)C(F)(F)F)N)C#N)c4ccc(cc4)[N+](=O)[O-])C(=O)C1)C,0,1,0
185,c1ccc2c(c1)c(c[nH]2)/C=N/Nc3nnc(n3N)SCC(=O)Nc4ccccc4Br,0,1,0
186,CCOc1ccc(cc1OC)[C@@H]2CC3=C([C@H](Nc4ccccc4N3)c5ccc(c(c5)OC)OC)C(=O)C2,0,1,0
187,Cc1ccc2nc(c(c(=O)n2c1)/C=C\3/C(=O)N(C(=S)S3)Cc4ccc(cc4)OC)NC[C@H]5CCCO5,0,1,0
188,c1ccc(cc1)/C=C/C(=O)N2CCN(CC2)c3ccc(cc3NC(=O)/C=C/c4cccc(c4)[N+](=O)[O-])Cl,0,1,0
189,[H]/N=C\1/NC(=O)/C(=C/c2c3ccccc3ccc2OCc4ccccc4Cl)/S1,0,1,0
190,Cc1cc(n(n1)C(C)(C)C)C(=O)N2C[C@@H](C3(C2)CC[NH2+]CC3)C(=O)NCC(C)(C)C[NH+](C)C,0,1,0
191,c1ccc(cc1)CN2CCN(CC2)C(=O)[C@@H]3CC=CC[C@@H]3C(=O)N[C@@H](Cc4c[nH]c5c4cccc5)C(=O)N,0,1,0
192,Cc1ccc(cc1Br)C(=O)NNC(=O)[C@H](C)Oc2ccc(cc2)[N+](=O)[O-],0,1,0
193,C[C@@H]1C(=O)N(C2([NH2+]1)CCN(CC2)C(=O)NC(C)(C)C)CC(C)C,0,1,0
194,CC1(CC2=C([C@H](c3c(=O)[nH]c(nc3N2)SCC=C)c4cc(c(c(c4)OC)OC)OC)C(=O)C1)C,0,1,0
195,c1cc(c(cc1Cl)Cl)c2ccc(o2)/C=C/C(=O)NC(=S)Nc3c(c4c(s3)CCC4)C#N,0,1,0
196,c1cc(ccc1/C=C(\C(=O)NC2CCCCC2)/NC(=O)c3ccc(cc3)Br)[N+](=O)[O-],0,1,0
197,COCCOc1cccc(c1)C[NH+]2C[C@@H]3CC[C@@]([C@@H]3C2)(c4cnc(nc4OC)OC)O,0,1,0
198,C[C@@H](c1nc(nc(n1)Nc2ccccc2)N)[NH+]3CCN(CC3)Cc4csc(n4)c5ccccc5,0,1,0
199,c1ccc2c(c1)[C@]3([C@H]([C@H]([C@H]4N3CCC4)c5cccc(c5)[N+](=O)[O-])C(=O)c6ccco6)C(=O)N2,0,1,0
200,CCOc1ccc(cc1)CCNC(=O)[C@@H]2CN(CC23CC[NH2+]CC3)C(=O)[C@H](C(C)C)Oc4ccccc4,0,1,0
201,CC(C)c1ccc(cc1)NC(=O)[C@H]2[C@H]3C=C[C@@]4([C@@H]2C(=O)N([C@@H]4C(=O)NC5CCCCC5)Cc6ccccc6)O3,0,1,0
202,CCOC(=O)C1=C(N(C(=O)N[C@@H]1c2ccc(cc2C)C)C)CN3CC[NH2+]CC3,0,1,0
203,C[C@H]1CCC=C2[C@@]1([C@H]([C@H]3[C@@H](C2)OC(=O)[C@H]3C[NH+]4CCN(CC4)c5ccc(c(c5)Cl)Cl)O)C,0,1,0
204,CCOC(=O)C1=NN([C@]2(C1)CC(=O)N(C2=O)c3ccc(cc3)I)N=O,0,1,0
205,CCOC(=O)C1=C(N(C(=O)N[C@@H]1c2ccc(cc2)OC)C)C[NH+]3CCC(CC3)C,0,1,0
206,c1ccc(cc1)C[NH+]2C[C@@H]3C[C@H](C2)c4c(ccc(=O)n4C3)c5ccccc5,0,1,0
207,Cc1csc2n1c(=O)cc(n2)CSc3c(cc(c(n3)N)C#N)C#N,0,1,0
208,CCCS(=O)(=O)c1c2c(cccn2c(c1S(=O)(=O)CCC)C(=O)N/N=C/c3ccccc3O)C,0,1,0
209,CCOc1c(cc(cc1C)S(=O)(=O)Nc2ccc3c(c2)C(=O)Nc4ccccc4O3)C,0,1,0
210,Cc1cc(c(c2c1C(=O)/C(=C/c3cc(ccc3OC)OC)/O2)C[NH+]4CCN(CC4)c5ccc(cc5)OC)O,0,1,0
211,CCOC(=O)C1=C(N(C(=O)N[C@@H]1c2ccsc2)C)CN3CCN(CC3)C(=O)NC(C)C,0,1,0
212,CC(C)c1ccc2c(c1)CC[C@@H]3[C@@]2(CCC[C@@]3(C)C[NH2+][C@@H]4C5=C(CCCC5)C(=O)N4C[C@@H]6CCCO6)C,0,1,0
213,c1cc(c(cc1Cl)[N+](=O)[O-])S(=O)(=O)N2CCC[C@H](C2)C[NH3+],0,1,0
214,c1ccc(c(c1)[C@H]2c3c([nH]c(=O)s3)SC[C@@]24CC(=O)N(C4=O)CC(=O)[O-])O,0,1,0
215,Cc1cc(ccc1OCC(=O)NNC(=O)COc2ccc(cc2C(C)C)Br)Br,0,1,0
216,CCC(=O)NC(C(F)(F)F)(C(F)(F)F)Nc1c(c2c(s1)CCCCC2)C#N,0,1,0
217,c1cc(ccc1N2C(=O)c3ccc(c4c3c(ccc4[N+](=O)[O-])C2=O)[N+](=O)[O-])I,0,1,0
218,c1c(cc(c2c1OCCCO2)Cl)C(=O)NCCNc3c(cc(cn3)Cl)Cl,0,1,0
219,C=CCn1c(nnc1SCCC(=O)Nc2cc(ccc2Cl)Cl)CNc3cccc4c3cccc4,0,1,0
220,CN(C)C(=O)C[NH+]1CCN(CC1)c2c3c4c(sc3nc(n2)SCC(=O)N5CCCCC5)CCCC4,0,1,0
221,CC[C@H](C)N1[C@@H]2NN[C@@H](N2c3ccsc3C1=O)CCCC(=O)NCCC4=c5ccccc5=[NH+]C4,0,1,0
222,COc1ccc(cc1)[C@@H]2N[C@@H](N=[NH+]2)SCc3cc(=O)c4cccc(c4[nH]3)Cl,0,1,0
223,C[C@@H]1CCC[C@@H](N1C(=O)Cn2c3ccccc3n4c2nnc4SCC(=O)NCc5cccs5)C,0,1,0
224,COc1cccc(c1)[C@H](C(=O)NC2CCCCC2)N(Cc3cccs3)C(=O)Cc4c[nH]c5c4cccc5,0,1,0
225,c1ccc(c(c1)CN2c3ccccc3NC2=C4C=CC=NC4=O)F,0,1,0
226,C[C@H]1CN(CCO1)CN2C(=O)C3(CCCCCCC3)NC2=O,0,1,0
227,Cn1c2ccc(cc2c(=O)n(c1=O)C)S(=O)(=O)N[C@H](c3ccccc3)C(=O)NC4CCCCCC4,0,1,0
228,CCOc1ccc(cc1OC)[C@@H]2CC3=C([C@@H](Nc4ccccc4N3)c5ccc(c(c5OC)OC)OC)C(=O)C2,0,1,0
229,c1cc(cc(c1)NS(=O)(=O)N)NCc2ccc(o2)I,0,1,0
230,CCOC(=O)CN1c2ccccc2/C(=N/NC(=O)CNC(=O)c3ccccc3I)/C1=O,0,1,0
231,C/C(=N\NC(=O)CN(c1ccc(cc1)Br)S(=O)(=O)c2ccccc2)/c3ccccc3O,0,1,0
232,Cc1ccccc1N2C[C@H](CN2)c3c([nH+]cn3Cc4nc[nH]n4)c5ccccc5,0,1,0
233,c1cc(cc(c1)Br)S(=O)(=O)N2CC[NH+](CC2)Cc3coc(n3)c4cccs4,0,1,0
234,CCOC(=O)c1c(c(sc1NC(=O)C2=CC3=[NH+][C@H](C[C@@H](N3N2)C(F)(F)F)c4cccs4)C)C,0,1,0
235,Cc1ccc(cc1)S(=O)(=O)N[C@H](C)[C@H](c2cccs2)[NH+]3CCN(CC3)c4ccc(cc4)OC,0,1,0
236,CCOc1cc2c(cc1NC(=O)c3cc(nc4c3c(no4)C)c5cc(oc5C)C)O[C@H](C2)C,0,1,0
237,CCn1c2c(=O)[nH]c(=O)n(c2nc1Nc3ccc(cc3)C)C,0,1,0
238,Cc1ccccc1C(=O)N[C@@H](CC(C)C)C(=O)NNC(=O)CC23CC4CC(C2)CC(C4)C3,0,1,0
239,CCOC(=O)C1=C(N(C2=C([C@H]1c3ccc(cc3)SC)C(=O)CCC2)c4ccc(cc4)S(=O)(=O)N)N,0,1,0
240,CCCCc1nc2c3c(cc(nc3sc2c(=O)n1/N=C/c4cc(ccc4O)Br)C)COC,0,1,0
241,Cc1cc(c(c(c1)C)S(=O)(=O)Nc2ccc(c(c2)[C@H](C(=O)C(F)(F)F)C(=O)OC(C)C)O)C,0,1,0
242,CN1[C@H]2[C@H](C(=O)N(C1=O)C)N(C(=N2)Br)CCSC3[NH+]=c4ccccc4=[NH+]3,0,1,0
243,CC[C@@H](C(=O)Nc1nc(cs1)c2ccc(cc2)Cl)Oc3c(=O)c4ccccc4oc3c5ccccc5,0,1,0
244,Cc1ccccc1O[C@H](C)C(=O)NNC(=O)COc2c(cc(cc2Br)Br)C,0,1,0
245,C[C@H](C(=O)NC1(CCCCC1)C#N)Sc2nnc(n2N)c3ccccc3Br,0,1,0
246,c1cc(sc1)[C@H]2CC(=NN2C(=O)COC(=O)c3ccc(cc3)[N+](=O)[O-])c4cccs4,0,1,0
247,CCOCCCN(CC(=O)N(Cc1ccc2c(c1)OCO2)Cc3ccc(o3)C)C(=O)Nc4cccc(c4C)C,0,1,0
248,CCOc1ccc(cc1)c2csc(n2)c3c(n(nn3)c4cccc(c4C)Cl)N,0,1,0
249,Cc1c(c2ccccc2[nH]1)CCN[C@H](c3ccc(cc3Cl)Cl)[C@@H]4N[NH2+]NN4c5ccc(cc5)OC,0,1,0
250,Cn1c2c(c(=O)n(c1=O)C)n(c(n2)C[NH+]3CCN(CC3)C(c4ccccc4)c5ccccc5)CCCO,0,1,0
251,C[C@H]([C@H](c1cccs1)N2CC[NH+](CC2)Cc3ccccc3)NS(=O)(=O)c4ccccc4[N+](=O)[O-],0,1,0
252,CC[C@H](C)CN1C(=O)[C@@H]([NH2+]C12CCN(CC2)S(=O)(=O)c3cccc(c3)Cl)[C@@H](C)CC,0,1,0
253,c1ccc(cc1)CCCC(=O)N2C[C@H](C3(C2)CC[NH2+]CC3)C(=O)N[C@@H]4CCOC4=O,0,1,0
254,Cc1cccc(c1C)N2CC[NH+](CC2)[C@H](c3ccc(cc3)F)c4nnnn4CCOC,0,1,0
255,c1ccc(cc1)S(=O)(=O)Nc2ccc(cc2)CCc3ccc(cc3)NS(=O)(=O)c4ccccc4,0,1,0
256,CC(C)C[C@@H](c1ccccc1)NC(=O)CN(c2ccc(cc2)C34CC5CC(C3)CC(C5)C4)S(=O)(=O)C,0,1,0
257,CCOC(=O)C1=C(NC(=O)N[C@@H]1c2ccc(cc2)OC)COC(=O)[C@]3(CC3(Cl)Cl)C,0,1,0
258,CC(=O)N1CCc2c1ccc(c2)S(=O)(=O)N[C@@H](Cc3ccccc3)C(=O)NC4CCCCCC4,0,1,0
259,c1ccc2c(c1)[C@@]3([C@H]4[C@@H]([C@@H]5[NH+]3CCC5)C(=O)N(C4=O)c6cc(ccc6Cl)Cl)C(=O)N2,0,1,0
260,CCCCn1c(c(c(=O)[nH]c1=O)N(Cc2ccccc2)C(=O)C[NH+]3CCc4c(ccs4)[C@H]3C)N,0,1,0
261,Cc1cc(cc(c1)N([C@@H](c2ccccc2Cl)C(=O)NC(C)(C)C)C(=O)CCC(=O)Nc3cc(on3)C)C,0,1,0
262,c1cc2c(cc1c3cc(nc(n3)SCCCC(=O)NCCCn4cc[nH+]c4)C(F)(F)F)OCO2,0,1,0
263,CC(C)(C)NC(=O)[C@H](c1cccc(c1)O)N(Cc2ccco2)C(=O)/C(=C/c3ccccc3)/c4ccccc4,0,1,0
264,c1cc(ccc1n2c(nnn2)SCc3cn4cc(ccc4n3)Cl)OC(F)(F)F,0,1,0
265,c1ccc2c(c1)CCN(C2)S(=O)(=O)c3ccc(cc3)C(=O)Nc4nnc(o4)c5ccc(s5)Cl,0,1,0
266,c1ccc2c(c1)c(c[nH]2)[C@H](CC(=O)NCc3ccc4c(c3)OCO4)c5ccc6c(c5)OCO6,0,1,0
267,CC(C)Cn1c(cnc1S(=O)(=O)Cc2ccccc2)CN(CC[NH+](C)C)S(=O)(=O)c3ccccc3,0,1,0
268,Cc1cccc(n1)c2nc([nH]n2)NC(=O)c3ccc(cc3)CSc4nc(cs4)C,0,1,0
269,c1ccc(cc1)C2=NN([C@@H](C2)c3ccccc3O)C4=NC(=O)[C@@H](S4)CC(=O)Nc5ccc(cc5)Cl,0,1,0
270,Cc1ccccc1OCCOc2ccc(cc2Cl)/C=C/3\C(=[NH2+])N4C(=NC3=O)SC(=N4)S(=O)(=O)C,0,1,0
271,Cc1c(c([nH]c1C(=O)[C@@H](C)OC(=O)c2ccccc2OCC3=[NH+][C@@H](ON3)C)C)C(=O)C,0,1,0
272,COC(=O)c1ccc(cc1)[C@H]2[C@H]3C(=c4ccccc4=[NH+]3)C[C@@H]5N2C(=O)CN(C5=O)CCC6=CCCCC6,0,1,0
273,c1cc(cc(c1)NS(=O)(=O)c2ccc3c(c2)OCCO3)C(=O)N[C@@H]4CCC[C@H](C4)C(F)(F)F,0,1,0
274,CC(C)(C)c1ccc(cc1)[C@@H](CNC(=O)c2cc(on2)c3cccs3)[NH+]4CCCCC4,0,1,0
275,C1CCCN(CC1)C2=[NH+]CCCCC2,0,1,0
276,CC(=O)[NH+]=c1ccc-2c(cc(oc2c1)O)COC(=O)[C@H]3CCCN3C(=O)C45CC6CC(C4)CC(C6)C5,0,1,0
277,CCC[NH+]1[C@H](NN[C@@H]1SCc2[nH]c(=O)c3ccc(cc3n2)C(=O)[O-])c4cccc(c4)C,0,1,0
278,c1ccc(cc1)C[NH+]2CCC[C@@H](C2)NC(=O)CC[C@]3(CCC(=O)N3)Cc4ccc(cc4)Cl,0,1,0
279,C[C@@]1(C(=O)N(C(=O)N1)CC(=O)N(c2ccccc2)C3CCCCC3)c4ccc5c(c4)OCO5,0,1,0
280,CC(C)N(c1ccccc1)C(=O)CN2C(=O)[C@@](NC2=O)(C)c3ccc4c(c3)OCO4,0,1,0
281,CCOC1=C[C@H]2C[NH+]3[C@@H](C[C@@H]2C=C1c4ccccc4O)CO[P@@](=O)(N3)S(=O)(=O)Oc5ccccc5,0,1,0
282,COc1cc(cc(c1OC)OC)[C@H]2N=[NH+]C(=S)N2/N=C/c3ccc(cc3Cl)Cl,0,1,0
283,CCn1c2c(c(=O)[nH]c1=O)[C@H](C3=C(N2)c4ccccc4C3=O)c5ccc(cc5)OC,0,1,0
284,CCC(C)(C)n1c(nnn1)[C@H](c2cc3cccc(c3[nH]c2=O)C)[NH+](Cc4ccc(cc4)Cl)Cc5ccco5,0,1,0
285,CSCC[C@@H]1[C@H]2[C@@H](C(=O)N(C2=O)c3ccc(cc3)Cl)[C@@]4(N1)c5ccccc5N(C4=O)CCCCl,0,1,0
286,CC1=C([C@H](C2=C(N1)CC(CC2=O)(C)C)c3ccc(cc3)OCc4ccccc4)C(=O)OCCc5ccccc5,0,1,0
287,c1c(cc(c(c1S(=O)(=O)N)N)Br)Br,0,1,0
288,CCOc1ccc(cc1)/C=N/NC(=O)C2=C(NC(=S)N[C@@H]2c3ccccc3Cl)C,0,1,0
289,CC(C)(C)NS(=O)(=O)c1cc(cc(c1)NC[C@H]2CCC=CC2)C(=O)NC[C@@H]3CCC[NH+](C3)C,0,1,0
290,CC(=O)N1[C@H](OC(=N1)c2cc(cc(c2OC(=O)C)[N+](=O)[O-])Cl)c3cccnc3,0,1,0
291,COc1ccccc1CN2C(=O)[C@@H]3[C@@H]([NH2+][C@]4([C@@H]3C2=O)c5ccccc5NC4=O)Cc6c[nH]c7c6cccc7,0,1,0
292,c1c(c(oc1C(=O)[O-])Br)S(=O)(=O)N[C@@H]2CCCC[C@H]2[NH3+],0,1,0
293,Cc1cc(c2cc(c(=O)[nH]c2c1)[C@@H](c3nnnn3Cc4ccco4)N5CCN(CC5)c6ccccc6OC)C,0,1,0
294,C[C@H](c1cccc(c1)S(=O)(=O)N)NC(=O)NC[C@H](c2cccs2)[NH+]3CCCC3,0,1,0
295,COc1ccc(cc1OC)[C@@H]2C3=C(c4ccccc4O[C@@H]3c5ccc(cc5)Br)Nc6n2nnn6,0,1,0
296,C[C@H]1[C@H]2C(=c3ccccc3=[NH+]2)C[C@@H]4N1C(=O)N(C4=O)c5ccccc5C(=O)NC6CCCCCCC6,0,1,0
297,Cc1c(c(no1)c2ccccc2)C(=O)N3C[C@@H](C4(C3)CC[NH2+]CC4)C(=O)NCCC[NH+]5CCCC[C@@H]5C,0,1,0
298,c1cc(cc(c1)Cl)/C=N/Nc2[nH]nc(n2)SCC(=O)NCc3ccc(c(c3)Cl)Cl,0,1,0
299,c1cc(ccc1NC(=O)CSc2nnc3n2c(nc4c3c5c(s4)CCC5)N)Cl,0,1,0
300,CCCn1c(nn(c1=S)C[NH+]2CCN(CC2)C(c3ccccc3)c4ccccc4)Cc5ccccc5,0,1,0
301,CCOC(=O)C1=C(OC2=C([C@@]13c4ccccc4N(C3=O)CC(C)C)C(=O)C[C@@H](C2)C)N,0,1,0
302,CCOC(=O)[C@H]1CCC[NH+](C1)CC(=O)N2[C@@H](CC(=N2)c3ccc(cc3)Cl)c4ccco4,0,1,0
303,CCOC(=O)[C@@H](C)CN1CC[NH+](CC1)C(C)(C)C,0,1,0
304,Cc1cc(ccc1NC(=O)CNS(=O)(=O)c2ccc(cc2)Br)[N+](=O)[O-],0,1,0
305,c1cc2c(c(c1)C(=O)NC3CCCCC3)N[C@@H]([C@H]4[C@@H]2C=CC4)c5ccc(cc5)O,0,1,0
306,C[C@@H]1CCC2=C3C(=NC(=NC3=O)SCC(=O)Nc4c(c5c(s4)CCCC5)C(=O)N)S[C@H]2C1,0,1,0
307,c1cc(c(c(c1)Cl)O)/C=N/NC2=[NH+][C@@H]3C(=c4cc(ccc4=[NH+]3)Br)N=N2,0,1,0
308,CCN1c2ccccc2C(=C(S1(=O)=O)C(=O)NCc3ccc(cc3)C[NH+]4CCCC4)c5ccccc5,0,1,0
309,c1ccc(cc1)C[C@@H](C(=O)Nc2c(cccc2Cl)Cl)NS(=O)(=O)c3ccc(cc3)Cl,0,1,0
310,c1ccc(cc1)CSc2nc3c(nn2)-c4ccccc4N[C@@H](O3)c5cccc(c5)O,0,1,0
311,C[C@H]1C(=C(N=N1)C)CCC2=[NH+]C3=c4ccccc4=[NH+][C@@H](N3N2)SCc5ccc(cc5)[N+](=O)[O-],0,1,0
312,C1CCC(CC1)C[NH+]2CCC[C@H]2CNC(=O)NC3CC[NH+](CC3)CC(F)F,0,1,0
313,CC1=C([C@H](C2=C(N1)C[C@H](CC2=O)c3ccccc3OC)c4cccc(c4)[N+](=O)[O-])C(=O)OC(C)C,0,1,0
314,CC(C)Cn1c(c(c(=O)n(c1=O)CC(C)C)[C@H]2c3c(c4ccccc4[nH]3)CC[NH2+]2)[O-],0,1,0
315,CC(C)CCN1c2ccccc2[C@H]([C@H](C1=O)C(=O)N/N=C(/C)\[C@@H]3C(=c4ccccc4=[NH+]C3=O)O)O,0,1,0
316,c1ccc2c(c1)c(c[nH]2)c3nnc(n3C[C@H]4CCCO4)SCc5nnc(o5)c6ccc(cc6)Cl,0,1,0
317,C[C@H]1CCCCN1S(=O)(=O)c2ccc(cc2)C(=O)NN3C(=O)[C@@](NC3=O)(C)CCc4ccccc4,0,1,0
318,C[C@@H]([C@H](c1cccs1)N2CC[NH+](CC2)Cc3ccccc3)NC(=O)c4cc5ccccc5oc4=O,0,1,0
319,CN(C[C@H](CC[NH+]1CCC2(CC1)C[S@@](=O)c3c2cccc3)c4ccccc4)S(=O)(=O)c5ccccc5,0,1,0
320,C[NH+](C[C@@H]1CCCC1=O)C2CCCC2,0,1,0
321,Cn1c2c(c(n1)Br)c(=O)n(cn2)CC(=O)N[C@H]3CC[NH+](C3)C4CC4,0,1,0
322,CC(C)(C)NC(=O)[C@H](c1cccc(c1)O)N(c2ccccc2)C(=O)/C(=C/c3ccccc3)/c4ccccc4,0,1,0
323,c1cc(oc1)CNC(=O)c2ccc(c(c2)[N+](=O)[O-])Cl,0,1,0
324,c1cc-2c(cc1S(=O)(=O)NN)Cc3c2ccc(c3)S(=O)(=O)[N-][NH3+],0,1,0
325,CC(C)c1ccc(cc1)N([C@H](c2ccncc2)C(=O)NC(C)(C)C)C(=O)c3c(c(ns3)C(=O)N)N,0,1,0
326,CC(C)CN1C(=O)C[C@@H](C1=O)Nc2ccc3c(c2)OCO3,0,1,0
327,CCOC(=O)C1=C(NC(=C([C@H]1c2ccco2)C#N)SCC(=O)Nc3cccc(c3C)C)c4ccccc4,0,1,0
328,c1ccc(cc1)[C@H](CNC(=O)CNC(=O)N2CCC3=c4cc(ccc4=[NH+][C@H]3C2)Cl)O,0,1,0
329,Cc1ccc2c(c1)[C@]3([C@H]4[C@@H]([C@H](N3)CC5=c6ccccc6=[NH+]C5)C(=O)N(C4=O)C(C)(C)C)C(=O)N2,0,1,0
330,Cc1ccc(s1)c2csc3c2c(=O)[nH]c(n3)CSc4nnc5n4c6ccccc6[nH]5,0,1,0
331,Cc1ccn2c(c1)nc(cc2=O)CSc3nnc(n3c4ccc(cc4)F)C[NH+]5CCCCC5,0,1,0
332,CC[C@@H](c1nnnn1Cc2ccco2)[NH+](Cc3cc4cc5c(cc4[nH]c3=O)OCCO5)C6CCCCC6,0,1,0
333,CCOC(=O)C1=C(NC(=O)N[C@@H]1c2ccco2)COC(=O)c3ccc(cc3)S(=O)(=O)N4CCCCC4,0,1,0
334,C[C@@H]1C[C@H]1C(=O)Nc2cc3c(cc2N)OCC(=O)N3,0,1,0
335,Cc1nc(c2c3c(sc2n1)COC(C3)(C)C)N4CC[NH+](CC4)CC(=O)N5CCOCC5,0,1,0
336,COC(=O)[C@@H](Cc1ccc(cc1)O)NC(=O)c2cc3c(n(c2=O)c4ccc(cc4)Cl)CCCC3=O,0,1,0
337,Cc1ccc(cc1)S(=O)(=O)CC(=O)Nc2c(c3c(s2)CN(CC3)C(C)C)c4nc5ccccc5s4,0,1,0
338,c1cc(ccc1C(=O)NNC(=O)c2ccc(cc2)[N+](=O)[O-])n3c-4c(c(n3)C(F)(F)F)CCc5c4cco5,0,1,0
339,Cc1ccc(cc1)N(CC(=O)NCc2ccc(cc2)C[NH+]3CCCC3)S(=O)(=O)c4ccc(cc4)SC,0,1,0
340,CC[NH+](CC)CCCN1[C@H](C(=C(C1=O)[O-])C(=O)c2ccc3c(c2)C[C@@H](O3)C)c4cccc(c4)Br,0,1,0
341,c1ccc(cc1)N2[C@@H](c3c(=O)c4ccccc4oc3C2=O)c5ccc(cc5)OCC(=O)N,0,1,0
342,c1ccc(cc1)[C@H](CNC(=O)CCSCc2[nH]c(=O)c3c4c(sc3n2)CCC4)[NH+]5CCCC5,0,1,0
343,Cn1c(nnn1)Sc2c3c(csc3nc(n2)C[NH+]4CCCCC4)c5ccccc5,0,1,0
344,Cc1c(c([nH]c1C(=O)[C@H](C)S[C@H]2NN=C(N2c3ccc(cc3)F)[C@@H](C)N4CCCCC4)C)C(=O)C,0,1,0
345,c1ccc(cc1)C[C@H](C(=O)NCc2ccc3c(c2)OCO3)n4c(=O)c5ccccc5[nH]c4=O,0,1,0
346,C[C@@H](C(=O)Nc1cccc(c1)Br)[NH+]2CCN(CC2)c3c(nc(o3)c4ccco4)C#N,0,1,0
347,Cc1cc(c(c2c1C(=O)/C(=C/c3cccc(c3)[N+](=O)[O-])/O2)C[NH+]4CCCC[C@H]4C)O,0,1,0
348,C[C@@H]1CCC[NH+](C1)Cc2ccc(cc2)CNC(=O)c3ccc(cc3)N(Cc4ccccc4)S(=O)(=O)C,0,1,0
349,CC(=O)O[C@@H]1CC[C@@]2([C@@H]3CC[C@@]4([C@@H]([C@@H]3CC=C2C1)CC[C@@]4(CC(c5ccccc5)(c6ccccc6)O)O)C)C,0,1,0
350,Cc1ccccc1n2cc(cn2)C[NH2+]Cc3c[nH]nc3c4ccc5c(c4)OCO5,0,1,0
351,Cc1ccc(cc1C)n2c(nnc2SCC(=O)Nc3cccc(c3)C(=O)NC4CC4)c5ccncc5,0,1,0
352,Cc1cc2c(cc1S(=O)(=O)N3CCC[C@H](C3)C(=O)NCC[NH+]4CCc5ccccc5C4)OCC(=O)N2,0,1,0
353,CCOc1ccc(cc1)C(=O)Oc2ccc3c(c2)OC(=C([C@H]3c4cccc(c4)Oc5ccccc5)C#N)N,0,1,0
354,Cc1ccc(c(c1)C)NC(=O)c2c(c3c(s2)ncn(c3=O)[C@@H](C)C(=O)OCc4ccccc4Cl)C,0,1,0
355,c1ccc(cc1)C[NH+]2CCc3c(sc4c3c5nc(nn5cn4)CSc6nc7ccccc7s6)C2,0,1,0
356,CCCCN(CC)S(=O)(=O)c1ccc(cc1)C(=O)N(CCC[NH+](C)C)c2nc3cc(c(cc3s2)C)C,0,1,0
357,CC(=O)Nc1ccc(cc1)NC2(CCCC2)c3nnnn3[C@H](/C=C/c4ccc(cc4Cl)Cl)C(C)(C)C,0,1,0
358,CCN1C(=C([C@H](NC1=O)c2ccc(cc2)C(C)C)C(=O)OCC)CN3CC[NH+](CC3)Cc4ccccc4,0,1,0
359,c1ccc2=[NH+]CC(=c2c1)C3=NN[C@@H](O3)SCC(=O)N([C@H]4CCS(=O)(=O)C4)C5CCCC5,0,1,0
360,CN(C)c1ccc(cc1)[C@H](CC[NH3+])N2CC[NH+](CC2)C(c3ccccc3)c4ccccc4,0,1,0
361,C[C@@H]1C[C@@H](C[NH+](C1)Cc2cc(=O)n3ccccc3n2)C,0,1,0
362,c1ccc(cc1)CC2CC[NH+](CC2)Cc3ccc(cc3)C(=O)N/N=C/c4ccc(cc4)OC(=O)c5ccccc5,0,1,0
363,Cc1ccc2c(c1)[C@H]3C[NH+](CC[C@H]3N2C(=O)CSc4nnnn4c5ccc6c(c5)OCO6)C,0,1,0
364,COc1cc(cc(c1)OC)NC(=O)CSc2nc(c3c4c(sc3n2)CCCC4)N,0,1,0
365,C[C@@H](C(=S)N)NC(=O)c1ccc2ccccc2c1O,0,1,0
366,C[C@@H]1CCCC[C@@]12C(=O)N(C(=O)N2)CN3CC[NH+](CC3)Cc4csc(n4)c5ccc(cc5)OC,0,1,0
367,c1cc(c(cc1N)Br)S(=O)(=O)N[C@H]2CCCC[C@H]2O,0,1,0
368,c1cc(c2c(c1)OCCO2)COc3ccc(cc3)n4cnnn4,0,1,0
369,c1ccc2c(c1)c3c([nH]2)[C@H]([NH+](CC3)CC(=O)Nc4ccc5c(c4)OCO5)c6cc(cc7c6OCO7)Cl,0,1,0
370,Cc1cccc(c1NC(=O)CNC(=O)[C@H](C)Sc2nnc(n2C[C@@H]3CCCO3)c4cccs4)C,0,1,0
371,Cc1ccc(o1)C(=O)/N=c/2\[nH]c3ccccc3n2c4ccccc4,0,1,0
372,CCN1C[C@@H](Oc2c1cccc2)C[NH+](C)CC(=O)NN3C(=O)C4(CCCCC4)NC3=O,0,1,0
373,c1ccc2c(c1)n(c(=O)o2)C[NH+]3CC4C[C@H]5C[C@@H](C4)CC3C5,0,1,0
374,Cc1c(nc(o1)c2ccccc2)COC(=O)[C@@H]([C@H](C)O)NS(=O)(=O)c3ccc(c(c3)Cl)Cl,0,1,0
375,Cc1cccc(c1C)N2CCN(CC2)c3c(c(ncn3)Nc4ccc(cc4Cl)Cl)N,0,1,0
376,Cc1cc(c2c(c1)[C@]3([C@H]4[C@@H]([C@@H]5[NH+]3CCC5)C(=O)N(C4=O)c6ccc(cc6)Br)C(=O)N2)C,0,1,0
377,Cc1cc2cc(c(=O)[nH]c2cc1C)[C@H](c3nnnn3C4CCCC4)[NH+]5CCC(=CC5)c6ccc(cc6)F,0,1,0
378,Cc1ccc(cc1)NS(=O)(=O)c2ccccc2[N+](=O)[O-],0,1,0
379,C[C@@H]1CN(CCO1)C(=O)C2CCN(CC2)c3ccc(cc3[N+](=O)[O-])S(=O)(=O)N4CCOCC4,0,1,0
380,CC(C)[C@@H](C(=O)NCc1ccco1)N2CC3=C(C2=O)[C@H](NC(=O)N3C)c4ccccc4,0,1,0
381,Cc1ccccc1n2c(=O)c3c(c4ccccc4o3)n(c2=O)CC(=O)N,0,1,0
382,Cc1ccc(cc1)c2[nH]c(=S)n(n2)C[NH+]3CCN(CC3)S(=O)(=O)c4ccccc4[N+](=O)[O-],0,1,0
383,C[C@H]1CCCC[C@H]1NC(=O)[C@@H]2CN(CC23CC[NH2+]CC3)C(=O)c4cccn4C,0,1,0
384,Cc1ccc(cc1)CC(=O)N2C[C@@H](C3(C2)CC[NH2+]CC3)C(=O)NCCC4=c5cc(ccc5=[NH+][C@H]4C)C#N,0,1,0
385,c1ccc(c(c1)c2[nH]nc(n2)NC(=O)COc3ccc(cc3)C#N)Br,0,1,0
386,CCCCNC(=O)[C@@H]1CCCN(C1)C(=O)c2cccc(c2)NS(=O)(=O)c3ccc(c(c3)C)C,0,1,0
387,C[C@@H]1CC[C@@H]2[C@@H](C1)c3c(n(c(=O)s3)CC(=O)c4ccccc4)SC2(C)C,0,1,0
388,c1cc(c(cc1[C@@H](C[NH+]2CCC3(CC2)C[C@H](c4cc(ccc4O3)O)O)O)Cl)Cl,0,1,0
389,CC1(CC2=C([C@H](N(c3ccccc3N2)C(=S)NC4CC4)c5cccc(c5)[N+](=O)[O-])C(=O)C1)C,0,1,0
390,Cc1cc(ccc1NC(=O)CNC(=O)COC(=O)C(C)(C)Oc2ccc(cc2)Cl)Br,0,1,0
391,CCOC(=O)C1=C(OC(=O)[C@]12c3ccccc3N(C(=C2C(=O)OCC)N)CC=C)c4ccccc4,0,1,0
392,CC[C@@H](c1ccccc1)C(=O)N(c2ccccc2Cl)[C@@H](c3ccccc3O)C(=O)NC(C)(C)CC(C)(C)C,0,1,0
393,Cc1ccc(cc1)n2c(nnc2S[C@H](C)C(=O)N3CC(=O)Nc4c3cccc4)N5CCCC5,0,1,0
394,c1ccc2c(c1)nc(s2)c3ccc(cc3O)n4cnnc4,0,1,0
395,CC1(COc2cc(ccc2NC1=O)NS(=O)(=O)c3ccc(cc3)c4ccccc4)C,0,1,0
396,COc1ccc(c(c1)[C@H]2CC3=C([C@@H](CC(=O)N3)c4cc(ccc4Cl)[N+](=O)[O-])C(=O)C2)OC,0,1,0
397,CCn1c(=O)c2c(ccs2)nc1S[C@H](C)C(=O)Nc3ccc(cc3[N+](=O)[O-])Cl,0,1,0
398,Cc1ccc(c(c1)C)n2c(nc3c(c2=S)c(=O)[nH]c(n3)N4CCc5ccccc5C4)C,0,1,0
399,c1cc2c(cc1C3=CN=[NH+][C@H]3c4ccc(cc4O)O[C@H]5[C@@H]([C@H]([C@@H]([C@H](O5)CO)O)O)O)OCCO2,0,1,0
400,CC1(C(=O)Nc2ccccc2N1C(=O)CSc3nnc(n3c4ccccc4Cl)N5CCCC5)C,0,1,0
401,c1cc(cc(c1)NC(=O)CS[C@@H]2NN[C@H](N2N)[C@@H]3C=C(N=N3)c4ccc(cc4)Cl)C(F)(F)F,0,1,0
402,CC[C@@H](c1ccc(cc1)C)NC(=O)C2CC[NH+](CC2)Cc3nc(no3)c4ccc(cc4)Br,0,1,0
403,CCCC[C@H](C)C(=O)N1C[C@@H](C2(C1)CC[NH2+]CC2)C(=O)NCCc3c[nH]c4c3cc(cc4)Cl,0,1,0
404,c1ccc(cc1)COc2cccc(c2)C3=C[C@H](N=N3)C(=O)N/N=C/4\c5cc(ccc5NC4=O)Br,0,1,0
405,CC(C)(C)[NH+]1CCCN(CC1)C(=O)CNC(=O)NC2CCCCC2,0,1,0
406,Cn1c2c(c(=O)[nH]c1=O)n(c(n2)N/N=C/C(=C\c3ccccc3)/Br)CCCc4ccccc4,0,1,0
407,Cc1ccc(cc1)[C@@H](c2cccs2)NC(=O)C[NH+]3C[C@@H](C[C@@H]3C(=O)N)O,0,1,0
408,COC(=O)[C@@]1([C@@H]2[C@@H]([C@@H]([NH2+]1)c3ccc(cc3)Cl)C(=O)N(C2=O)c4ccc(cc4)Cl)c5ccccc5,0,1,0
409,Cc1c(c(c(c(c1C)C)S(=O)(=O)N2CCC[C@H](C2)C(F)(F)F)C)C,0,1,0
410,C[C@H]1[C@H]([C@@H](N=C1C(=O)N2CCC(CC2)CC(=O)NCCC3=c4cc(ccc4=[NH+]C3)Cl)C)C(=O)OC,0,1,0
411,Cc1cc(c(c(c1)O)c2c3c([nH]n2)C(=O)N([C@@H]3c4cc(c(c(c4)Br)O)OC)CCCO)C,0,1,0
412,C[NH+](C)CCNC(=O)CCN(C[C@H]1CCCO1)C(=O)c2cc(on2)c3ccc(cc3Cl)Cl,0,1,0
413,COc1ccc(cc1)C(=O)NCC(=O)N/N=C\2/c3ccccc3N(C2=O)Cc4ccc(c(c4)Cl)Cl,0,1,0
414,c1cc2c(cc1[C@H]3C[C@@H](N4[C@@H]([NH2+]3)C[C@@H](N4)C(=O)NCc5cc6cc(ccc6[nH]5)Cl)C(F)(F)F)OCO2,0,1,0
415,Cc1ccc(c(c1)NC(=S)N/N=C/2\c3cc(ccc3N(C2=O)Cc4ccccc4)Br)C,0,1,0
416,c1ccc2c(c1)CCN(C2)S(=O)(=O)c3ccc(cc3)C(=O)NNC(=O)CC45CC6CC(C4)CC(C6)C5,0,1,0
417,CC1=C2[C@@]3(CC[C@H]4[C@H]([C@@H]3C[C@@]2([C@@H](C1=O)C[C@@H](C)CNC(=O)C)O)CC=C5[C@]4(CC[C@@H](C5)OC(=O)C)C)C,0,1,0
418,C[C@H]1CCCC[C@@H]1NC(=O)C2CCC(CC2)CNc3c(=[N+]4CCCC4)c(=O)c3O,0,1,0
419,Cc1ccc(cc1)c2n[nH]c(=S)n2CCC(=O)NC3=NN[C@@H](S3)CC(C)C,0,1,0
420,C[C@@H]1c2c(sc(n2)COC(=O)C(C)(C)C)C[C@@]3([C@H]1[C@H]([C@H](CC3)[C@H](C)C(=O)N4CCOCC4)O)C,0,1,0
421,Cc1c(s/c(=N/C(=O)C2=CC3=[NH+][C@H](C[C@H](N3N2)C(F)(F)F)c4ccco4)/[nH]1)C,0,1,0
422,Cc1ccc(cc1Cl)NC(=O)COC(=O)CN2C(=O)[C@]3(CCCC[C@H]3C)NC2=O,0,1,0
423,c1cc(c(cc1S(=O)(=O)N2CCCCC2)[N+](=O)[O-])N3CC[NH+](CC3)CC(=O)N4CCCCC4,0,1,0
424,CC[C@H](c1nnnn1CCOC)[NH+](Cc2ccc3c(c2)OCO3)Cc4cc5c(ccc(c5[nH]c4=O)C)C,0,1,0
425,C[C@H](CCCC(C)(C)O)NC(=O)[C@H]1CN(CC12CC[NH2+]CC2)C(=O)[C@@H]3CCCN3C(=O)C(F)(F)F,0,1,0
426,CCOc1ccc2c(c1)cc(c(=O)[nH]2)C[NH+](Cc3nnnn3Cc4ccc(cc4)OC)C5CCCC5,0,1,0
427,c1cc(c(c(c1)O)C(=O)N(Cc2ccco2)[C@H](c3ccc(cc3)Cl)C(=O)NC4CCCCC4)O,0,1,0
428,Cc1ccccc1Cn2c(nc3c2c(=O)n(c(=O)n3C)C)C[NH+](Cc4ccccc4)Cc5ccccc5,0,1,0
429,Cc1ccc(cc1CN=C=O)Br,0,1,0
430,CCOC(=O)Cn\1c2c(cccc2Cl)s/c1=N\C(=O)[C@H]3COc4ccccc4O3,0,1,0
431,c1ccc(cc1)c2cc(ccc2N3CC[NH2+][C@H](C3)S(=O)(=O)Oc4ccccc4)Br,0,1,0
432,CC(C)(C)c1ccc(cc1)c2nnc(n2N)SCC(=O)NN3C(=O)C4(CCCCC4)NC3=O,0,1,0
433,c1cc(cc(c1)Cl)/C=N/Nc2nnc(n2N)SCC(=O)c3ccc(cc3)Br,0,1,0
434,c1ccc(c(c1)N2CC[NH+](CC2)Cc3cc(cc4c3OCOC4)Cl)Cl,0,1,0
435,C[C@H](c1nnc(n1c2ccc(cc2)F)SCc3nc(no3)C(C)C)[NH+](C)C,0,1,0
436,Cc1c(c(c(c(c1C)C)S(=O)(=O)NNC(=O)[C@@H]2COc3ccccc3O2)C)C,0,1,0
437,c1ccc(cc1)N2CC[NH+](CC2)CCNC(=O)NNC(=S)NC3CCCC3,0,1,0
438,CC[NH+](CC)CCN1[C@H](/C(=C(/c2c(c([nH]c2C)C(=O)OC)C)\O)/C(=O)C1=O)c3ccncc3,0,1,0
439,Cc1ccc(cc1)n2c(=O)c3c4c(sc3nc2SCC(=O)Nc5ccc(cc5)[N+](=O)[O-])CCCC4,0,1,0
440,c1cc(sc1)[C@@H](CNC(=O)C(=O)NCc2ccc(cc2)Cl)S(=O)(=O)c3ccc4c(c3)OCCO4,0,1,0
441,C/C=C/C=C/C=C\C(=O)N[C@H]([C@H](C)[NH3+])C(=O)O[C@@H](c1c[nH]c2c1ccc(c2)Cl)[C@@H]3C(=O)NCC(=O)N3,0,1,0
442,Cc1c(nnn1c2cccc3c2nccc3)C(=O)N4c5ccccc5C[C@H]4C(=O)N,0,1,0
443,C[C@]12CC[C@H]([C@@]([C@H]1CC[C@H]([C@H]2CC(=O)N3CC[C@H](C3)O)O)(C)CO)OC(=O)NC4CCCCC4,0,1,0
444,Cc1cccc2=C[C@H](C(=O)[NH+]=c12)CN(Cc3ccccc3)S(=O)(=O)c4c(ccc5c4nsn5)C,0,1,0
445,c1cc(ccc1/C=C/2\CCC[C@@H]3C2=NN([C@@H]3c4ccc(cc4)[N+](=O)[O-])C(=O)c5ccc(cc5)Cl)[N+](=O)[O-],0,1,0
446,c1ccc(c(c1)c2nc([nH]n2)SCC(=O)N[C@@H]3[C@@H](C4=C(S3)CCCC4)C(=O)N)Br,0,1,0
447,CN1c2ccccc2N[C@@H](C1=O)[NH+]3CCC(CC3)C(=O)NCCC4=c5cc(ccc5=[NH+]C4)Cl,0,1,0
448,COc1ccc(cc1)c2nnc(n2CC(=O)[O-])SCc3cc(=O)n4c5c(sc4n3)CCCC5,0,1,0
449,Cc1cccc2c1[nH]c(=O)c(c2)C[NH+](C3CCCC3)[C@@H](c4nnnn4Cc5ccc(cc5)F)C(C)C,0,1,0
450,Cc1c(c2nnc3c(n2n1)C[C@H](CC3=O)c4ccccc4O)c5ccc(c(c5)OC)OC,0,1,0
451,CC[C@@H](CO)Nc1nc2c(n1C)c(=O)n(c(=O)n2C)Cc3ccc(cc3Cl)Cl,0,1,0
452,c1ccc(cc1)[C@@H]2CNC(=O)[C@@H]2C(=O)NN/C=C/3\C=C(C=CC3=O)I,0,1,0
453,c1cc(cc(c1)Br)c2nc(on2)C[NH+]3CCC[C@@H](C3)C(=O)NCc4ccco4,0,1,0
454,Cc1ccc(o1)CN([C@H](c2ccc(cc2)O)C(=O)NC(C)(C)C)C(=O)C(c3ccccc3)c4ccccc4,0,1,0
455,CC1=C2[C@@H](C[C@H](CC2=O)c3cc(c(c(c3)OC)OC)OC)N(N1)C4[NH+]=c5ccccc5=[NH+]4,0,1,0
456,CC1(C=Cc2cc3c(cc2O1)[nH]c(c3C[C@H]4C(=O)N5CCC[C@H]5C(=O)N4)C(C)(C)C=C)C,0,1,0
457,C[C@@H]1CCCC[C@@]12C(=O)N(C(=O)N2)CC(=O)Nc3c(c4c(s3)CCCC4)C(=O)c5ccccc5,0,1,0
458,CC(C)[C@H](C(=O)N/N=C/c1ccc(c(c1)OC)OCC(=O)OC)NC(=O)c2ccc(c(c2)Cl)Cl,0,1,0
459,Cc1nc(on1)COC(=O)C[C@@H]2C[C@H](CC(C2)(C)C)C,0,1,0
460,CCOC(=O)c1c2c(sc1NC(=O)CN3c4ccccc4S[C@H](CC3=O)c5ccco5)CCCC2,0,1,0
461,c1ccc2c(c1)NC(=C(C#N)C(=O)CSc3nc4cc(ccc4c(=O)n3Cc5ccco5)Cl)N2,0,1,0
462,Cc1ccc(cc1)N2CCN(CC2)C3=NC(=O)/C(=C\c4ccccc4O)/S3,0,1,0
463,CC(=O)Nc1cccc(c1)N([C@@H](c2cccs2)C(=O)NC3CCCCC3)C(=O)[C@H]4COc5ccccc5O4,0,1,0
464,Cc1ccc(o1)[C@H]2[C@@H]3C(=NN=C3OC(=C2C#N)N)c4cccc(c4)OC,0,1,0
465,c1cc(ccc1c2c3c(n(nc3nc(n2)NCC[NH+]4CCCC4)c5ccc(cc5)Cl)N)Cl,0,1,0
466,CC(C)c1ccc(cc1)[C@H]2c3ccc(cc3OC(=C2C#N)N)OC(=O)COc4ccc(cc4)Br,0,1,0
467,CCCC[C@H](CC)C(=O)N1CCN(C[C@@H]1C)C(=O)[C@@H]([C@@H](C)CC)NC(=O)Nc2cccc(c2Cl)Cl,0,1,0
468,c1cc(cc(c1)Br)NC(=O)/C(=C/c2ccc(c(c2)[N+](=O)[O-])O)/C#N,0,1,0
469,CC[C@H](c1nnnn1C[C@H]2CCCO2)[NH+](Cc3cccs3)Cc4cc5cc6c(cc5[nH]c4=O)OCCO6,0,1,0
470,Cc1cc(ccc1Nc2c3c(nn(c3ncn2)C)C)Cl,0,1,0
471,CC(C)c1nc(on1)CCCC(=O)N2CCN(CC2)C(=O)[C@@H]3CCS(=O)(=O)C3,0,1,0
472,Cc1ccccc1CC(=O)N(Cc2ccco2)[C@H](c3ccc4c(c3)OCO4)C(=O)NC(C)(C)CC(C)(C)C,0,1,0
473,C[C@H]1Cc2cc(ccc2N1S(=O)(=O)C)[C@@H](C[NH+]3CCC(CC3)C(C)(C)C)O,0,1,0
474,C1CC[NH+](CC1)C2CCN(CC2)C(=O)[C@H]3CCCN(C3)c4nn5c(=O)c6c(nc5s4)CCCC6,0,1,0
475,Cc1ccc(cc1)S(=O)(=O)N2CCC(CC2)[C@H](C(=O)N[C@H](C)C(C)C)NC(=O)c3ccccc3C,0,1,0
476,C[C@H]1CCc2c(sc(c2C(=O)NC)NC(=O)c3ccc(cc3)S(=O)(=O)N4CCCCCC4)C1,0,1,0
477,CCN(CC)c1ccc(cc1)[C@H]2[C@H]3CC=C[C@@H]3c4cc(ccc4N2)S(=O)(=O)Nc5ccc(cc5)OC,0,1,0
478,CC(C)CNc1nnc(s1)SCC(=O)NC(=O)NC23CC4CC(C2)CC(C4)C3,0,1,0
479,Cc1cccc([nH+]1)N[C@@H](c2ccc(cc2)OC(F)F)c3c(c(sc3NC(=O)c4ccco4)C)C,0,1,0
480,c1cc(cc(c1)F)[C@@H]2c3cc(ccc3CCN2C(=O)C4CC4)OCc5ccc(o5)C(=O)NCC[NH+]6CCCC6,0,1,0
481,Cc1ccc(cc1)SCC2=NN=C3[C@H]2C4(CC[NH+](CC4)C)C(=C(O3)N)C#N,0,1,0
482,CC[C@@H](c1nnnn1Cc2ccc(cc2)F)[NH+](Cc3ccc(cc3)C)Cc4cc5ccc(cc5[nH]c4=O)C,0,1,0
483,CC(C)Oc1ccc(cc1)CN2C[C@@H](CC2=O)c3nc(on3)c4cc5ccccc5[nH]4,0,1,0
484,CC1(Cc2c(sc3c2c(n(c(=O)n3)N)N)CO1)C,0,1,0
485,Cc1ccc(o1)[C@@H](C(=O)NC2CCCCC2)N(c3ccc(cc3)C(=O)C)C(=O)[C@H]4COc5ccccc5O4,0,1,0
486,c1ccc2=[NH+][C@H]3[C@H](N4[C@@H](CC3=c2c1)C(=O)N(CC4=O)Cc5ccncc5)c6cccc(c6)[N+](=O)[O-],0,1,0
487,CC[C@@H](c1nnnn1C[C@@H]2CCCO2)[NH+](Cc3cccs3)Cc4cc5cc6c(cc5[nH]c4=O)OCCO6,0,1,0
488,CC(C)Cn1c(c(c(=O)[nH]c1=O)N(CC(C)C)C(=O)C[NH+]2CCC[C@H]2c3ccc(cc3)OC)N,0,1,0
489,Cc1ccc(c(c1)C)NC(=O)NC(=O)[C@H](C)Sc2ccc(cn2)S(=O)(=O)N3CCCCCC3,0,1,0
490,c1cc(ccc1CC(=O)NC[C@H]2CN(C(=O)O2)c3ccc(c(c3)Cl)Cl)[N+](=O)[O-],0,1,0
491,CC(C)(C)NC(=O)[C@H](c1ccc(cc1)Cl)N(c2ccccc2)C(=O)c3cc(cc(c3)[N+](=O)[O-])[N+](=O)[O-],0,1,0
492,COc1cccc(c1)c2cc(=O)[nH]c(n2)N3CCc4ccccc4C3,0,1,0
493,CCCCNC(=O)N1CCN(C[C@H]1C)C(=O)[C@H]([C@@H](C)CC)NS(=O)(=O)c2ccc(cc2)Br,0,1,0
494,CC[C@@H](C)NC(=O)[C@H](C(C)C)NC(=O)[C@@H]1Cc2c3ccccc3[nH]c2[C@@H]4N1C(=O)c5c4cccc5,0,1,0
495,CCCCOc1ccc(cc1OCC)[C@H]2c3c(=O)c4cc(ccc4oc3C(=O)N2CCO)Br,0,1,0
496,CC1=NN[C@@H]2[C@H]1[C@@H](CC(=O)N2)[C@@H]3C=NN=C3c4ccc(cc4)OC,0,1,0
497,CC(C)[C@@H](C(=O)NCc1ccc(o1)c2nc3ccccc3s2)NS(=O)(=O)c4cccs4,0,1,0
498,C[C@H](c1ccccc1)[C@H](C(=O)NC(C)(C)C)N(C(=O)c2cccc(c2O)O)C(C)(C)C,0,1,0
499,CCCOc1ccc(cc1OCC)[C@@H]2CN3C(=O)CN(C(=O)[C@@]3([C@@H]4C2=c5ccccc5=[NH+]4)C)CCO,0,1,0
500,Cc1ccc(cc1Cl)N2C3=C(C(=O)CC(C3)(C)C)[C@@]4(c5ccccc5N(C4=O)C)C(=C2N)C#N,0,1,0
501,CCCNC(=O)CN1c2ccccc2/C(=N\NC(=O)C[NH+](Cc3ccccc3)Cc4ccccc4)/C1=O,0,1,0
502,c1ccc(cc1)n2c(nnn2)C3(C4CC5CC(C4)CC3C5)[NH+]6CCN(CC6)c7ncccn7,0,1,0
503,Cc1cc(c(c2c1C(=O)/C(=C/c3ccccc3F)/O2)C[NH+]4CCN(CC4)Cc5ccc6c(c5)OCO6)O,0,1,0
504,CC1(CC2=C([C@@H](C(=C(N2c3cccc(c3)[N+](=O)[O-])N)C#N)c4ccccc4)C(=O)C1)C,0,1,0
505,c1cc(oc1)C(=O)N2CC[NH+](CC2)[C@@H](c3ccc(cc3)F)c4nnnn4C[C@H]5CCCO5,0,1,0
506,Cc1ccccc1CN([C@H](c2cccs2)C(=O)Nc3ccc4c(c3)OCO4)C(=O)CN5c6ccccc6C(=O)C5=O,0,1,0
507,CC(C)[C@H](C(=O)N/N=C\c1cn(c2c1cccc2)Cc3ccc(cc3)F)NC(=O)c4ccc(cc4)Cl,0,1,0
508,c1ccc(cc1)C(=O)NCCCC[C@@H](C(=O)N/N=C/c2cccc(c2)Br)N3CCOCC3,0,1,0
509,CC(=O)N[C@@H](CC(=O)N1CCC(CC1)C2=c3ccccc3=[NH+]C2)c4cccs4,0,1,0
510,Cc1ccc(cc1)N2C(=O)[C@@H]3[C@H]([NH2+][C@@]([C@@H]3C2=O)(CC4=c5ccccc5=[NH+]C4)C(=O)[O-])c6ccccc6O,0,1,0
511,CN1CCCc2c1ccc(c2)[C@H](CNC(=O)c3ccc(cc3)S(=O)(=O)N4CCOCC4)[NH+]5CCCCC5,0,1,0
512,c1ccc(cc1)N(C2CC[NH+](CC2)Cc3ccc(c(c3)[N+](=O)[O-])O)S(=O)(=O)c4ccc(cc4)Cl,0,1,0
513,C[C@@H]1CCc2c(sc3c2c(=O)[nH]c(n3)[C@@H](C)Sc4nnnn4c5ccc(cc5)OC)C1,0,1,0
514,c1cc(cc(c1)NC(=O)CS[C@@H]2NN[C@@H](N2N)[C@@H]3C=C(N=N3)c4ccc(cc4)Cl)C(F)(F)F,0,1,0
515,c1cc(c(cc1Cl)Cl)c2nnc(n2C3CCCCC3)SCC(=O)NC(=O)N,0,1,0
516,CCCC[NH2+]C[C@@H](COc1c(ccc2c1sc3c2c(=O)n4c(n3)CCCCC4)Br)O,0,1,0
517,CC[C@H](C(=O)NC1CCCCC1)S[C@@H]2[NH+]=c3ccccc3=C4N2NC(=[NH+]4)CCC5=C(N=N[C@@H]5C)C,0,1,0
518,COc1ccc(cc1)C[NH+]2Cc3c(=O)nc(n(c3NC2)Cc4ccco4)S,0,1,0
519,CCCCN(c1c(n(c(=O)[nH]c1=O)CCC)N)C(=O)C[NH+](C)[C@@H](C)c2ccc(cc2)n3cncn3,0,1,0
520,c1cc(ccc1S(=O)(=O)N2CCN(CC2)c3ccc(c(c3)NCCC[NH+]4CCOCC4)[N+](=O)[O-])Cl,0,1,0
521,CC(C)Cn1c(c(c(=O)[nH]c1=O)N(CC(C)C)C(=O)C[NH+](Cc2ccco2)Cc3ccco3)N,0,1,0
522,c1cc2c(cc1[N+](=O)[O-])C(=O)N(C2=O)CN3CCN(CC3)Cc4ccc(s4)Cl,0,1,0
523,Cc1ccc2c([nH+]1)cccc2Nc3c(c(ncn3)NCCCN4CCOCC4)N,0,1,0
524,Cc1nc(cs1)c2ccc(cc2)N[C@H](C)C(=O)Nc3ccc(cc3)Br,0,1,0
525,Cc1c(c(sc1C(=O)N)NC(=O)CN2CC[NH+](CC2)C/C=C/c3ccccc3)C(=O)OC(C)C,0,1,0
526,C[NH+](C)CCN1[C@H](c2c(=O)c3cc(ccc3oc2C1=O)Br)c4cccc(c4)OC,0,1,0
527,c1ccc(cc1)CCC(=O)N2C[C@H](C3(C2)CC[NH2+]CC3)C(=O)NC4CCCCCCC4,0,1,0
528,Cc1c(c(n[nH]1)C)CC(=O)N2CC[C@H](C2)c3cc4n(n3)[C@H](C[C@H](N4)C(C)C)C(F)(F)F,0,1,0
529,CC(C)(C)c1ccc(cc1)S(=O)(=O)N2CC[NH+](CC2)Cc3[nH]c(=O)c4c5c(sc4n3)CCC5,0,1,0
530,CC(C)(C)[C@@H](/C=C/c1ccc(cc1Cl)Cl)/[NH+]=C\2/C3(CCCCC3)N(C(=S)N2)c4ccc(cc4)OC,0,1,0
531,C[C@@H]1CCC[C@@H]([C@@H]1C)NC(=O)[C@@H](Cc2ccccc2)NS(=O)(=O)c3ccc(cc3)Br,0,1,0
532,CC1CCC(CC1)NC(=O)c2ccc(cc2)S(=O)(=O)Nc3cc(ccc3OC)[N+](=O)[O-],0,1,0
533,CN(Cc1ccc(cc1)Cl)c2ccc(cc2S(=O)(=O)N3CCC(CC3)C(=O)[O-])[N+](=O)[O-],0,1,0
534,CC[C@H](C)C(=O)N[C@H](Cc1ccccc1)c2nnc(n2c3ccc(cc3)[N+](=O)[O-])SCc4cccc(c4)C,0,1,0
535,CC(C)C1=C[C@@H](NO1)C(=O)N(C)C[C@H]2C3=C(CCCC3)N=N2,0,1,0
536,CCN(CC)S(=O)(=O)c1ccc(cc1)c2csc([n+]2c3ccc(cc3)OC)Nc4ccc(cc4)OC,0,1,0
537,Cc1cccc2c1[nH]c(=O)c(c2)[C@@H](c3nnnn3Cc4ccccc4)[NH+]5CCCC6(C5)CCCCC6,0,1,0
538,Cc1cc(ccc1NC(=O)CS[C@H]2NN[C@H](N2N)[C@@H]3C=C(N=N3)c4ccc(cc4)Cl)Cl,0,1,0
539,Cc1c2ccc(cc2oc1C(=O)Oc3ccc4c(c3)OC(=C([C@H]4c5ccco5)C#N)N)Br,0,1,0
540,CC[C@H](C)CN1C(=O)[C@@H]([NH2+]C12CCN(CC2)C(=O)c3ccc4c(c3)OCO4)CC(C)C,0,1,0
541,CC(C)c1ccc(cc1)NC(=O)[C@H](c2ccccc2)NS(=O)(=O)c3ccc4c(c3)CCC(=O)N4,0,1,0
542,c1ccnc(c1)C(=O)[C@@H]2[C@@H]([C@@H]3CSC[NH+]3[C@]24c5cc(ccc5NC4=O)F)c6cccc(c6)[N+](=O)[O-],0,1,0
543,Cn1c(nn(c1=S)C[NH+]2CCC[C@H](C2)C(=O)N3CCOCC3)c4ccco4,0,1,0
544,C/C(=N\Nc1nnc(n1N)SCC(=O)Nc2cccc(c2)NC(=O)C)/c3ccc(cc3)Br,0,1,0
545,CCc1nc(on1)[C@@H](C)N2CCN(CC2)S(=O)(=O)c3ccccc3[N+](=O)[O-],0,1,0
546,Cc1ccc(c(c1)C)[C@H]2C3=C(CN(C3=O)CC(=O)NCC[NH+](C)C)N(C(=O)N2)CC=C,0,1,0
547,Cc1ccc(o1)CN(C)C(=O)CN2CC[NH+](CC2)Cc3[nH]c(=O)c4c(csc4n3)c5cccs5,0,1,0
548,Cc1ccc(cc1Cl)N2C(=O)[C@H]3[C@@H]([NH2+][C@@]([C@@H]3C2=O)(c4ccccc4)C(=O)[O-])c5ccc(cc5)C(=O)OC,0,1,0
549,CN(C)S(=O)(=O)c1ccc(cc1)c2cs/c(=N\N=C\c3ccc(c(c3)OC)O)/[nH]2,0,1,0
550,Cc1cccc(c1C)NC(=O)c2ccc(cc2)[C@H]3Nc4cc(ccc4S(=O)(=O)N3)C(F)(F)F,0,1,0
551,CCn1c2ccc(cc2[nH]c(=O)c1=O)C3=[NH+][C@H](ON3)[C@H](C(C)C)NS(=O)(=O)c4ccc(cc4)C,0,1,0
552,Cc1ccc(cc1)[C@@H]2C3=C(N=N[C@@H]3C(=O)N2C)c4ccccc4O,0,1,0
553,Cc1cccc2c1[nH]c(n2)CN(C)C(=O)C[C@H]3C(=O)NCC[NH+]3CC(C)(C)C,0,1,0
554,c1ccc(c(c1)CC(=O)N)NC(=O)NC[C@H](c2cccs2)[NH+]3CCCC3,0,1,0
555,CCCN1C(=O)[C@H]([NH2+]C12CCN(CC2)C(=O)NC(C)(C)C)C(C)C,0,1,0
556,CC(C)[C@H](C(=O)NCc1ccco1)N2CC3=C(C2=O)[C@@H](NC(=O)N3C)c4cccc(c4)Oc5ccccc5,0,1,0
557,Cc1cccc2c1[nH]c(=O)c(c2)[C@H](c3nnnn3C(C)(C)C)[NH+](Cc4ccc(cc4)OC)Cc5cccnc5,0,1,0
558,CC(C)CN(c1ccccc1O)C(=O)[C@H]2CC(=C3[NH+]2Cc4ccccc4N3)S(=O)(=O)Oc5ccccc5,0,1,0
559,CC[C@@H](C)n1c(=O)c(c([nH]c1=S)[O-])[C@@H]2c3c(cc4c(c3OC)OCO4)CC[NH+]2C,0,1,0
560,C[NH+]1CCc2c(sc3c2C(=N[C@H](N3)c4cccc(c4)Oc5ccc(cc5[N+](=O)[O-])[N+](=O)[O-])O)C1,0,1,0
561,Cc1ccc(cc1)c2nc([nH]n2)SCC(=O)Nc3c(c4c(s3)CCCC4)C(=O)N,0,1,0
562,c1cc(ncc1C[NH2+]C[C@@H]2CNc3ccnn3C2)N4CCCCCC4,0,1,0
563,Cc1c(c(n(n1)Cc2ccccc2)C)CNC(=O)C[NH+](C)[C@@H](C)c3cccc(c3)[N+](=O)[O-],0,1,0
564,CCC[C@H](c1ccc2c(c1)OCCOCCOc3cc(ccc3OCCOCCO2)CC[C@@H](C)O)O,0,1,0
565,c1ccc2c(c1)OC[C@H](O2)C(=O)N(c3ccc4c(c3)OCO4)[C@H](c5cccs5)C(=O)NC6CCCCC6,0,1,0
566,CCc1ccc2c(c1)cc(c(=O)[nH]2)[C@@H](c3nnnn3C[C@H]4CCCO4)[NH+]5CCN(CC5)c6cccc(c6C)C,0,1,0
567,CC1=C([C@@H](C2=C(N1)CC(CC2=O)(C)C)c3cc4c(cc3Cl)OCO4)C(=O)OCCOc5ccccc5,0,1,0
568,Cc1cccn2c1nc3c(c2=O)cc(/c(=N\C(=O)c4cccc(c4)[N+](=O)[O-])/n3Cc5ccco5)C#N,0,1,0
569,CC1(CCCCC1)n2c(nnn2)c3cc(cc(c3)N)N,0,1,0
570,CN1C[C@@H]([C@@H]([C@]12c3cc(ccc3NC2=O)F)C(=O)c4ccco4)c5cccc(c5)[N+](=O)[O-],0,1,0
571,CC(C)(C)NS(=O)(=O)c1ccc2c(c1)[C@H]3C=CC[C@H]3[C@H](N2)c4cccs4,0,1,0
572,C[C@@H]1C[C@@H](CN(C1)S(=O)(=O)c2ccc(cc2)C(=O)NC[C@@H](c3ccco3)[NH+]4CCCCC4)C,0,1,0
573,CCN1CCN(C(=O)C1=O)CC(=O)O[C@H]2CCCN(C2)c3cc([nH+]c(n3)C)C,0,1,0
574,Cn1c2c(nc1Sc3nnc(n3c4ccccc4)c5ccc(cc5)[N+](=O)[O-])n(c(=O)n(c2=O)C)C,0,1,0
575,CC[C@H](c1ccccc1)C(=O)N2C[C@H](C3(C2)CC[NH2+]CC3)C(=O)NCCc4c[nH]c5c4cc(cc5)Cl,0,1,0
576,c1cc(ccc1CN2C(=O)CNC2=O)c3[nH]c(=O)c4c(n3)ccs4,0,1,0
577,CC1=Nc2nc(nn2[C@H]([C@H]1C(=O)N)c3ccncc3)c4ccc(cc4)Cl,0,1,0
578,CCc1ccc(cc1)C(=O)N(Cc2c(nn(c2N3CC[NH+](CC3)C(C)C)c4ccc(cc4)F)CC)CC(C)C,0,1,0
579,Cc1ccc(c(c1)Br)NS(=O)(=O)c2c(ccc(c2C)N)C,0,1,0
580,Cc1cc(ccc1C(=O)C2=C(C(=O)N([C@@H]2c3cccc(c3)Br)CC[NH+](C)C)[O-])OCC(C)C,0,1,0
581,CC1=C([C@@H](C(=C(N1)SCC(=O)Nc2ccc(cc2)Br)C#N)c3ccc(cc3)O)C(=O)C,0,1,0
582,C[C@H]1Cc2cc(ccc2N1C(=O)C)S(=O)(=O)N[C@H](Cc3ccccc3)C(=O)NC4CCCCCC4,0,1,0
583,Cc1ccc(c(c1)Nc2c(c(ncn2)N3CCN(CC3)c4ccccc4F)N)C,0,1,0
584,CC(C)CCNC(=O)[C@H](CCSC)NC(=O)[C@@H]1CC2=c3ccccc3=[NH+][C@@H]2[C@H]4N1C(=O)c5c4cccc5,0,1,0
585,C[C@]1([C@]([C@@]([C@@]([C@](O1)(C)Sc2ccccc2)(C)O)(C)O)(C)O)CO,0,1,0
586,Cc1ccccc1Nc2nc(nc(n2)N)CSc3nnc(n3c4ccccc4)C[NH+]5CCCC5,0,1,0
587,CCOc1ccc(cc1)Nc2c(nc(o2)c3ccc(cc3)S(=O)(=O)N4CCC[C@@H](C4)C)C#N,0,1,0
588,c1cc(ccc1Sc2c(c(ncn2)N)N)Cl,0,1,0
589,Cc1c(c(=O)c2ccc(c(c2o1)C[NH+]3C[C@H]4C[C@@H](C3)c5cccc(=O)n5C4)O)c6ccc(cc6)OC,0,1,0
590,CCCN1c2ccc(cc2[C@@]3(C1=O)[C@@H]4C(=c5cc(ccc5=[NH+]4)OC)CCN3)Br,0,1,0
591,Cc1ccc(o1)c2nnn(n2)CC(=O)N(Cc3cccs3)[C@H](c4ccc(cc4)OC)C(=O)NC(C)(C)C,0,1,0
592,c1cc(ccc1[N+](=O)[O-])S(=O)(=O)NC[C@H](c2ccsc2)[NH+]3CCCCCC3,0,1,0
593,Cc1ccccc1/N=C(/NC2C[C@H]3CC[C@@H](C2)[NH+]3Cc4ccco4)\S,0,1,0
594,Cc1cc(c(c(c1)Br)n2c(nnn2)C[NH2+]CC(C)C)Br,0,1,0
595,Cc1ccc(cc1)/C(=N/NC(=O)Cc2c[nH]c3c2cccc3)/C45C[NH+]6CN(C4)CN(C5)C6,0,1,0
596,C/C(=N\NC(=O)/C(=C\c1ccc2c(c1)OCO2)/NC(=O)c3ccccc3)/c4ccc5c(c4)CCCC5,0,1,0
597,Cc1ccc(c(c1)S(=O)(=O)N2CC[NH+](CC2)Cc3[nH]c(=O)c4c5c(sc4n3)CCC5)C,0,1,0
598,C[C@@H](c1nnc(n1c2ccccc2)SCC(=O)NCc3ccccc3Cl)NC(=O)c4ccco4,0,1,0
599,COCCCN(CC(=O)N(CCc1c[nH]c2c1cccc2)Cc3ccccc3)C(=O)c4cccc(c4)[N+](=O)[O-],0,1,0
600,c1ccc(cc1)C[C@@H](C(=O)N2CCC3(CC2)c4c([nH]cn4)CC[NH2+]3)NC(=O)c5ccc(cc5)Br,0,1,0
601,Cc1nc2c(c3c(s2)C[C@@H](CC3)C(C)(C)C)c(=O)n1NC(=O)c4cnn5c4nc(cc5C(F)F)C6CC6,0,1,0
602,CC[C@H]1CCc2c(cc(c(n2)SCC3=C([C@@H](C(=C(O3)N)C#N)c4ccc(cc4)C(C)C)C(=O)OC)C#N)C1,0,1,0
603,CS(=O)(=O)N1CCCc2c1cc(cc2)NS(=O)(=O)c3ccc(cc3)[N+](=O)[O-],0,1,0
604,COc1ccc(cc1)C(=O)[C@H]2[C@@H]3[C@@H]([C@@H]4N2C=Cc5c4cccc5)C(=O)N(C3=O)c6ccc(cc6)[N+](=O)[O-],0,1,0
605,Cc1nc(cc(n1)N(C)C)N2CCN(CC2)S(=O)(=O)c3ccc(cc3)[N+](=O)[O-],0,1,0
606,C[C@H](C(=O)NNC(=O)[C@@H](C)Oc1cccc(c1)Br)n2c3ccccc3oc2=O,0,1,0
607,Cn1c2c(cn1)[C@H](CCC2)Nc3ccccc3[N+](=O)[O-],0,1,0
608,CC[C@@H](C)[C@H](C(=O)NCc1ccccc1C[NH+]2CCCC[C@@H]2C)NC(=O)N,0,1,0
609,CC(=O)c1ccccc1N([C@H](c2ccc(cc2)Cl)C(=O)NC3CCCCC3)C(=O)Cc4cccs4,0,1,0
610,CCC(CC)C(=O)N1C[C@@H](C2(C1)CC[NH2+]CC2)C(=O)NCCC[NH+]3CCCC[C@@H]3C,0,1,0
611,Cc1ccc(cc1)c2c3c([nH]n2)OC(=C([C@H]3c4ccccc4C(F)(F)F)C#N)N,0,1,0
612,CCC[NH+]1CCN(CC1)C(=O)[C@@H](C)C2CCN(CC2)S(=O)(=O)c3c(noc3C)C,0,1,0
613,c1ccc(cc1)C[C@H]2C(=O)N(C3([NH2+]2)CCN(CC3)S(=O)(=O)c4ccc(cc4)Cl)CCc5ccccn5,0,1,0
614,Cc1c(c(n(n1)CCO)N)[C@@]2(c3cc(ccc3NC2=O)C(C)C)O,0,1,0
615,Cc1cccc(c1)OCCCn2cc(c3c2cccc3)/C=C\4/C(=[NH2+])N5C(=NC4=O)SN=C5S(=O)(=O)C,0,1,0
616,CC(C)[C@@H](C(=O)NCCCOC(C)C)NC(=O)[C@@H]1CC2=c3ccccc3=[NH+][C@@H]2[C@@H]4N1C(=O)c5c4cccc5,0,1,0
617,c1cc(cc(c1)NC(=O)CCCn2c3ccc(cc3oc2=O)[N+](=O)[O-])C#Cc4cccs4,0,1,0
618,C=CCNC(=S)N1CC[NH+](CC1)[C@@H]2c3cccc4c3c(ccc4)[C@@H]2NS(=O)(=O)c5ccccc5,0,1,0
619,CC[C@H]1CCCC[NH+]1CCCNC(=O)[C@@H]2CCCN(C2)S(=O)(=O)N3CCN(CC3)C(=O)OCC,0,1,0
620,COc1ccc(cc1)N2C(=O)[C@@H](C(=O)NC2=S)/C=N/CCc3c[nH]c4c3cccc4,0,1,0
621,Cc1cccn2c1nc(c2)CSc3nnc(n3c4ccc(cc4)F)C[NH+]5CCCCC5,0,1,0
622,Cc1cc(c2cc(c(=O)[nH]c2c1)[C@H](c3nnnn3C4CCCCC4)[NH+](Cc5ccco5)Cc6cccs6)C,0,1,0
623,Cc1cc(c(n1c2cc(ccc2Cl)Cl)C)/C=N/NC(=O)C(=O)Nc3cccc(c3)C(F)(F)F,0,1,0
624,CC[C@@H](COC)NC(=O)[C@@H]1CN(CC12CC[NH2+]CC2)C(=O)c3c(noc3C)C,0,1,0
625,CCc1ccc2=[NH+]C(=O)[C@@H](C=c2c1)[C@@H]([C@@H]3N=NNN3C(C)(C)C)[NH+](Cc4ccco4)C[C@@H]5CCCO5,0,1,0
626,c1ccc2c(c1)[nH]c(n2)SC/C(=N/NC(=[NH2+])N)/c3cccc(c3)Br,0,1,0
627,CCCc1c2c([nH]n1)OC(=C([C@H]2c3cccc(c3OCc4c(cccc4Cl)F)OC)C#N)N,0,1,0
628,c1cc(oc1)[C@H]2CC(=NN2C(=O)CN3C(=O)c4ccc(cc4C3=O)[N+](=O)[O-])c5ccc(cc5)Cl,0,1,0
629,Cc1cc(nc(n1)/N=C(/NC(=O)NC23CC4CC(C2)CC(C4)C3)\N5CCC(CC5)(C(=O)N)[NH+]6CCCCC6)C,0,1,0
630,CCc1c(nn(c1OS(=O)(=O)C)c2nc(cc(n2)C)C)C,0,1,0
631,C[C@@H]1CN(C[C@H](O1)C)C(=[NH2+])NS(=O)(=O)c2ccc(c(c2)Cl)Cl,0,1,0
632,Cc1ccc2c(c1)cc(c([nH+]2)N(C)Cc3ccn[nH]3)CN(C[C@@H]4CCCO4)C(=O)c5ccc(s5)C,0,1,0
633,CCc1cccc(c1N2C(=O)[C@H]3[C@@H]([NH2+][C@@]([C@@H]3C2=O)(CC4CCCCC4)C(=O)[O-])c5ccccc5C)CC,0,1,0
634,COc1ccc(c(c1OC)OC)[C@@H]2C[C@H](N=C3N2NC=[NH+]3)c4ccc(cc4)I,0,1,0
635,CCN(CC)c1ccc(c(c1)C)NC(=O)[C@@H]2C[C@@H]3CCCN3[C@@]24c5ccccc5NC4=O,0,1,0
636,c1ccc2=[NH+]CC(=c2c1)C3CCN(CC3)c4cnnc(c4Cl)[O-],0,1,0
637,CC1=C([C@H](N2C(=CSC2=N1)/C=C(/N3CCN(CC3)C(=O)C)\[O-])c4ccc(cc4)[N+](=O)[O-])C(=O)OC,0,1,0
638,[H]/N=C\1/NC(=O)/C(=C/c2ccc(o2)c3ccc(cc3)S(=O)(=O)N)/S1,0,1,0
639,CCC(CC)C(=O)N1C[C@H](C2(C1)CC[NH2+]CC2)C(=O)NC[C@H](c3ccc(cc3)OC)[NH+]4CCCC4,0,1,0
640,c1ccc(cc1)CC[NH+]2CCN(CC2)c3c4c5c(sc4nc(n3)SCc6ccc(cc6)F)CCCC5,0,1,0
641,Cc1ccc2c(c1)cc(c(=O)[nH]2)[C@@H](c3nnnn3C[C@H]4CCCO4)N(Cc5cccs5)C[C@@H]6CCCO6,0,1,0
642,CC(C)OC(=O)CNC(=O)[C@@H]1CN(CC12CC[NH2+]CC2)C(=O)C3CCN(CC3)C(=O)OCc4ccccc4,0,1,0
643,CC(C)CN1CC2=C(C1=O)[C@H](NC(=O)N2C)c3ccccc3F,0,1,0
644,CCCCCOc1cccc(c1)[C@H]2c3c(n[nH]c3C(=O)N2[C@H]4CCS(=O)(=O)C4)c5cc(ccc5O)C,0,1,0
645,COc1ccc(cc1)n2c(nnn2)CN3CCN(CC3)S(=O)(=O)c4cccs4,0,1,0
646,c1ccc(c(c1)NC(=O)CNc2c3c4c(sc3nc(n2)C[NH+]5CCCCC5)CCC4)Br,0,1,0
647,C[C@@H]1C[C@H](C[NH+](C1)Cc2csc(n2)NC(=O)CCNC(=O)OC(C)(C)C)C,0,1,0
648,c1ccc2c(c1)C=C[C@H]3N2[C@@H]([C@@H]4[C@@H]3C(=O)N(C4=O)c5ccc(cc5)[N+](=O)[O-])C(=O)n6c7ccccc7nn6,0,1,0
649,CC1=CC[C@H]2[C@@]([C@@H]1C[C@@]34[C@@H]([C@@H](C(=C)[C@@H]([C@@H]3O4)O)O)O)(CCCC2(C)C)C,0,1,0
650,C[C@H]1Cc2cc(ccc2N1C(=O)C)S(=O)(=O)N3CCN(CC3)c4ccc5nncn5n4,0,1,0
651,CCNC(=O)N1CCc2c(c(nc([nH+]2)N3CCC(CC3)[NH+]4CCCCC4)N(C)C)C1,0,1,0
652,C[C@@H]1CN(C[C@H](O1)C)C2=NC(=O)/C(=C\c3cn(nc3c4ccc(cc4)OCCC(C)C)c5ccccc5)/S2,0,1,0
653,CC(C)C(=O)N1CCC(CC1)NC(=O)[C@H]2CN(CC23CC[NH2+]CC3)C(=O)c4cc(cc(c4)Cl)Cl,0,1,0
654,c1c(cc(cc1F)Br)N=C=O,0,1,0
655,c1ccc(cc1)C(=O)NCC(=O)N(Cc2ccco2)[C@H](c3ccco3)C(=O)NC4CCCCC4,0,1,0
656,c1cc(ccc1[C@H](CNc2ccc(c(c2)Cl)C#N)O)N,0,1,0
657,CC(C)(C)n1c(nnn1)[C@H](c2ccc(cc2)N(C)C)N3CC[NH+](CC3)C4CCCCC4,0,1,0
658,CC(C)(C)CC(C)(C)NC(=O)[C@@H](c1ccc(cc1)OC)N(c2ccccc2Cl)C(=O)[C@@H]3CCC(=O)N3,0,1,0
659,Cc1ccc(c(c1)C)n2c(c(c(n2)c3ccccc3OC)/C=C\4/C(=O)N(C(=O)N4)Cc5ccc(cc5)C#N)O,0,1,0
660,c1ccc(cc1)[C@H](C(=O)N)NC(=O)NC[C@H]2CCC[NH+]2CC3CCCCC3,0,1,0
661,CC(=O)N1[C@H](OC(=N1)c2cc(cnc2)Br)c3ccc(cc3)OC(=O)c4ccc(cc4)[N+](=O)[O-],0,1,0
662,CC1(CC(CC([NH2+]1)(C)C)NC(=O)CSc2nc([nH]n2)N/N=C/c3cc(ccc3O)Cl)C,0,1,0
663,c1ccc(cc1)C2=C[C@@H](N=N2)[C@H]3NN[C@@H]4N3N=C(S4)N,0,1,0
664,c1cc(ccc1OC[C@@H]2c3ccsc3CCN2C(=O)CN(CC[NH+]4CCCC4)C(=O)C5CCCC5)F,0,1,0
665,COCCN1CC(=O)N2[C@H](C1=O)CC3=c4ccccc4=[NH+][C@H]3[C@@H]2c5ccc(cc5)C(=O)OC,0,1,0
666,CC1(Cc2c(sc(n2)NC(=O)c3c(ccc(n3)Cl)Cl)C(=O)C1)C,0,1,0
667,c1cc(oc1)[C@@H]2C[C@H](N3C(=[NH+]2)C=C(N3)C(=O)NCCCn4cc[nH+]c4)C(F)(F)F,0,1,0
668,CS(=O)(=O)C1=NSC2=NC(=O)/C(=C\c3ccc(c(c3)Cl)OCCOc4ccccc4)/C(=[NH2+])N21,0,1,0
669,Cc1ccc(cc1)n2c(nnc2SCC(=O)N(CCC(=O)N)c3ccccc3)c4ccccc4F,0,1,0
670,C=CCNC(=O)C[NH+]1CCN(CC1)c2cc(c(cc2[N+](=O)[O-])C(F)(F)F)Cl,0,1,0
671,CCCCSc1[nH]c(=O)c2c(n1)NC3=C([C@H]2c4ccncc4)C(=O)CC(C3)(C)C,0,1,0
672,CC[NH+](CC)CCCN1[C@@H](c2c(=O)c3cc(c(cc3oc2C1=O)C)C)c4ccc(c(c4)OCC)OCC=C,0,1,0
673,Cc1ccc2c(c1)c(=O)c3c(o2)C(=O)N([C@@H]3c4ccc(cc4)O)C,0,1,0
674,C[C@@H]1CSc2ccc(cc2NC1=O)S(=O)(=O)N3CCN(CC3)C4CCCCC4,0,1,0
675,c1ccc2c(c1)C(=O)NC3(O2)CCN(CC3)C(=O)NC[C@H]4CCCO4,0,1,0
676,CCON1C[C@](N(C1=O)CC2(CCN(CC2)S(=O)(=O)c3ccccc3)C4CCCCC4)(C)c5ccccc5,0,1,0
677,CCCCN1C(=O)/C(=C/NC2[NH+]=c3ccccc3=[NH+]2)/C(=O)N(C1=O)CCc4ccccc4,0,1,0
678,c1ccc2c(c1)CCC[C@H]2NC(=O)c3ccccc3N4CCC(CC4)NC(=O)c5ccc(cc5)[N+](=O)[O-],0,1,0
679,CCOC(=O)/C(=C/c1ccc(cc1)C#N)/C2=Nn3c(nnc3SC2)c4ccc(cc4)OC,0,1,0
680,Cc1c(c(nc([nH+]1)C)N2CCN(CC2)S(=O)(=O)c3ccc(cc3)[N+](=O)[O-])C(C)C,0,1,0
681,CN(C)c1ccc(cc1)/C=N/[NH+]=C/2\N[C@H]3C(=c4cc(ccc4=[NH+]3)Br)N=N2,0,1,0
682,CC(C)NC(=O)NCc1ccc(cc1)C(=O)NC[C@H](c2ccccc2Cl)[NH+]3CCCC3,0,1,0
683,COC(=O)[C@@H]1[C@@H](CC2=C(C1=O)[C@@H](C(=C(N2c3ccccc3)N)C(=O)OC)c4ccc(cc4)F)c5ccccc5,0,1,0
684,c1ccc2c(c1)c(c[nH]2)[C@@H](CNC(=O)CC[C@H]3C(=O)NC(=O)N3)c4ccccc4Cl,0,1,0
685,Cc1ccc(c(c1)C(=O)NNC(=O)c2cccc(c2)S(=O)(=O)NCc3ccccc3)O,0,1,0
686,c1ccc(cc1)[C@H](C(=O)NCC2(CCCC2)c3ccccc3)NS(=O)(=O)c4ccc5c(c4)CCC(=O)N5,0,1,0
687,c1cnc(nc1)N2CCC[C@@H](C2)[NH2+]Cc3c[nH]nc3C4CCCCC4,0,1,0
688,c1cc(cc(c1)Cl)[C@@H]2C3=C(C[C@@H](CC3=O)c4ccco4)Nc5n2nc(n5)C(F)(F)F,0,1,0
689,c1ccc(cc1)C2=C[C@@H](N=N2)[C@@H]3NN[C@@H]4N3N=C(S4)Cc5cccc6c5cccc6,0,1,0
690,CC(C)Cc1ccc(cc1)[C@H](CNS(=O)(=O)c2ccccc2)N3CC[NH2+][C@@H](C3)c4ccccc4O,0,1,0
691,Cc1ccc(c(c1)C)CCNC(=O)[C@H]2CN(CC23CC[NH2+]CC3)C(=O)c4ccc(cc4)OC(F)(F)F,0,1,0
692,CC1CC[NH+](CC1)[C@@H](CNC(=O)[C@H](CC2=c3ccccc3=[NH+]C2)NC(=O)C)c4cccs4,0,1,0
693,Cc1ccc(cc1)S(=O)(=O)CNC(=O)[C@H](c2ccccc2O)N(C(=O)CC(C)C)C(C)(C)C,0,1,0
694,CCOc1ccc(cc1)N/C=C\2/C(=O)NC(=S)N(C2=O)c3cccc4c3cccc4,0,1,0
695,CCCCCOc1cccc(c1)[C@H]2C(=C(C(=O)N2CCC[NH+](CC)CC)O)C(=O)c3ccc4c(c3)C[C@@H](O4)C,0,1,0
696,Cc1ccc(cc1)S(=O)(=O)N(CC[NH+](C)C)Cc2c(noc2N3CCc4ccccc4C3)c5ccccc5,0,1,0
697,C[C@@]12C[C@@H](CC(C1)(C)C)N(C2)c3c(c(ncn3)Nc4cc(c(cc4OC)OC)Cl)N,0,1,0
698,CC(C)C[C@H](CO)NC(=O)C[C@@H]1c2c(sc(n2)NC(=O)c3ccco3)C[C@H]4[C@]1(CC[C@H]([C@@]4(C)CO)O)C,0,1,0
699,c1cc(oc1)CN([C@@H](c2ccc(cc2)F)C(=O)NC3CCCCC3)C(=O)CNC(=O)c4cccs4,0,1,0
700,CSCC[C@@H](C1[NH+]=c2ccccc2=[NH+]1)NC(=O)c3cc(cc(c3)[N+](=O)[O-])[N+](=O)[O-],0,1,0
701,COC(=O)[C@H]1Cc2c3ccccc3[nH]c2[C@H](N1C(=O)CCl)c4ccc(cc4)[N+](=O)[O-],0,1,0
702,Cc1c(cc(o1)C(=O)N(C)[C@H](C)c2ccc(cc2)n3cncn3)S(=O)(=O)N4CCCC4,0,1,0
703,Cc1ccc(c(c1)C)[C@H](C)NC(=O)[C@H]2CCC[NH+](C2)Cc3nc(no3)c4cccc(c4)Br,0,1,0
704,CC(C)(C)[C@H]1CCc2c(sc3c2C(=N[C@@H](N3)c4ccc(c(c4)O)OC)O)C1,0,1,0
705,CCCNC(=O)c1c2c(sc1NC(=O)[C@]3(C(=O)N(c4ccccc4O3)CC)C)CCCC2,0,1,0
706,CCc1ccc(cc1)NC(=O)CSc2nnc(s2)NC(=O)c3c(onc3c4ccccc4Cl)C,0,1,0
707,Cc1ccc(cc1C)S(=O)(=O)Nc2ccc(cc2)C(=O)N[C@@H](C)c3ccc(cc3)S(=O)(=O)C,0,1,0
708,CCc1ccc(cc1)O[C@H](C)C(=O)Oc2ccc3c(c2)OC(=C([C@@H]3c4ccc(c(c4)OC)OCC)C#N)N,0,1,0
709,CCOC(=O)c1c2c(sc1N3C4=C([C@@H](C(=C3N)C#N)c5cccc(c5)[N+](=O)[O-])C(=O)CCC4)CCCC2,0,1,0
710,Cc1c(cn2c(=O)cc(nc2c1Cl)C[NH+](C)Cc3[nH]c(=O)c4ccccc4n3)Cl,0,1,0
711,Cn1c2c(c(=O)n(c1=O)C)n3c(n2)nc(n3CC(=O)c4ccc(cc4)Cl)N5CCOCC5,0,1,0
712,c1cc(ccc1/N=C(/N2CCCCC2)\Cl)[N+](=O)[O-],0,1,0
713,c1cc(cc(c1)Br)/C=C/C(=O)NCC(=O)Nc2ccc3c(c2)[nH]c(=O)[nH]3,0,1,0
714,CCc1ccc(cc1)[C@@H]2c3ccc(cc3OC(=C2C#N)N)OC(=O)c4cc(c(c(c4)Cl)OC)Cl,0,1,0
715,CCCCNC(=O)[C@@H](c1c(cc(cc1O)O)O)N(CCC)C(=O)C#Cc2ccccc2,0,1,0
716,C[C@H]1[C@@H](OC(O1)C(Cl)(Cl)Cl)C,0,1,0
717,c1cc(oc1)CN2C[C@H](CC2=O)C(=O)N/N=C/c3ccc(c(c3)[N+](=O)[O-])Cl,0,1,0
718,c1cc2c(cc1CN3CC[NH+](CC3)CC(=O)N([C@H]4CCS(=O)(=O)C4)C5CCCCC5)OCO2,0,1,0
719,CCCc1c[nH+]c2c(c1NOCC(=O)Nc3cc(ccc3C)C)c(=O)n(c(=O)n2C)C,0,1,0
720,CC[C@H](c1ccccc1)C(=O)N(Cc2ccc(o2)C)[C@@H](c3ccc(cc3)C(F)(F)F)C(=O)NC(C)(C)C,0,1,0
721,Cc1cc2cc(c(=O)[nH]c2cc1C)[C@H](c3nnnn3C[C@@H]4CCCO4)[NH+]5CCN(CC5)c6ccc(cc6)F,0,1,0
722,CCN(CC)c1ccc(cc1)[C@H]2c3c(=O)[nH]c(nc3NC4=C2C(=O)CCC4)N5CCOCC5,0,1,0
723,CCCOc1ccc(cc1OC)[C@@H]2C3=C(C[C@@H](CC3=O)c4ccc(cc4)N(C)C)Nc5ccccc5N2,0,1,0
724,CCOC(=O)C1=C(NC(=C([C@H]1c2ccco2)C#N)SCC(=O)Nc3cc(ccc3C)C)c4ccccc4,0,1,0
725,C[C@H](C(=O)N[C@](C)(C#N)C(C)C)OC(=O)c1ccc(cc1)N2C(=O)c3cccc4c3c(ccc4)C2=O,0,1,0
726,[H]/N=C/1\C(C2=CC[NH+](C[C@@H]2C3(C1(C#N)C#N)CC[NH+](CC3)CC)CCC)C#N,0,1,0
727,CCOc1ccccc1C(=O)N2C[C@@H](C3(C2)CC[NH2+]CC3)C(=O)NCc4ccccc4N5CCCCC5,0,1,0
728,C[C@H](c1cc2ccccc2o1)NC(=O)CN3C(=O)[C@@]4(CCCc5c4ccs5)NC3=O,0,1,0
729,CCOc1ccc(cc1)S(=O)(=O)N(c2ccc3c(c2)c4c(o3)CCCC4)C(=O)c5cccc(c5)[N+](=O)[O-],0,1,0
730,Cn1c(cc(=O)n(c1=O)C)N2CCC(CC2)C(=O)N3CCC(CC3)[NH+]4CCCCC4,0,1,0
731,c1ccc2c(c1)[C@@H](NS2)C(=O)Nc3ccccc3C(=O)NCCC4=c5ccccc5=[NH+]C4,0,1,0
732,CCOc1cccc(c1)C(=O)N2C[C@@H](C3(C2)CC[NH2+]CC3)C(=O)NCC4(CCCCC4)N5CCOCC5,0,1,0
733,Cc1ccc(cc1)S(=O)(=O)CNC(=O)[C@@H](c2cccc(c2)O)N(C(=O)c3cccc(c3)Cl)C(C)(C)C,0,1,0
734,Cc1ccc(o1)[P@](=Nc2ccc(cc2)S(=O)(=O)N)(C(C)(C)C)Oc3cccc(c3)Br,0,1,0
735,c1ccc(cc1)CCn2c(=O)c(c(nc2O)O)[C@@H]3c4c(c5ccccc5[nH]4)CC[NH2+]3,0,1,0
736,c1cc(ccc1C(c2ccc(cc2)Cl)(C(=O)NN=C3CCCCC3)O)Cl,0,1,0
737,Cc1c(sc(n1)Cc2ccccc2)C(=O)/N=c/3\[nH]c4c(s3)C[NH+](CC4)Cc5ccccc5,0,1,0
738,C[C@@H]1Cc2ccccc2N(C1)Cc3cc(=O)n4c([nH]3)ccn4,0,1,0
739,C[C@@H]1C[C@@]2([C@@H](C2(C)C)[C@H]3[C@]1([C@@H]4C=C(C(=O)[C@]4(CC(=C3)COC(=O)C)O)C)O)OC(=O)C,0,1,0
740,CCCOc1ccc(cc1)[C@H]2c3c(=O)c4ccc5ccccc5c4oc3C(=O)N2CCC[NH+](CC)CC,0,1,0
741,Cc1cccc(c1)OCCOc2ccc(cc2OC)/C=C/3\C(=[NH2+])N4C(=NC3=O)SC(=N4)S(=O)(=O)C,0,1,0
742,COC1=CC=C/C(=C/NNC(=O)CSc2nc3ccccc3n2Cc4ccc(cc4)Cl)/C1=O,0,1,0
743,C[C@H]([C@@H](c1cccs1)N2CC[NH+](CC2)Cc3ccccc3)NS(=O)(=O)c4ccccc4OC,0,1,0
744,C[C@@H]1CCCC[C@]12C(=O)N(C(=O)N2)CC(=O)N[C@@H](c3ccc(cc3)F)C4CCCC4,0,1,0
745,CC[C@H]1CCCC[NH+]1Cc2nc3c(n2Cc4cc(ccc4C)C)c(=O)n(c(=O)n3C)C,0,1,0
746,c1ccc2c(c1)c(=O)n(nn2)C[NH+]3CCC[C@H](C3)c4nc(no4)c5cccc(c5)F,0,1,0
747,c1ccc(cc1)[C@H](C(=O)NC[C@H]2CCCO2)N(c3ccccc3Cl)C(=O)CNC(=O)c4cccs4,0,1,0
748,Cc1c(n2cccnc2n1)C(=O)N(CC3CC[NH+](CC3)C4CCCC4)C[C@@H]5CCCO5,0,1,0
749,Cc1c2c(ccc3c2C(=O)C[C@@](O3)(C)c4ccc(cc4)Cl)oc1C(=O)NCCC[NH+]5CCCC5,0,1,0
750,c1cc(ccc1C(=O)NCCC(=O)NC23CC4CC(C2)CC(C4)C3)Br,0,1,0
751,c1ccc(cc1)C(=O)CS[C@H]2Nc3ccccc3C(=O)N2NC(=O)CCc4c[nH]c5c4cccc5,0,1,0
752,CC[NH+](CC)CCN([C@@H](c1cccs1)C(=O)NC(C)(C)C)C(=O)Cn2nc(nn2)c3ccc(o3)C,0,1,0
753,C[C@@H]1CCc2c(sc3c2c(=O)[nH]c(n3)COC(=O)/C=C/c4ccc(c(c4)OC)O)C1,0,1,0
754,CC[C@H](C(=O)Nc1cccc(c1C)C)n2c(nnc2SCc3ccccc3Cl)N,0,1,0
755,Cc1ccc(cc1)/C=N/Nc2nnc(n2N)SCC(=O)Nc3ccc(cc3C)Br,0,1,0
756,C[C@@H](CCCC(C)C)N/C=C/1\c2ccccc2C(=O)N(C1=O)c3ccc(cc3)S(=O)(=O)N4CCOCC4,0,1,0
757,Cc1cccc(c1)NS(=O)(=O)c2cccc(c2)C(=O)NC[C@@H](c3ccco3)[NH+]4CCCCC4,0,1,0
758,CCCN([C@@H](c1ccco1)C(=O)NCS(=O)(=O)c2ccc(cc2)C)C(=O)[C@@H]3C[C@@H]4C[C@H]([C@H]3C)C4(C)C,0,1,0
759,c1ccc2c(c1)[C@@H](CS2)C(=O)N3C[C@@H](C4(C3)CC[NH2+]CC4)C(=O)NCCc5c[nH]c6c5cc(cc6)Cl,0,1,0
760,Cc1ccc(cc1)[C@H]2c3c(c4ccccc4[nH]3)C[C@@H]5N2C(=O)N(C5=O)c6ccccc6C(=O)NCC(C)C,0,1,0
761,c1ccc(c(c1)c2c(n[nH]c2N)c3ccn[nH]3)Cl,0,1,0
762,c1cc(ccc1C(=O)OCC(=O)Nc2c(c3c(s2)CCCC3)C(=O)N)S(=O)(=O)N4CCCCCC4,0,1,0
763,CCOC(=O)Cn1c(nnn1)[C@H](C(C)C)[NH+](Cc2cc3cc(cc(c3[nH]c2=O)C)C)C4CCCCC4,0,1,0
764,CCOc1cc(ccc1O)[C@@H]2C3=C(C[C@H](CC3=O)c4ccc(cc4)Cl)Nc5n2ncn5,0,1,0
765,c1cc(cc(c1)S(=O)(=O)/N=C/2\CCCCCN2)NC(=O)CSc3cc(ccc3Cl)Cl,0,1,0
766,c1cc(ccc1C[C@H](C(=O)N)NC(=O)c2csc(n2)[C@H]3CCC[NH2+]3)Cl,0,1,0
767,c1ccc2c(c1)CCC[C@@H]2NC(=O)c3ccc([nH]c3=O)C[NH+]4CCC(CC4)(c5ccc(cc5)Cl)O,0,1,0
768,CC(C)C[C@@H](C(=O)Nc1ccc2c(c1)OCCO2)NC(=O)c3ccc(cc3)C45CC6CC(C4)CC(C6)C5,0,1,0
769,CCCCCCN1[C@H]([C@H](C(=O)NC1=O)[C@@H]2[C@@H]3C(=c4ccccc4=[NH+]3)CCN2C)O,0,1,0
770,Cc1cc(c2c(c1)c(=O)c3c(o2)C(=O)N([C@H]3c4ccc(cc4)OCC(=O)N)CCc5ccc(cc5)OC)C,0,1,0
771,C[NH+](C)CCNC(=O)C(=O)NC[C@H](c1ccco1)S(=O)(=O)c2cccs2,0,1,0
772,CCOC(=O)c1c2c(sc1NC(=O)[C@@H](C)Sc3nnc4n3c5c(c(=O)[nH]4)CCCC5)CCCCC2,0,1,0
773,c1ccc(cc1)C\2=NN(C(=O)/C2=C\NCCCn3cc[nH+]c3)c4nc5ccccc5s4,0,1,0
774,c1ccc2c(c1)nc3n2[C@H](N=C4N3C[NH+](CN4)Cc5ccco5)[C@@H]6CCC=CC6,0,1,0
775,CCS(=O)(=O)C1=NSC2=NC(=O)/C(=C\c3ccc(cc3)N(C)C)/C(=[NH2+])N21,0,1,0
776,C[C@H]1CCc2c(sc3c2c(nc(n3)SCC(=O)N(C)[C@H]4CCS(=O)(=O)C4)N)C1,0,1,0
777,CCOC(=O)C\1=NN(C(=O)/C1=C/N2C(=O)/C(=C\c3ccc(cc3)[N+](=O)[O-])/SC2=S)c4ccccc4,0,1,0
778,c1c(cc(c(c1/C=N\n2c(n[nH]c2=S)c3c4c(n[nH]3)CCC4)O)Br)Br,0,1,0
779,Cc1ccc(cc1)S(=O)(=O)CNC(=O)[C@H](c2cc(ccc2Cl)[N+](=O)[O-])N(C)C(=O)C3CCCCC3,0,1,0
780,c1ccc2cc(ccc2c1)[C@H](CNC(=O)Nc3ccc(cc3)C(=O)NC4CC4)O,0,1,0
781,c1cc(ccc1[C@@H]2C(=C(C(=O)N2CCC[NH+]3CCOCC3)O)C(=O)c4ccc(cc4)Cl)O,0,1,0
782,Cc1ccc(cc1)N2C(=O)[C@H](C(=O)NC2=O)/C=N/C[C@@H]3c4c(cc5c(c4OC)OCO5)CC[NH+]3C,0,1,0
783,Cc1cc(ccc1[N+](=O)[O-])C(=O)NC[C@@H](c2ccc3c(c2)CCCN3C)[NH+](C)C,0,1,0
784,Cc1c(cc(c(n1)NC(=O)COC(=O)c2cccc(c2)S(=O)(=O)NC3CC3)Cl)Cl,0,1,0
785,c1cc2c3c(ccc(c3c1)NCC(=O)Nc4cc(ccc4n5cncn5)Cl)CC2,0,1,0
786,c1ccc(cc1)C(c2ccccc2)[NH+]3CCN(CC3)C[C@@H](COCCOc4ccc(cc4)Br)O,0,1,0
787,c1ccc(cc1)N([C@@H]2CS(=O)(=O)C=C2)C(=O)COC(=O)c3cccc(c3N)Cl,0,1,0
788,CCC[C@@H]1Cc2c(sc3c2c(nc(n3)SCC(=O)Nc4ccc(cc4)C)N)CO1,0,1,0
789,c1ccc(c(c1)c2ccc(o2)/C=C(/c3nnc(s3)C(=O)NCc4ccc(cc4)F)\Cl)[N+](=O)[O-],0,1,0
790,Cc1ccc(cc1)S(=O)(=O)CCCC(=O)/N=c/2\n(c3ccc(cc3s2)S(=O)(=O)N)CC=C,0,1,0
791,C[C@H]1CC(=O)Nc2ccccc2N1C(=O)CSc3nnc(n3Cc4ccccc4)C[NH+]5CCCC5,0,1,0
792,Cc1cccc(c1NC(=O)Cn2c3ccccc3c(=O)n(c2=O)Cc4ccc(cc4)C(=O)NCCCOC)C,0,1,0
793,Cc1ccc(cc1)C(=O)N2CCC[C@H]2c3nnc(n3CC=C)SCC(=O)Nc4cc(ccc4C)[N+](=O)[O-],0,1,0
794,CC(C)NC(=O)[C@H]1CCCN1C(=O)c2ccc(cc2)NS(=O)(=O)c3ccc(cc3)C4CCCCC4,0,1,0
795,c1ccc(cc1)CN2C(=O)[C@@H]3[C@@H]([NH2+][C@@]4([C@@H]3C2=O)c5cc(ccc5NC4=O)Cl)Cc6c[nH]c7c6cccc7,0,1,0
796,CCOC(=O)c1c(c[nH]n1)C[NH+]2CCN([C@@H](C2)CCO)Cc3cccc(n3)C,0,1,0
797,CC(C)Cc1ccc(cc1)C2=NN=C3[C@H]2[C@@H](C(=C(O3)N)C#N)c4ccc(cc4OC)OC,0,1,0
798,CC(C)CC(=O)N1CCC(CC1)NC(=O)[C@@H]2CN(CC23CC[NH2+]CC3)C(=O)c4cc(cc(c4)OC)OC,0,1,0
799,Cc1c(c2ccccc2[nH]1)CCNC(=O)[C@@H]3CN(CC34CC[NH2+]CC4)C(=O)[C@H]5COc6ccccc6O5,0,1,0
800,Cc1ccc2c(c1)[nH]c(n2)SCc3nc(nc(n3)N)N,0,1,0
801,COC(=O)[C@@](c1c2ccccn2c(c1c3ccccc3)[C@](C(=O)OC)(C(F)(F)F)O)(C(F)(F)F)O,0,1,0
802,CCn1c(c(nn1)C=O)COc2c(cccc2C)C,0,1,0
803,CS(=O)(=O)C1=NN2C(=[NH2+])/C(=C\c3cn(c4c3cccc4)CCCOc5ccccc5)/C(=O)N=C2S1,0,1,0
804,Cc1ccc(o1)CN2C[C@@H]3C[C@H]([NH+]4[C@@]3(C2=O)CCC4)c5ccc(s5)C#CC(C)(C)O,0,1,0
805,c1ccc(cc1)C(=O)C2=C(C(=O)N([C@H]2c3cccc(c3)Br)CCC[NH+]4CCOCC4)O,0,1,0
806,CC[C@]1(C(=O)N(C(=O)N1)NC(=O)[C@H]2Cc3cc(ccc3O2)Cl)c4ccccc4,0,1,0
807,Cc1c2c(nc(n1)SCC(=O)c3ccc(cc3)Br)CCCC2,0,1,0
808,Cc1ccc2c(c1)[C@@]3([C@H]4[C@@H]([C@@H]([NH2+]3)CC(=O)N)C(=O)N(C4=O)CCc5ccccc5)C(=O)N2,0,1,0
809,c1ccc(cc1)C[C@H](C(=O)Nc2nnc(s2)c3ccc4c(c3)OCO4)NC(=O)c5ccc(cc5)[N+](=O)[O-],0,1,0
810,CC(C)COc1ccc(cc1)c2nc(on2)[C@@H]3CC(=O)N(C3)Cc4ccc5c(c4)OCO5,0,1,0
811,CCOc1cc(nc(n1)C)Nc2ccc(cc2)NS(=O)(=O)c3ccc4c(c3)OCCO4,0,1,0
812,CCCCCOc1ccc(cc1)[C@@H]2c3ccc(cc3OC(=C2C#N)N)OC(=O)c4ccc(cc4)OCCC,0,1,0
813,c1cc(c(nc1)N2CC[NH+](CC2)Cc3nc(no3)c4ccc(cc4)Cl)C#N,0,1,0
814,Cc1cccc(c1)[C@@H]2N[C@@H](ON2)c3ccc4c(c3)[nH]c(=O)n(c4=O)CCCc5ccccc5,0,1,0
815,Cc1ccc(cc1)[C@@H](CNC(=O)c2c3c(n(n2)[C@@H]4CCS(=O)(=O)C4)CCCC3)[NH+]5CCCCC5,0,1,0
816,Cc1c(sc(c1C(=O)OCc2cc(oc-3cc(=[NH+]C(=O)C)ccc23)O)NC(=O)C(C)(C)C)C,0,1,0
817,CC(C)(C)c1cc(cc(c1O)C(C)(C)C)/C=C(\C#N)/C(=O)N[C@H]2CCS(=O)(=O)C2,0,1,0
818,C[C@@H]1CCCN(C1)c2ccc(cc2)[C@@H](C)NC(=O)[C@@H]3CCC[NH+](C3)Cc4nc(no4)c5ccc(cc5)C(C)(C)C,0,1,0
819,CCCCN1c2ccccc2/C(=c\3/c(=O)n4c(=NC(=C([C@@H]4c5ccc(cc5)Cl)C(=O)OC)C)s3)/C1=O,0,1,0
820,Cc1cc(on1)c2ccc(s2)S(=O)(=O)/N=c\3/cccc[nH]3,0,1,0
821,Cc1ccc(cc1)N2C(=O)[C@@H](C(=N2)C)C(c3cc(ccc3O)[N+](=O)[O-])[C@@H]4C(=NN(C4=O)c5ccc(cc5)C)C,0,1,0
822,CC1=C([C@]2(c3ccccc3N(C2=O)C)C(=C(O1)N)C#N)C(=O)OC(C)(C)C,0,1,0
823,CC(C)CCN1[C@@H]2N=N[C@@H](N2c3ccccc3C1=O)CCC(=O)NCCC4=c5ccccc5=[NH+]C4,0,1,0
824,Cc1cc2c(cc1C)nc([nH]2)c3cccnc3SCC(=O)Nc4c([nH]c(=O)[nH]c4=O)C,0,1,0
825,CCOC(=O)c1cccc(c1)N([C@@H](c2ccncc2)C(=O)NCCC(C)C)C(=O)Cn3c4ccccc4nn3,0,1,0
826,CC(C)OC(=O)C1=c2n(c(=O)/c(=C/c3ccc(cc3)OC)/s2)C(=C([C@H]1c4ccc(cc4)OC)C#N)N,0,1,0
827,CCc1ccc(cc1)N2C(=O)[C@H]3[C@H]([NH2+][C@@]([C@@H]3C2=O)(CC4CCCCC4)C(=O)[O-])c5ccc(cc5)OC(=O)C,0,1,0
828,COc1c(cc(cc1Cl)C(=O)NNc2c(c(c(c(c2F)F)F)F)F)Cl,0,1,0
829,CCOc1ccc(cc1)C[NH+]2CCNC(=O)[C@H]2CC(=O)NCc3ccc4c(c3)cc([nH]4)C,0,1,0
830,CCOc1ccc(cc1)[C@@H](CNC(=O)c2ccc(o2)S(=O)(=O)c3ccc(cc3)Cl)[NH+](C)C,0,1,0
831,Cn1c(=O)c(c(n(c1=O)Cc2ccccc2)N)C(=O)COC(=O)/C=C/c3ccc(cc3)Br,0,1,0
832,Cc1cccc2c1[nH]c(=O)c(c2)[C@H](c3nnnn3Cc4ccc(cc4)F)N5CC[NH+](CC5)C6CCCCC6,0,1,0
833,CC(C)(C)c1ccc(c(c1)NC(=O)c2cccc(c2)S(=O)(=O)NC[C@@H]3CCCO3)O,0,1,0
834,CCOc1cccc(c1)C(=O)Oc2ccc3c(c2)OC(=C([C@@H]3c4cccc(c4)Br)C#N)N,0,1,0
835,Cc1cccc2c1[nH]c(=O)c(c2)C[NH+](Cc3ccc(cc3)OC)Cc4nnnn4C(C)(C)C,0,1,0
836,CCOC(=O)c1ccc(cc1)NC2=NC(=O)/C(=C/c3cc4ccccc4[nH]c3=O)/S2,0,1,0
837,Cc1ccc(c(c1)C(=O)N(C)CC(=O)N2c3ccccc3NC(=O)C[C@H]2C)O,0,1,0
838,c1cc(c(cc1/C=C(\C#N)/C(=O)N)Br)OCc2ccc(cc2Cl)Cl,0,1,0
839,Cc1c2c(ncnc2sc1C(=O)NCC3(CCCC3)[NH+]4CCCCC4)N[C@H]5CCOC5,0,1,0
840,Cc1cccc(c1)CN2c3ccccc3[C@@]4(C2=O)c5c(=O)c6cc(ccc6oc5C(=O)N4CCCO)C,0,1,0
841,c1ccc(cc1)Nc2nc(cs2)CS[C@H]3NN=C(N3C[C@@H]4CCCO4)C5=c6ccccc6=[NH+]C5,0,1,0
842,Cc1ccccc1C(=O)N(CCOC)CC(=O)Nc2nc(cn2c3ccc(c(c3)C)C)c4ccc(cc4)Cl,0,1,0
843,CCC(C(=O)N/N=C/c1cc(ccc1)Br)C(=O)N/N=C/c2cc(ccc2)Br,0,1,0
844,Cc1ccc(c(c1F)F)C(=O)N2C[C@H](C3(C2)CC[NH2+]CC3)C(=O)NCCc4c[nH]c5c4cc(cc5)Cl,0,1,0
845,c1ccc2=[NH+]CC(=c2c1)/C=N/NC(=O)[C@H]3[C@H](N(N=N3)c4c(non4)N)CNc5ccccc5C(=O)N,0,1,0
846,CC1=C([C@H](N=N1)N2C3=C([C@@H](C(=C2N)C#N)c4ccc(cc4)OC)C(=O)CC(C3)(C)C)c5ccc(cc5)Cl,0,1,0
847,CCc1c2c(n(n1)c3ccccc3)-n4cccc4[C@@H](N(C2)C(=O)NCC(=O)OCC)c5ccc(cc5)C,0,1,0
848,c1cc[nH+]c(c1)N2CCN(CC2)C(=O)[C@@H]3CCCN(C3)c4nnc(s4)N5CCCC5=O,0,1,0
849,CCOc1ccc(cc1)C2=C([C@H](c3ccccc3O2)c4ccccc4)/C=N/NC(=O)c5ccc(o5)[N+](=O)[O-],0,1,0
850,c1ccc(cc1)OCc2nc3ccccc3n2CC4CC[NH+](CC4)CC(=O)c5ccc6c(c5)NC(=O)CO6,0,1,0
851,c1ccc2c(c1)C=C[C@H]3N2[C@@H]([C@@H]([C@@]34c5ccccc5NC4=O)C(=O)c6ccc(cc6)Cl)C(=O)c7ccc(cc7)[N+](=O)[O-],0,1,0
852,Cc1cc(c2c(c1)cc(c(=O)[nH]2)[C@H](c3nnnn3C[C@H]4CCCO4)[NH+](Cc5cccnc5)Cc6ccco6)C,0,1,0
853,CC(C)n1c2c(cn(n2)S(=O)(=O)c3ccc(cc3)C(=O)C)c(=O)n(c1=O)C(C)C,0,1,0
854,c1ccc(cc1)c2ccc(cc2)OCC(=O)Oc3ccc4cc(c(=O)oc4c3)C(=O)N,0,1,0
855,c1ccc(cc1)N(CC(=O)N2CCCc3c2cccc3)C(=O)CN4C(=O)c5ccccc5C4=O,0,1,0
856,Cc1c(c(n(n1)C)C)CNC(=O)c2c(c3n(n2)[C@@H](C[C@H](N3)c4ccc(cc4)OC)C(F)(F)F)Cl,0,1,0
857,CSc1ccc(cc1)[C@@H]2Nc3ccccc3-c4c(nc(nn4)SC)O2,0,1,0
858,CCn1c2c(sc(=S)n2c3ccccc3c1=O)c4ccc(cc4)C,0,1,0
859,CCCN(CC(=O)Nc1ccc(c(c1F)F)F)S(=O)(=O)c2ccc3=[NH+]C(=O)C(=O)[NH+]=c3c2,0,1,0
860,CCCc1ccc(c(c1)Br)OCC(=O)Nc2c(c(cs2)c3ccc(cc3)C)C(=O)OCC,0,1,0
861,CC\1=Nc2ccccc2/C1=N\Nc3ccc4c(c3)OCCO4,0,1,0
862,CCOC(=O)C1=C(N(C(=O)N[C@H]1c2cc(cc(c2)OC)OC)C)CN3CC[NH2+]CC3,0,1,0
863,C[C@@H]1C[C@@H](CN(C1)c2nc3c(n2CC=C)c(=O)[nH]c(=O)n3C)C,0,1,0
864,C[C@H]1CCCC[NH+]1Cc2c(nnn2c3c(non3)N)C(=O)N/N=C\c4c5ccccc5ccc4O,0,1,0
865,Cc1cc(c(cc1Nc2c(c(ncn2)NCC[NH+]3CCCCC3)N)Cl)[C@@H](C#N)c4ccc(cc4)Cl,0,1,0
866,c1ccc2c(c1)cccc2NC(=O)CSc3nc([nH]n3)N/N=C/c4cccc(c4)O,0,1,0
867,c1cc(ccc1N[C@H]2[C@@H]([C@@H]([C@@H](O2)[C@@H](CO)O)O)O)Cl,0,1,0
868,Cc1cc(c(cc1Cl)c2c3c([nH]n2)C(=O)N([C@H]3c4ccc(c(c4)OC)OC)Cc5ccc(cc5)OC)O,0,1,0
869,COc1cc2c(cc1[C@@H](c3cc4c(cc3O)OCO4)[NH+]5CCCC5)OCO2,0,1,0
870,Cc1cccc2=C[C@@H](C(=O)[NH+]=c12)[C@@H]([C@@H]3N=NNN3C(C)(C)C)[NH+](Cc4cccs4)C[C@@H]5CCCO5,0,1,0
871,Cc1ccc/c(=N/S(=O)(=O)c2ccc(s2)c3cc(no3)C)/[nH]1,0,1,0
872,CCN1[C@@H](NN[C@@H]1SCc2[nH]c(=O)c3ccccc3n2)COc4cc(ccc4C)C,0,1,0
873,CCCCCCN([C@@H](c1ccc2c(c1)OCO2)C(=O)NCS(=O)(=O)c3ccc(cc3)C)C(=O)CC(C)C,0,1,0
874,Cc1cc(cc2c1NC(=O)[C@]23[C@H]4[C@@H]([C@@H]([NH2+]3)Cc5ccc(cc5)O)C(=O)N(C4=O)CCc6ccccc6)Cl,0,1,0
875,C[C@H]1[C@H]([C@@H]([C@@H]([C@@H](O1)Oc2c(=O)c3c(cc(cc3oc2c4ccc(cc4)O)O)O)O)OC(=O)C)OC(=O)C,0,1,0
876,c1ccc(cc1)n2c(c3c(nc(nc3n2)NCC[NH+]4CCCCC4)c5cc(ccc5F)F)N,0,1,0
877,CCN(CC)S(=O)(=O)c1cccc(c1)C(=O)NCC(=O)N[C@@H](C)C23CC4CC(C2)CC(C4)C3,0,1,0
878,CCCSc1nc(c2c3c(sc2n1)CO[C@](C3)(C)CC)N4CC[NH+](CC4)CCO,0,1,0
879,CC(=O)N1C/C(=C\c2ccc(cc2OC)OC)/C3=C(C1)[C@H](C(=C(O3)N)C#N)c4ccc(cc4OC)OC,0,1,0
880,CCN(Cc1ccc2c(c1)OCO2)C(=O)CN3C(=O)[C@@](NC3=O)(c4ccccc4)c5ccc(c(c5)C)C,0,1,0
881,Cc1ccc(cc1)CC(=O)N2C[C@H](C3(C2)CC[NH2+]CC3)C(=O)N[C@@H]4CCC[C@H]4OCc5ccccc5,0,1,0
882,Cc1c(sc2c1c(=O)[nH]c(n2)CS[C@H](C)C(=O)Nc3nc(cs3)c4ccc5c(c4)CCO5)C,0,1,0
883,C[C@@H]1C(=C(N=N1)C)CCC2=[NH+]C3=c4ccccc4=[NH+][C@H](N3N2)NCc5ccccc5Cl,0,1,0
884,COc1cc(c(cc1N[C@@H]2/C(=N/S(=O)(=O)c3cccs3)/[NH+]=c4ccccc4=[NH+]2)Cl)OC,0,1,0
885,C[C@]1(C(=O)N(C(=O)N1)CC(=O)c2ccc(s2)CCNS(=O)(=O)C)c3cccc4c3cccc4,0,1,0
886,C[C@]12CC[C@H]([C@@]([C@H]1Cc3c(nc(s3)NC(=O)OCC=C)[C@H]2CC(=O)NCC[NH+](C)C)(C)CO)O,0,1,0
887,CCOC(=O)C1=C(N(C(=O)N[C@H]1c2cccc(c2)F)C)CN3CCN([C@@H](C3)C)C(=O)c4ccccc4Cl,0,1,0
888,CS(=O)(=O)c1ncc-2c(n1)C(=O)[C@H](c3n2c(=O)c4cc(ccc4n3)Cl)C#N,0,1,0
889,CSCC[C@@H](C(=O)N1CCC2(CC1)[C@@H]3C(=NC=N3)CC[NH2+]2)NC(=O)c4ccc(cc4)Br,0,1,0
890,CCCCN(CC)S(=O)(=O)c1ccc(cc1)C(=O)N(CCC[NH+](C)C)c2nc3cc(ccc3s2)OC,0,1,0
891,Cc1nc(on1)C2CCN(CC2)C(=O)NC[C@H]3CCC[NH+]3CC4CCCCC4,0,1,0
892,c1cc(ccc1n2c(c3c(n2)CS(=O)(=O)C3)NC(=O)C4CCCC4)[N+](=O)[O-],0,1,0
893,Cc1cc(c(n1c2cccc(c2)[N+](=O)[O-])C)/C=C\3/C(=NC(=S)N(C3=O)c4ccc(cc4OC)OC)[O-],0,1,0
894,c1cc(ccc1c2c(non2)NC(=O)c3c4c(n(n3)[C@H]5CCS(=O)(=O)C5)CCCC4)Cl,0,1,0
895,Cc1[nH+]ccn1c2ccccc2CNC(=O)[C@H]3CN(c4cc(ccc4O3)C(C)(C)C)S(=O)(=O)C,0,1,0
896,CN\1c2cc(ccc2S/C1=C/3\C(=O)N(/C(=N/c4cccc(c4)O)/S3)c5ccc(cc5)O)OC,0,1,0
897,Cc1ccc(c(c1)c2csc3c2c(=O)[nH]c(n3)C[NH+](C[C@@H](COCC(C)C)O)C4CCCCC4)C,0,1,0
898,C[C@@H](c1[nH]c(=O)c2ccccc2n1)Sc3nnc4n3c5ccccc5c(=O)n4CC=C,0,1,0
899,Cc1cc2c(c(=O)n1CCc3ccc(c(c3)OC)OC)[C@H](C(=C(O2)N)C#N)c4cc5c(c(c4)OC)OCO5,0,1,0
900,CCOC(=O)c1c2c(sc1NC(=O)[C@H]3CN(c4cc(ccc4O3)Cl)S(=O)(=O)C)CCCC2,0,1,0
901,c1c(cc(c2c1[C@](C(=O)N2)(c3cnc(s3)N)O)Br)F,0,1,0
902,CCOC(=O)c1c2ccc(c(c2sc1NC(=O)C)OCC(=O)Nc3c(cccc3C)C)Br,0,1,0
903,C[C@H](C(C)(C)O)Nc1cc2c([nH+]c1)N([C@@H]([C@@H]2NC(=O)[C@@H]3CCOC3)C(=O)OC)CCC4=c5ccccc5=[NH+]C4,0,1,0
904,c1cc2c(cc1OC(F)(F)F)N=C(C2)C(=O)NNC(=O)C34CC5CC(C3)CC(C5)C4,0,1,0
905,CC[NH+](CC)CCN(c1nc2ccc(cc2s1)C)C(=O)[C@@H]3CCCN3S(=O)(=O)c4ccc(cc4)C,0,1,0
906,Cc1cc(c2c(c1)NC(=O)[C@@]2(c3c(nc(s3)N)c4ccc5c(c4)OCCO5)O)C,0,1,0
907,C[C@@H](C(C)C)NC(=O)[C@@H](C1CCN(CC1)S(=O)(=O)c2ccc(cc2)Cl)NC(=O)c3ccccc3,0,1,0
908,c1ccc(cc1)Cn2c(c3c(nc(nc3n2)NC4CCCC4)c5ccc(cc5)Cl)N,0,1,0
909,C[C@@H]1C[C@]2(CC(C1)(C)C)C(=O)N(C(=O)N2)CC(=O)NCCc3cc(cc4c3OCOC4)F,0,1,0
910,Cc1ccc(cc1)N\2C(=O)[C@H](S/C2=C(\C#N)/C(=O)NCc3ccccc3)Cc4cccc(c4)[N+](=O)[O-],0,1,0
911,Cc1cc(c2c(c1)oc3c(c2=O)[C@@H](N(C3=O)CCc4ccc(cc4)OC)c5ccc(cc5)OCC(=O)N)C,0,1,0
912,Cc1ccc(cc1)S(=O)(=O)N2CCC[C@@H](C2)C(=O)Nc3nnc(o3)c4ccc(cc4)C(F)(F)F,0,1,0
913,c1ccc(cc1)[C@H]2CNC(=O)[C@H]2C(=O)N/N=C\c3ccc4c(c3)OCO4,0,1,0
914,C[C@@H]([C@@H]1CCCO1)Nc2nc(nc(n2)Cl)N3CCCC3,0,1,0
915,Cc1cccc2c1[nH]c(=O)c(c2)[C@@H](c3nnnn3C4CCCC4)N5CCN(CC5)c6cc(ccc6C)Cl,0,1,0
916,CC[NH+](Cc1ccccc1)[C@H](c2cc3cc(cc(c3[nH]c2=O)C)C)c4nnnn4C[C@@H]5CCCO5,0,1,0
917,C[C@@H]1C(=C(NN1Cc2ccccc2)C)S(=O)(=O)N3CCN(CC3)C(=O)CC4=c5ccccc5=[NH+]C4,0,1,0
918,c1ccc2=[NH+]CC(=c2c1)C(=O)O/C=C/3\N[C@H](ON3)c4ccsc4,0,1,0
919,c1ccc(cc1)C(c2ccccc2)N3CCN(CC3)c4c(c([nH+]cn4)N5CCc6c5cccc6)N,0,1,0
920,CCCCNC(=O)NC(=O)[C@H](C)[NH+](C)CC(=O)Nc1ccc(cc1C)Br,0,1,0
921,CC1(CC(=[NH+]c2ccc(cc2)[N+](=O)[O-])C(C(=O)C1)C(=O)CCCN3C(=O)c4ccccc4C3=O)C,0,1,0
922,Cc1ccccc1/N=C/[C@@H]2C(=O)NC(=O)N(C2=O)c3ccc(cc3)F,0,1,0
923,Cc1cc(c(c(c1)C)N/C=C(\C#N)/c2nc(cs2)c3cc4cc(ccc4oc3=O)[N+](=O)[O-])C,0,1,0
924,C[C@H]1CCc2c(sc3c2c(=O)[nH]c(n3)COC(=O)[C@@H]4CCCN4S(=O)(=O)c5ccc(cc5)Cl)C1,0,1,0
925,CCS(=O)(=O)C1=NN2C(=[NH2+])/C(=C\c3ccc(c(c3)OC)OCc4ccccc4Cl)/C(=O)N=C2S1,0,1,0
926,c1ccc(cc1)n2cc(c(n2)c3cc4ccccc4oc3=O)[C@H]5NC(=[NH2+])Nc6n5c7ccccc7n6,0,1,0
927,CCOC(=O)c1c(csc1NC(=O)C[NH+]2C[C@@H](O[C@H](C2)C)C)c3ccc(cc3)Br,0,1,0
928,C[C@@H]1[C@H]([C@@H]([C@@H]([C@@H](O1)Nc2ccc(cc2)Br)O)O)O,0,1,0
929,c1cc2c(cc1C3=CN=[NH+][C@@H]3c4ccc(cc4O)O[C@H]5[C@@H]([C@H]([C@@H]([C@H](O5)CO)O)O)O)OCCO2,0,1,0
930,C[C@H]1C(=c2cc(ccc2=[NH+]1)C#N)CCNC(=O)[C@@H]3CN(CC34CC[NH2+]CC4)C(=O)[C@@H]5CCC=CC5,0,1,0
931,C[C@H](c1cc2ccccc2o1)NC(=O)CN3C(=O)[C@]4(CCCc5c4ccs5)NC3=O,0,1,0
932,c1ccc2c(c1)c(c[nH]2)C[C@H](C(=O)OCCN3C(=O)c4ccccc4C3=O)NC(=O)c5ccccc5Cl,0,1,0
933,CCOC(=O)c1c(cc(s1)NC(=O)CN2C(=O)[C@](NC2=O)(C)c3ccc(cc3Cl)Cl)C,0,1,0
934,C[C@@H]1C=C([C@H](N1c2ccc(c(c2)C(=O)[O-])Cl)C)/C=C(\C#N)/C3[NH+]=c4ccccc4=[NH+]3,0,1,0
935,c1ccc2c(c1)NC(=O)[C@@H](O2)CNC(=O)c3ccc4c(c3)OCO4,0,1,0
936,CCC[C@H](c1nnnn1C[C@H]2CCCO2)[NH+](Cc3ccco3)Cc4cc5cc(ccc5[nH]c4=O)C,0,1,0
937,CCn1c(c(c(c(c1=O)C#N)C)/C=C\2/C(=O)N(C(=S)S2)Cc3ccc(cc3)F)NCc4ccccc4,0,1,0
938,C[C@@H](CCNC(=O)CN1c2cc(ccc2N3CCCC[C@@H]3C1=O)C(=O)N4CCCC4)[NH+]5CCCC5,0,1,0
939,Cc1ccsc1[C@@H]2[NH+]3CCC4(N2CCc5c4[nH]c6c5cc(cc6)OC)CC3,0,1,0
940,COc1cc(cc(c1OC)OC)[C@H]2c3cc4c(cc3O[C@]5([C@@H]2C(=O)OC5)OC)OCO4,0,1,0
941,CC(C)[C@H](C(=O)N1C[C@H](C2(C1)CC[NH2+]CC2)C(=O)NCCc3c[nH]c4c3cc(cc4)Cl)Oc5ccccc5,0,1,0
942,CCOc1ccc(cc1)[C@H](CCC(=O)N/N=C/c2cc(c(cc2O)O)Br)O,0,1,0
943,C[NH+](C)CCCN(c1nc2cc3c(cc2s1)OCCO3)C(=O)C4=COCCO4,0,1,0
944,C[C@@H]1CCCC[C@H]1NC(=O)[C@@H]2c3cccn3CC(=O)N2c4ccc(cc4)Cl,0,1,0
945,Cc1cc(ccc1NC(=O)CNC(=O)COC(=O)c2cc3ccccc3cc2O)Br,0,1,0
946,CCc1ccc2c(c1)c(=O)c3c(o2)C(=O)N([C@@H]3c4ccc(c(c4)OC)O)c5nc6c(cc(cc6s5)C)C,0,1,0
947,CCNS(=O)(=O)c1ccc(cc1)[N-]S(=O)(=O)c2ccc(cc2)N3C(=O)CCC3=O,0,1,0
948,CC(C)CN1Cc2c(n(c3cc(nn3c2=O)C(C)(C)C)CC(=O)N4CCN(CC4)C(=O)C)C1=O,0,1,0
949,CC(C)C[C@@H]1[C@@H]2[C@@H](C(=O)N(C2=O)Cc3ccccc3Cl)[C@]4(N1)c5ccccc5NC4=O,0,1,0
950,Cc1cc(n(n1)C(C)(C)C)C(=O)N2C[C@H](C3(C2)CC[NH2+]CC3)C(=O)NCCC4=c5cc(ccc5=[NH+][C@H]4C)C#N,0,1,0
951,Cc1ccc(cc1)S(=O)(=O)CNC(=O)[C@@H](c2ccco2)N(c3ccccc3)C(=O)Cc4ccccc4C,0,1,0
952,C[C@@H](C(=O)Nc1ccc(c(c1)Cl)C#N)Sc2c3c(nc(n2)C(C)(C)C)n(c(=O)n(c3=O)C)C,0,1,0
953,C[NH+]1CCN([C@@H](C1)c2ccccc2)CCNc3ccc(cc3[N+](=O)[O-])S(=O)(=O)N4CCCC4,0,1,0
954,Cc1ccc(cc1)C(=O)N/C(=C\c2ccc(o2)c3ccc(cc3)[N+](=O)[O-])/C(=O)N[C@@H]4CCS(=O)(=O)C4,0,1,0
955,CCOC(=O)C1=C(n2c(=O)/c(=C/c3ccc(cc3)Cl)/sc2=C([C@H]1c4ccc(cc4)Cl)C(=O)OC)N,0,1,0
956,Cc1ccc(cc1[N+](=O)[O-])C(=O)N(Cc2cccc3c2cc[nH]3)Cc4cccc5c4cc[nH]5,0,1,0
957,CN1CCc2c1ccc(c2)[C@@H](CNC(=O)C(=O)Nc3ccccc3[N+](=O)[O-])[NH+]4CCCCC4,0,1,0
958,Cc1cc(c(c(c1)c2c3c([nH]n2)C(=O)N([C@H]3c4cccc(c4)OC)[C@H]5CCS(=O)(=O)C5)O)C,0,1,0
959,C[NH+]1[C@@H]2CCC[C@H]1CC(C2)[NH+]3CCc4c(c(cc(=O)n4CC3)OC)C(=O)N(C)Cc5ccsc5,0,1,0
960,C[C@H](CC#N)[NH+]1CC[C@@H]2CCCC[C@@H]2C1,0,1,0
961,CC1=NC2=C([C@H](C1C(=O)OCCOC)c3cc4c(cc3[N+](=O)[O-])OCO4)C(=O)CC(C2)(C)C,0,1,0
962,Cc1cc(c(cc1Cl)c2c3c([nH]n2)C(=O)N([C@@H]3c4ccc(cc4)SC)CCCOC(C)C)O,0,1,0
963,CCOc1ccc(cc1OCC)[C@H]2c3c(=O)c4cc(ccc4oc3C(=O)N2CC[NH+](C)C)Br,0,1,0
964,Cc1ccccc1[C@@H](C#N)NC(=O)c2cc(on2)c3ccco3,0,1,0
965,Cc1ccc(cc1)N2CC3=C(C2=O)[C@@H](NC(=O)N3C)c4ccco4,0,1,0
966,C[NH+](C)CCN(c1nc2cc3c(cc2s1)OCCO3)C(=O)c4cc(sc4Cl)Cl,0,1,0
967,CCCCNC(=O)N1CCN(C[C@@H]1C)C(=O)[C@H]([C@@H](C)CC)NS(=O)(=O)c2ccc(cc2)Br,0,1,0
968,CC[C@H]1CCCCN1S(=O)(=O)c2cc(c(cc2C)C)Br,0,1,0
969,c1cc(cc(c1)O)/C=C/2\C(=S)N(C(=O)S2)NC(=O)c3cccc(c3)[N+](=O)[O-],0,1,0
970,Cc1c(cccc1Cl)CNC(=O)[C@H]2CN(CC23CC[NH2+]CC3)C(=O)[C@@H]4CCCN4C(=O)C(F)(F)F,0,1,0
971,CC[NH+](CC)CCN(c1nc2c(cccc2s1)C)C(=O)[C@H]3CCCN3S(=O)(=O)c4ccc(cc4)F,0,1,0
972,C[C@@H](c1ccc(cc1)F)[NH+](C)CC(=O)N(C)[C@@H]2CCCc3c2cccc3,0,1,0
973,CC[C@@H]1CCCCN1S(=O)(=O)c2ccc(cc2)C(=O)Nc3c(c4c(s3)C[C@@H](CC4)C)C(=O)NC,0,1,0
974,CCCCOc1cccc(c1)[C@@H]2c3c(n[nH]c3C(=O)N2[C@H]4CCS(=O)(=O)C4)c5cc(cc(c5O)C)C,0,1,0
975,CC[C@H](c1nnnn1CC(=O)OCC)[NH+](Cc2ccc(cc2)OC)Cc3cc4ccc(cc4[nH]c3=O)C,0,1,0
976,CCCCN1C(=O)c2ccc(cc2C1=O)C(=O)NC[C@H](c3ccco3)[NH+]4CCCCC4,0,1,0
977,CCOC(=O)[C@]1([C@@]2(O1)CC[C@@H]3[C@@]2(CC[C@@H]4[C@@H]3CC=C5[C@@]4(CC[C@@H](C5)OC(=O)C)C)C)C(=O)N,0,1,0
978,C1CCCC(CC1)(C(=S)N)C(=O)N2CCC[C@@H]2C(=O)N,0,1,0
979,CC(C)[C@@H](C(=O)N/N=C/c1ccc(c(c1)Br)O)NC(=O)c2ccc(c(c2)Cl)Cl,0,1,0
980,C[C@@H]1C(=O)Nc2cc(ccc2O1)NC(=O)CCCC3=c4ccccc4=[NH+]C3,0,1,0
981,Cc1ccc(cc1C)OCC(=O)N/N=C\2/c3cc(ccc3N(C2=O)C)Br,0,1,0
982,Cc1ccc(c(c1)F)Nc2nc(nc(n2)Cl)n3ccnc3,0,1,0
983,COc1ccc(cc1OC)n2c(=O)c3ccccc3nc2SCc4cc(=O)oc5c4ccc(c5)O,0,1,0
984,C[NH+](C)CCNC(=O)[C@H](Cc1ccccc1)NC(=O)[C@@H]2CC(=NO2)c3ccc4c(c3)OCO4,0,1,0
985,CCC(C)(C)NC(=O)[C@H](c1ccc(cc1)F)N(Cc2cccs2)C(=O)c3c(c(ns3)C(=O)N)N,0,1,0
986,CC1(CC2=C(C(=O)C1)[C@]3(c4ccccc4N(C3=O)C)C(=C(N2c5ccccc5Cl)N)C#N)C,0,1,0
987,c1ccc(c(c1)NS(=O)(=O)c2ccc3c(c2)[C@H]4C=CC[C@@H]4[C@H](N3)c5cccc(c5)[N+](=O)[O-])F,0,1,0
988,CCc1ccccc1n2c(cc(n2)C(=O)NCCOc3ccccc3Cl)c4ccc5c(c4)NC(=O)CO5,0,1,0
989,CCOC(=O)[C@@H]1CCCC[NH+]1CC(=O)N2[C@@H](CC(=N2)c3cccc(c3)F)c4ccc5c(c4)OCO5,0,1,0
990,Cc1ccc(o1)[C@@H]2C(C(=NC(=C2C(=O)C)C)SCC(=O)Nc3ccccc3C(=O)c4ccccc4)C#N,0,1,0
991,CC(C)[C@H](c1nnnn1C[C@@H]2CCCO2)[NH+](CCc3ccccc3)Cc4cc5cc6c(cc5[nH]c4=O)OCO6,0,1,0
992,c1ccc(cc1)Cn2c(nnn2)[C@@H](c3cc4cc5c(cc4[nH]c3=O)OCO5)N6CCN(CC6)c7ccccc7,0,1,0
993,CC[NH+](CC)CCN(c1nc2ccc(cc2s1)Br)C(=O)c3ccc(cc3Cl)Cl,0,1,0
994,CC[C@]1(C(=O)N(C(=O)N1)/N=C/c2ccc(cc2Cl)Cl)C,0,1,0
995,C[C@@H]1c2cc3c(cc2C4(CCCC4)C[NH+]1Cn5c(=S)n(c(n5)c6cccnc6)C7CC7)OCCO3,0,1,0
996,c1c(cc(c(c1N)S(=O)(=O)/N=c/2\[nH]c3c(s2)CCC3)Cl)Cl,0,1,0
997,C[C@@H]1C(=C(NN1Cc2c(cccc2Cl)Cl)C)C[NH2+]CCCc3c(c([nH]n3)N)C#N,0,1,0
998,c1ccc(c(c1)C(F)(F)F)S(=O)(=O)N2CCC(CC2)C(=O)NNC(=O)C34CC5CC(C3)CC(C5)C4,0,1,0
999,CCN(CC)S(=O)(=O)c1ccc(cc1)C(=O)Nc2c(c3c(s2)C[NH+](CC3)C)C(=O)OC,0,1,0
