,can,active,decoy,score,time
0,Oc2ccc1CN(C(=O)C(F)(F)F)CCc1c2,1,0,-7.9,4.195405245
1,Oc5ccc4[C@@H](c2ccc(SCCN1CCCC1)cc2)[C@@H](c3ccccc3)COc4c5,1,0,-10.1,17.45230174
2,Oc5ccc4O[C@@H](c2ccc(OCCN1CCCCC1)cc2)[C@@H](C3CCCC3)Sc4c5,1,0,-10.2,20.54392934
3,Oc2ccc1C4=C(COc1c2)c3ccc(O)cc3OC4c6ccc(OCCN5CCCCCC5)cc6,1,0,-9.7,24.68218231
4,Oc4ccc3C(C1CCCCC1)N(c2ccccc2)CCc3c4,1,0,-7.1,7.059239149
5,CCCCCS(=O)(=O)CCCCCCCCCCn2c(c1ccc(O)cc1)c(C)c3cc(O)ccc23,1,0,-8.8,49.98879433
6,Oc5ccc4O[C@@H](c2ccc(OCCN1CCCCC1)cc2)[C@@H](C3CCCCC3)Sc4c5,1,0,-10.9,21.40200925
7,CC4=CC3=CC[C@H]2[C@@H]1CC[C@H](O)[C@@]1(C)CC[C@@H]2[C@@]3(C)CC4,1,0,-10,3.463269472
8,Oc6ccc([C@H]2Sc1cc(O)ccc1O[C@H]2c5ccc(OCCN4C[C@H]3CCC[C@H]3C4)cc5)cc6,1,0,-11.5,16.76191401
9,CC(C)CN(C)c3cc(c1ccccc1)cc(c2ccc(O)c(C)c2)n3,1,0,-9,10.42505312
10,Oc6ccc5C(c2ccc(OCCN1CCCC1)cc2)N(S(=O)(=O)c3cccc4ccccc34)CCc5c6,1,0,-9.9,28.76738214
11,Oc5ccc(C2CCc1cc(O)ccc1N2c4ccc(OCCN3CCCCC3)cc4)cc5,1,0,-10.8,15.54430842
12,Oc4ccc3C(c1cccs1)N(c2ccccc2)CCc3c4,1,0,-9.1,9.484681845
13,Cc7ccc(S(=O)(=O)N6Cc5ccc([C@]4(O)CC[C@H]3[C@@H]2CCc1cc(O)ccc1[C@H]2CC[C@@]34C)cc5C6)cc7,1,0,-8.9,26.94749522
14,CC2CCc1ccccc1N2S(=O)(=O)c3ccc(O)cc3,1,0,-9.3,6.566939592
15,CCc2c(c1ccc(O)cc1)c4ccc3c(O)ccc2n34,1,0,-8.4,6.338738203
16,OC(CCN1CCCCC1)c6ccc(c4c2cc(O)ccc2cc5sc3cc(O)ccc3c45)cc6,1,0,-10.3,22.39001822
17,Oc4ccc(c2nn(C1CCCC1)c3c(F)cccc23)cc4,1,0,-8.7,6.282868147
18,C[C@H](CCc1ccc(O)cc1)NC(=O)Cc4c(c2ccccc2)[nH]c5c(OCCCCCN3CCCCC3)cccc45,1,0,-9.8,56.65493011
19,Oc6ccc5c(c1cccc2ccccc12)c(C(=O)c4ccc3OCCOc3c4)oc5c6,1,0,-11.1,15.7481997
20,Oc4ccc([C@H]3Oc1ccc(O)cc1[C@H]2CCCC[C@H]23)cc4,1,0,-7.7,5.820635796
21,Oc6ccc([C@H]2Sc1cc(O)ccc1O[C@H]2c5ccc(OCCC4CC3CC3C4)cc5)cc6,1,0,-12.6,20.34657884
22,C[C@H](CCc1ccc(O)cc1)NC(=O)Cc4c(c2ccccc2)[nH]c5cc(OCCCN3CCCC3)ccc45,1,0,-7.8,43.58254123
23,Oc5ccc4O[C@@H](c2ccc(OCCN1CCCCC1)cc2)[C@@H](CC3CCCCC3)Sc4c5,1,0,-11.5,30.27325511
24,C[C@H](CCc1ccc(O)cc1)NC(=O)Cc4c(c2ccccc2)[nH]c5cc(OCCN3CCCCC3)ccc45,1,0,-9.1,40.23307657
25,C[C@H](CCc1ccc(O)cc1)NC(=O)Cc4c(c2ccccc2)[nH]c5cc(OCCCCN3CCCCC3)ccc45,1,0,-9.5,56.53842497
26,C[C@H](CCc1ccc(O)cc1)NC(=O)Cc4c(c2ccccc2)[nH]c5c(OCCCN3CCCCC3)cccc45,1,0,-9.9,43.74529648
27,C[C@]34CC[C@H]1[C@@H](CCc2cc(O)ccc12)[C@@H]3CC[C@@H]4O,1,0,-9.2,3.738664865
28,Oc5ccc(C1=c4ccc3=CC=CC(C1CCc2ccccc2)n34)cc5,1,0,-10.3,9.444901466
29,COC(=O)C2=C(N)Oc1cc(O)ccc1C2c4ccc(OCc3ccccc3F)cc4,1,0,-10.7,18.37649655
30,Oc5ccc([C@@H]2Sc1c(F)cc(O)cc1O[C@@H]2c4ccc(OCCN3CCCCC3)cc4)cc5,1,0,-8.8,23.77552199
31,Oc6ccc5C(c2ccc(OCCN1CCCC1)cc2)N(S(=O)(=O)c4ccc3ccccc3c4)CCc5c6,1,0,-8.3,29.76976705
32,Oc1ccc4c(c1)oc3oc2cc(O)cc(O)c2c(=O)c34,1,0,-8.8,6.05414772
33,Oc6ccc5C3=C(c2ccc(OCCN1CCCCC1)cc2)C(=O)CCC3(Cc4ccccc4)Cc5c6,1,0,-10.3,29.72596812
34,Oc5ccc4[C@@H](c2ccc(OCCN1CCCCC1)cc2)[C@@H](c3ccccc3)COc4c5,1,0,-10.4,21.25893188
35,Oc5ccc4c(C(=O)c2ccc(OCCN1CCCCC1)cc2)c(c3cccs3)sc4c5,1,0,-10.3,19.62949324
36,Cc2c(\C=N\O)c1ccccc1n2c3ccc(O)cc3,1,0,-7.5,6.381248951
37,ClC2(Cl)C5(Cl)C1(Cl)C4(Cl)C(=O)C3(Cl)[C@@]1(Cl)C2(Cl)[C@]3(Cl)C45Cl,1,0,-7.6,3.422512054
38,CCc3c(c1ccc(O)cc1)oc(c2ccc(O)cc2)c3c4ccc(OC)cc4,1,0,-8,17.41159749
39,C[C@]34CCc1c(ccc2cc(O)ccc12)[C@@H]3CC[C@H]4O,1,0,-9.9,4.104276896
40,O/N=C/c3ccc(c1ccccc1)c(c2ccccc2)c3,1,0,-10.1,8.352474451
41,Oc4ccc3C(c2ccc(OCCN1CCCCC1)cc2)c5c(Cc3c4)ccc6cc(O)ccc56,1,0,-12.5,19.2139163
42,C[C@H]4[C@H](c1ccc(O)cc1)[C@H](c3ccc(OCCN2CCCCCC2)cc3)Oc5ccc(O)c(F)c45,1,0,-11.3,23.35215831
43,OC(=O)COc3ccc(C(Cc1ccccc1)c2ccc(O)cc2)cc3,1,0,-9.8,13.31946969
44,Oc5ccc(c2sc1cc(O)ccc1c2C(=O)c4ccc(NCCN3CCCCC3)cc4)cc5,1,0,-10.8,26.03620124
45,Oc6ccc5c(c1cccc2ccccc12)c(C(=O)c4ccc(c3ccccc3)cc4)oc5c6,1,0,-10.4,14.11944795
46,Oc6ccc5C3=C(c2ccc(OCCN1CCOCC1)cc2)C(=O)CCC3(Cc4ccccc4)Cc5c6,1,0,-8.6,31.04430914
47,CN(CCCc1ccc(Cl)cc1)c5nc(NCCc2ccc(O)cc2)nc(N4CCN(Cc3cccnc3)CC4)n5,1,0,-9.1,48.91805029
48,CC/C(=C(\c1ccc(I)cc1)c3ccc(OCCN2CCCC2)cc3)c4ccccc4,1,0,-8.5,18.5493896
49,CCC3=C(c1ccc(O)cc1)C(C(=O)Nc2ccc(OCCN(C)C)cc2)c4cc(O)ccc34,1,0,-7.5,33.22416687
50,Oc6ccc5c(ccc4cc1ccc(O)cc1c(c3ccc(OCCN2CCCCC2)cc3)c45)c6,1,0,-8.7,20.14598513
51,Oc3ccc(S(=O)(=O)N(c1ccccc1)c2ccccc2)cc3,1,0,-10,7.999003649
52,C[C@]45CC[C@H]1[C@@H](CC=C2[C@H]3CC[C@@]12CCC3=O)[C@@H]4CC[C@@H]5O,1,0,-7.2,3.819756031
53,Oc4ccc3cc(c1noc2cc(O)ccc12)ccc3c4,1,0,-9.4,6.23190999
54,CN(C)C(=O)\C=C\c4ccc(N2CCc1cc(O)ccc1C2c3ccccc3)cc4,1,0,-8.5,14.7024014
55,Oc3ccc(c2cc(Br)c1cc(O)ccc1n2)cc3,1,0,-7,5.04959178
56,Oc6ccc([C@H]2Sc1cc(O)ccc1O[C@H]2c5ccc(OCCN3C4CCCC3CC4)cc5)cc6,1,0,-12.7,24.76107025
57,Oc1ccc3c(c1)oc4c(=O)c2c(O)cc(O)cc2oc34,1,0,-7.8,5.597553492
58,Oc5ccc(C1=c4ccc3=CC=C2CCCC1C2n34)cc5,1,0,-8.7,5.12022543
59,CC(=O)c5ccc4N[C@@H](c2cc1OCOc1cc2Br)[C@H]3CC=C[C@H]3c4c5,1,0,-9,8.092632771
60,O/N=C/c2ccc(c1ccc(O)cc1)c3ccoc23,1,0,-9.2,6.014091253
61,CC(C)N(CCOc3ccc(C(=C1CCCCC1)c2ccc(O)cc2)cc3)C(C)C,1,0,-10.1,17.60775447
62,CCC(C(c1ccc(O)cc1)c3ccc(OCCN(C)CCO/N=C/c2ccc(O)c(C(N)=O)c2)cc3)c4ccccc4,1,0,-10.1,70.26056337
63,Oc5ccc(C4=C2c1ccc(O)cc1CC2(Cc3ccccc3)CCC4=O)cc5,1,0,-10.7,17.76638269
64,Oc6ccc5c(C(=O)c2ccc(OCCN1CCCCC1)cc2)c(c4ccc3ccccc3c4)sc5c6,1,0,-11.6,24.37414837
65,COc1ccccc1Cc3c(C(=O)c2ccccc2Cl)oc4cc(O)ccc34,1,0,-9.8,16.72846842
66,Oc6ccc([C@H]2Sc1cc(O)ccc1O[C@H]2c5ccc(OCCN3CC4CC3CO4)cc5)cc6,1,0,-10.3,24.28214478
67,CC[C@H](COc4ccc([C@@H]2Oc1ccc(O)cc1S[C@@H]2c3ccc(O)cc3)cc4)N5CCCC5,1,0,-10.9,23.69065428
68,CC(C)N5CCN(c4ccc(C(=O)c2c(c1ccc(O)cc1)sc3cc(O)ccc23)cc4)CC5,1,0,-8.8,28.62101936
69,C[C@H](CCc1ccc(O)cc1)NC(=O)Cc4c(c2ccccc2)[nH]c5c(OCCCCN3CCCCC3)cccc45,1,0,-9.7,74.62641215
70,Oc2ccc1C4=C(CCCOc1c2)c3ccc(O)cc3OC4c6ccc(OCCN5CCCCC5)cc6,1,0,-9.6,23.22202945
71,O=C5CCC4(Cc1ccccc1)Cc2c(ccc3[nH]ncc23)C4=C5c7ccc(OCCN6CCCCC6)cc7,1,0,-10.2,28.35284114
72,Oc5ccc4c(C(=O)c2ccc(OCCN1CCCCC1)cc2)c(C3CCCC3)sc4c5,1,0,-10.1,24.1460557
73,Oc5ccc([C@H]2Sc1cc(O)ccc1O[C@H]2c4ccc(OCCN3CCS(=O)(=O)CC3)cc4)cc5,1,0,-11.1,23.61080694
74,Oc4ccc(c2nn1c(C(F)(F)F)cc(C(F)(F)F)nc1c2c3ccc(O)cc3)cc4,1,0,-8.9,17.07075667
75,CC(C)N5CCN(c4ccc(C2N(c1cccc(O)c1)CCc3cc(O)ccc23)cc4)CC5,1,0,-10.9,16.0652051
76,Oc5ccc(C3=C(c2ccc(OCCN1CCCC1)cc2)CCOc4cc(F)ccc34)cc5,1,0,-9.3,19.98051357
77,Oc6ccc([C@H]2Sc1cc(O)ccc1O[C@H]2c5ccc(OCCN3CC4CCC3CC4)cc5)cc6,1,0,-9.5,26.17614651
78,Oc6ccc([C@H]2Sc1cc(O)ccc1O[C@H]2c5ccc(OCCN3C4CCCC3CCC4)cc5)cc6,1,0,-12.3,35.71681643
79,Oc6ccc([C@H]2Sc1cc(O)ccc1O[C@H]2c5ccc(OCCN3C4CCC3CC4)cc5)cc6,1,0,-11.1,22.25055838
80,CC5(c2ccc(OCCN1CCCCC1)cc2)N(c3cccc(O)c3)CCc4cc(O)ccc45,1,0,-10.6,22.38921547
81,C[C@H](CCc1ccc(O)cc1)NC(=O)Cc4c(c2ccccc2)[nH]c5cc(OCCCN3CCCCC3)ccc45,1,0,-10.4,40.41759276
82,Oc5ccc(c2sc1cc(O)ccc1c2C(=O)c4ccc(SCCN3CCCCC3)cc4)cc5,1,0,-11.7,25.32579565
83,Oc3ccc(c2cccc(c1ccc(O)cc1)c2)cc3,1,0,-8.9,5.836380005
84,Oc4ccc([C@H]2Sc1cc(O)ccc1O[C@H]2CCCN3CCCCC3)cc4,1,0,-6.9,17.27899909
85,CCCN(c1c(CC)cccc1CC)S(=O)(=O)c2ccc(O)c(C)c2,1,0,-8,12.01505566
86,Oc6ccc([C@H]2Sc1cc(O)ccc1O[C@H]2c5ccc(OCCN4CC3CC3C4)cc5)cc6,1,0,-12.4,20.30349016
87,Oc3ccc(c2coc1cc(O)cc(O)c1c2=O)cc3,1,0,-8.9,5.908658981
88,CN6CCN(CCOc5ccc([C@H]2Oc1cc(O)ccc1C4=C2c3ccc(O)cc3OCC4)cc5)CC6,1,0,-11.6,21.46955037
89,COc6ccc5C2CC[C@@]1(C)C(CC[C@@H]1O)C2[C@H](Sc4ccc(OCCN3CCCCC3)cc4)Cc5c6,1,0,-8.3,30.50301671
90,Oc5ccc([C@H]2Sc1cc(O)ccc1O[C@H]2c4ccc(C3CCNCC3)cc4)cc5,1,0,-11.1,18.72061157
91,Oc4ccc(CCNc3nc(SCCCc1ccc(Cl)cc1)nc(N2CCNCC2)n3)cc4,1,0,-8.4,26.51972294
92,CN(C)CCOc5ccc([C@H]2Oc1cc(O)ccc1C4=C2c3ccc(O)cc3OCC4)cc5,1,0,-10.5,18.22332954
93,Oc5ccc(C4=C(c2ccc(OCCN1CCC1)cc2)c3ccccc3OCC4)cc5,1,0,-11.2,23.7152071
94,Oc5ccc4[C@@H](c2ccc(OCCN1CCCC1)cc2)[C@@H](c3ccccc3)COc4c5,1,0,-10.3,17.37477684
95,Oc5ccc4C2=C(c1ccco1)C(=O)CCC2(c3ccccc3)Cc4c5,1,0,-7.6,9.400808096
96,Oc5ccc(c2nn1c(C(F)(F)F)cc(C(F)(F)F)nc1c2c4ccc(OCCN3CCCCC3)cc4)cc5,1,0,-9.6,33.48857951
97,Oc5ccc4c(C(=O)c2ccc(OCCN1CCCCC1)cc2)c(c3ccsc3)sc4c5,1,0,-11.4,16.78072
98,Cc3c(c1ccc(O)cc1)nn(c2ccc(O)cc2)c3c5ccc(CCCN4CCCCC4)cc5,1,0,-8.5,26.60285091
99,Oc2ccc1C4=C(CCOc1c2)c3ccc(O)cc3O[C@@H]4c6ccc(OCCN5CCCCCC5)cc6,1,0,-10.4,21.65543246
100,C[C@H](c1ccccc1Br)Nc2cc(ccc2Br)Br,0,1,-7.3,4.757757902
101,Cc1cc(c(c(c1)Cl)NC(=S)N(C)[C@H](C)c2ccc(cc2)F)C,0,1,-7.7,9.673834324
102,Cc1cc(c(c(c1)C)NS(=O)(=O)c2cccc3c2nccc3)C,0,1,-8.4,6.667598724
103,CCCC1=C([C@@]2(c3cc(ccc3NC2=O)Br)C(=C(O1)N)C(=O)OCc4ccccc4)C(=O)OCC,0,1,-7.2,26.02163363
104,c1ccc2c(c1)[C@H](CCS2)Nc3cc(cc(c3)F)F,0,1,-8.6,4.812592268
105,C[NH+]1CCN(CC1)C(=O)c2ccc(c(c2)NC(=O)c3ccc(cc3)SC(F)(F)F)OC,0,1,-7.1,17.4958334
106,Cn1c2c(cn1)[C@@H](CCC2)Nc3cccc(c3)I,0,1,-8.1,4.79976368
107,Cc1ccc(c(c1)[C@@H](C)Nc2ccc3cn[nH]c3c2)C,0,1,-8.4,5.70831728
108,COC(=O)c1cc(ccc1Cl)NC(=S)N2CCCC3=C[C@@H]4C[C@H]([C@H]32)C[NH+]5[C@H]4CCCC5,0,1,-7.3,16.776335
109,c1ccc(cc1)c2ccc(cc2)c3cn(nn3)C[C@H]4C[C@H]5CC[NH+]4C[C@@H]5C(=O)NC6CCCCC6,0,1,-9.4,19.31942344
110,Cc1cc(oc-2cc(=[NH+]C(=S)NNC(=O)[C@H](C)Oc3ccc(cc3)C(C)(C)C)ccc12)O,0,1,-9.4,21.76801181
111,C[NH2+][C@H](Cc1cccc(c1)Br)c2ccc(c(c2)Br)OC,0,1,-7.9,6.816093206
112,C[C@H](c1ccccc1)/[NH+]=C(/NC2CCCCC2)\[S-],0,1,-7.5,5.863766432
113,Cc1ccc(cc1)c2nc(on2)C[NH+]3CCC[C@@H](C3)C(=O)NCCSCc4ccccc4F,0,1,-7.8,25.32289624
114,Cc1ccc2=[NH+]CC(=c2c1)CCNC(=O)c3ccccc3NC(=O)C4=C(OCCS4)C,0,1,-9.9,19.92606449
115,Cc1cc[nH+]c(c1)N[C@@H](c2ccc3cccnc3c2O)c4c(cccc4Cl)Cl,0,1,-9.5,12.25533938
116,CCCN([C@H](c1ccc(cc1)C)C(=O)NC(C)(C)CC(C)(C)C)C(=O)CCC2CCCCC2,0,1,-9.1,27.55570769
117,Cc1ccc(c(c1)Cl)N[C@H](c2cccc(c2)Cl)c3nnc(o3)c4ccccc4,0,1,-10,11.71259522
118,c1ccc(cc1)Oc2ccc(cc2)N3C(=O)C[C@@H](C3=O)[NH2+]CCc4c[nH]c5c4cc(cc5)Cl,0,1,-9.9,20.37579322
119,CCOc1cc(cc(c1OCc2ccc(cc2Cl)F)Cl)C[NH2+]CCSc3nnnn3C,0,1,-9.4,27.8525722
120,COc1ccc(cc1Cl)NC(=O)[C@H](c2ccccc2)[NH2+]Cc3ccc(cc3)N4CCCC4=O,0,1,-9.4,23.72104812
121,c1ccc2c(c1)CCN[C@@H]2C(=O)Nc3ccccc3Cl,0,1,-9.6,5.882280111
122,C[C@@H](c1ccccc1)[NH2+]Cc2cc(ccc2OCc3cccc(c3)Cl)Br,0,1,-8.6,12.97856879
123,C[C@@H]1CCC[C@H]([C@@H]1C)NC(=O)c2cc([nH]n2)C(C)C,0,1,-8.1,5.258004189
124,Cc1ccc(c(c1)Br)N[C@H](C)c2c(nn(c2C)C)C,0,1,-7.8,5.538230658
125,CC(C)Oc1ccc(cc1CO)C[NH2+][C@@H]2CC(Cc3c2cnn3c4ccc(cc4)F)(C)C,0,1,-8.2,21.34298229
126,Cn1c(cc(n1)c2ccc(cc2)N(C)C)[C@H]3C[NH+]4CC[C@@H]3C[C@@H]4CNC(=S)Nc5ccccc5,0,1,-6.9,22.25236392
127,c1ccc2c(c1)ccc(n2)C(=O)N/N=C\3/CCCCc4c3cccc4,0,1,-7.6,8.994680166
128,Cc1ccccc1C(=O)Nc2cccc(c2)c3cn4cccnc4n3,0,1,-9.1,7.850349903
129,C[C@@H]1CCC[NH+](C1)Cc2ccc(cc2)CNC(=O)/C(=C/c3ccco3)/c4ccccc4,0,1,-9.5,16.02777791
130,c1ccc2c(c1)ccc(c2C[NH2+]Cc3ccc(cc3)F)OCc4c(cccc4Cl)F,0,1,-9.4,16.85273099
131,Cc1cc(ccc1NC(=O)[C@@H]2Cc3cc(ccc3OC2)Cl)Cl,0,1,-7.4,6.19067049
132,CC[C@@H](CNc1c(cc(cc1Cl)Br)Cl)O,0,1,-6.4,5.361531258
133,CC(C)c1ccc(cc1)CN2CC[NH+](CC2)Cc3nc(co3)C(=O)N(C)CCc4ccc(c(c4)OC)OC,0,1,-8.6,39.96127248
134,CCCn1c2ccc(cc2nc1CN3CC[NH+](CC3)C)NC(=O)c4cccc(c4)Br,0,1,-8.3,15.95190072
135,Cc1ccc(cc1Cl)NC(=[NH2+])Nc2[nH]c(=O)cc(n2)CSc3nc4ccccc4s3,0,1,-9.1,21.75503016
136,Cc1cc(c(n1Cc2ccc(cc2)F)C)C(=O)CSCc3ccc(cc3)C(=O)[O-],0,1,-8.5,17.07664704
137,c1ccc(cc1)[C@@H]2[C@H]3C[C@H]4[C@H]([NH+]2CN([C@@H]3c5ccccc5)[C@@H]4c6ccccc6)c7ccccc7,0,1,-8.8,14.16824985
138,Cc1cccc(c1Cl)NC(=S)N(Cc2ccc(cc2)F)C3CC([NH2+]C(C3)(C)C)(C)C,0,1,-8.4,15.50202012
139,C[C@]12CC(c3ccccc3[C@]1(NC(=O)O2)C)(C)C,0,1,-8.1,2.809762478
140,c1cc(c(c(c1)Cl)Cl)NC(=O)c2cccc(n2)C(=O)Nc3cccc(c3Cl)Cl,0,1,-8.9,12.71793866
141,CSc1cccc(c1)NC(=O)c2cc(sc2)Br,0,1,-6.9,5.550859213
142,CN(Cc1cccc(c1)Br)[C@@H](C[NH3+])c2ccc(cc2)Br,0,1,-8,8.35007596
143,CC1CCC(CC1)(CO)Nc2c(c(c(c(c2F)F)F)F)F,0,1,-8.7,6.456852913
144,CCCn\1c2ccc(cc2s/c1=N\C(=O)CCSc3ccc(cc3)F)C,0,1,-8.1,11.12493968
145,Cc1cccc(c1)[C@H]2c3cccn3-c4c(c(nn4c5ccccc5)C)CN2C(=O)Nc6cc(ccc6C)Cl,0,1,-8.1,20.54409671
146,CC(C)CN(CC(C)C)C(=O)c1ccc(s1)c2nc3ccccc3s2,0,1,-7.3,10.39099765
147,c1cc2c(cc1[C@@H](c3ccc(o3)Br)Cl)CCC(=O)N2,0,1,-8.3,4.966901302
148,Cc1cc(ccc1N)Oc2c(cc3c(n2)CCC3)C#N,0,1,-8.4,5.87557888
149,c1ccc2c(c1)CSC[C@H]2Nc3ccc(c(c3)F)F,0,1,-8.8,4.817430735
150,c1cc(ccc1c2ccc(=S)[nH]n2)Br,0,1,-6.7,3.189568996
151,CC[C@@H](C)c1ccccc1Oc2c(cc(cc2F)N)F,0,1,-8.1,6.950807095
152,CC1(CC2=C([C@H](N(c3ccccc3N2)CC(=O)NCCC[NH+](C)C)c4ccccc4OC)C(=O)C1)C,0,1,-6.8,27.67690086
153,CSc1cccc2c1nc(s2)Nc3c(c4c(s3)CCCC4)C#N,0,1,-7.1,5.619083643
154,c1ccc(c(c1)[C@H]2C(=C(N3c4ccccc4NC3=C2C#N)N)C#N)C(F)(F)F,0,1,-7.5,13.38281274
155,c1ccc(cc1)C#C[C@H](c2ccccc2)Nc3cc(cc(c3)Cl)Cl,0,1,-9.3,8.343506098
156,CC[C@H]1CCCC[NH+]1CCCNC(=O)CC2CCN(CC2)S(=O)(=O)c3ccc(s3)Cl,0,1,-8.6,22.10311913
157,Cc1ccc(c(c1)C(C)(C)C)OCc2ccc(cc2Br)N,0,1,-8.9,7.384585857
158,c1ccc2c(c1)NC(=O)C[C@@H](N2C(=O)C[NH+]3CCN(CC3)Cc4ccc(s4)Cl)C(F)(F)F,0,1,-9.1,19.30610013
159,CC1=C([C@@H](n2c(=O)/c(=C/c3c[nH]c4c3cccc4)/sc2=N1)c5cccc(c5)OC)/C(=N\c6ccccc6)/O,0,1,-7.1,27.70384908
160,CCCOc1c(cc(cc1Cl)C[NH2+][C@@H](C)C23CC4CC(C2)CC(C4)C3)OC,0,1,-7.6,14.62844801
161,Cc1ccc(c(c1)C)N[C@@H]2c3ccc(cc3NC2=O)Cl,0,1,-9,4.990869284
162,Cc1ccn2c(c1)[nH+]c(c2NC3CCCCC3)c4ccccc4OC(=O)Cc5cccs5,0,1,-7.4,26.68365932
163,Cc1ccc(cc1F)Cc2c(nc(s2)N)C(C)C,0,1,-7.9,5.135910034
164,CC[C@@]1(C(=O)N(C(=O)N1)NC(=O)CCC2=c3ccccc3=[NH+][C@@H]2c4ccc(cc4)OC)c5ccccc5,0,1,-12.2,35.98415875
165,Cc1c(nc(nc1NC)Cc2cccc(c2)Br)C,0,1,-8.1,4.961136341
166,CCCCCCNC(=O)c1ccc(o1)C[NH+]2CCn3cccc3[C@@H]2c4ccccc4Cl,0,1,-9.8,23.52567053
167,c1ccc2=[NH+]CC(=c2c1)C[C@@H](C(=O)N/N=C/c3ccc(cc3)Br)NC(=O)c4cccs4,0,1,-10.1,23.72355723
168,Cc1ccc(cc1)c2c(n(c[nH+]2)C3CCCC3)c4ccc(o4)C(=O)N[C@@H](C)c5ccccc5,0,1,-8.9,23.37323618
169,CC[C@@H](C)CN1C(=O)[C@@H]([NH2+]C12CCN(CC2)C(=S)Nc3ccccc3F)[C@@H](C)CC,0,1,-8.5,16.00776434
170,c1ccc2c(c1)c(cs2)[C@@H]3Nc4ccccc4C(=O)N3,0,1,-9.3,4.57531929
171,CCOc1ccc(cc1)n2c(nnc2SCC(=O)N/N=C/c3ccc(cc3)C(C)(C)C)c4ccc(cc4)Cl,0,1,-9.6,39.98640108
172,C=CCNC(=O)c1ccccc1NC(=O)C2CC[NH+](CC2)Cc3ccc(c(c3)Cl)Cl,0,1,-7.2,18.27532482
173,Cc1nc2cc(c(cc2s1)N)N3CCC(CC3)(C)C,0,1,-6.4,4.862410784
174,c1c(c(cc(c1Cl)Cl)Cl)NC(=O)c2cc(c(s2)Br)Br,0,1,-8.2,5.873443604
175,c1ccc(cc1)C(=O)N[C@@H](c2c3ccccc3c(=O)[nH]n2)C(=O)N/N=C/c4ccccc4OCc5ccc(cc5)Cl,0,1,-10.2,41.34814525
176,CC[C@@H](C)Oc1c(cc(cc1Cl)Cl)N,0,1,-6.1,4.380693674
177,Cc1ccc(cc1C)NC(=O)Nc2cccc(c2)SC,0,1,-7.8,6.389418364
178,Cc1c(sc(c1C#N)NC(=O)[C@H]2Cc3ccccc3O2)C,0,1,-7.9,6.556526661
179,CC1(CC[C@H](c2c1cccc2)Nc3cccc(c3)C#N)C,0,1,-9.9,5.230605841
180,CCOc1cc(ccc1OCc2ccc(s2)Br)C[C@@H](C)[NH3+],0,1,-7.6,10.62106609
181,c1ccc2=[NH+][C@H]3CN(CCC3=c2c1)C(=O)NCCCC(=O)Nc4cccc(c4)Br,0,1,-9.6,16.25959539
182,CCc1cc2cc3c(cc2[nH]c1=S)OCCO3,0,1,-7.9,3.190950871
183,CC[C@H](C)[C@H](C)Nc1ccc(cc1Cl)Cl,0,1,-6.6,4.201048136
184,CCc1cc(c(s1)NC(=O)c2ccco2)[C@H](c3ccc(cc3)Br)Nc4cccc[nH+]4,0,1,-7,17.81727481
185,CC(C)CCNc1nc2ccc(cc2s1)N,0,1,-7,5.415271044
186,CC(C)c1cccc2c1NC[C@H](C2)C3CCCCC3,0,1,-7.9,4.372286558
187,c1ccc(cc1)/N=C/2\NC(=O)/C(=C\c3cccc(c3)C(F)(F)F)/S2,0,1,-8.9,8.574159145
188,Cc1c(c(no1)c2ccccc2Cl)C(=O)N3C[C@@H](C4(C3)CC[NH2+]CC4)C(=O)N[C@@H]5CCCC[C@@H]5C,0,1,-7.3,18.73191738
189,C[C@@H]1CCCC[C@@H]1[NH+](C)C2CCN(CC2)C(=O)CNC(=O)/C=C/c3c(cccc3Cl)Cl,0,1,-9.4,18.43138862
190,CCOc1cc(cc(c1O)/C=N/c2ccc(c(c2)O)c3nc4ccccc4s3)Br,0,1,-8.5,12.04707599
191,CC[C@H](c1nc2ccccc2c(=O)n1c3ccc(c(c3)C)C)N(CC[NH+](C)C)C(=O)CCC4CCCC4,0,1,-7.1,30.2960577
192,CC(C)c1ccc(cc1)C2=NC3=NN=C([C@@H]3C(=C2)C(=O)[O-])c4ccc(cc4)Cl,0,1,-8.6,11.2920239
193,c1ccc(cc1)[C@@H](CNC(=O)c2cnc(nc2Cl)S(=O)(=O)Cc3ccc(cc3)F)[NH+]4CCCC4,0,1,-9.3,26.44935608
194,C[C@@H]1N[C@H](SC(=S)N1CCN2[C@H](N[C@H](SC2=S)C)C)C,0,1,-6.8,6.196511507
195,c1ccc2=[NH+]CC(=c2c1)/C=C\3/C(=O)N/C(=N\c4ccc(cc4C(F)(F)F)Cl)/S3,0,1,-7.7,10.79260564
196,Cc1ccc2=[NH+][C@@H](C(=c2c1)CCN(Cc3cccnc3)C(=S)Nc4ccccc4C)C,0,1,-9.4,18.80016804
197,Cc1ccc(cc1)CNC(=O)[C@H](C)Sc2nc3c(c4c(s3)CCCC4)c(=O)n2CCC[NH+](C)C,0,1,-6.4,27.51632428
198,c1ccc2=[NH+][C@@H](C(=c2c1)CCC(=O)N3C[C@@H](Oc4c3cccc4)C(=O)N)c5ccc(cc5)F,0,1,-9.2,17.66130233
199,C[C@@H](c1ccccc1F)NC(=O)[C@@H](C)Oc2ccc(cc2Cl)Cl,0,1,-8.6,8.992283344
200,Cc1cc(c(c(c1)Cl)NC(=O)CSc2ccc3c(c2)CCC3)C,0,1,-8.8,8.237079144
201,CCC(CC)C(=O)N1CC[NH+](CC1)[C@@H](C2CCCC2)C(=O)Nc3cccc(c3)Cl,0,1,-8.8,16.88059473
202,C[C@@H](c1ccc2c(c1)CCCC2)NC(=O)c3csc(n3)N,0,1,-8.5,7.143347979
203,c1ccc2c(c1)ccc(c2C[NH2+]C34C[C@H]5C[C@@H](C3)CC(C5)(C4)O)OCc6ccc(cc6)Cl,0,1,-9.1,18.33183813
204,c1ccc(c(c1)CC[NH2+][C@H]2CCc3c(sc4c3c(=O)n(cn4)CCCc5ccncc5)C2)F,0,1,-8.8,19.29030204
205,Cc1[nH+]c(cc(n1)N2CCCCC2)Nc3ccc(cc3)NC(=O)CCC4CCCCC4,0,1,-10.2,16.5218575
206,C[C@H]([C@H]1C(=O)Nc2ccccc2S1)C(=O)Nc3ccccc3Cl,0,1,-8.3,7.686311722
207,Cc1cc(cc(c1)NC(=O)Nc2cnn(c2c3ccccc3)c4c(cc(cc4Cl)Cl)Cl)C,0,1,-8.5,17.79978967
208,CC(C)(C)c1ccc(cc1)c2nc(on2)C[NH+]3CCC[C@H](C3)C(=O)NC45CC6CC(C4)CC(C6)C5,0,1,-9.4,19.83731961
209,c1ccc2c(c1)nc(n2CC3CC[NH+](CC3)CC(=O)Nc4ccc(c(c4)Cl)Cl)C(F)(F)F,0,1,-9.7,20.48305559
210,Cc1ccc(cc1NC(=O)[C@H](C)Nc2cccc(c2)NC(=O)c3cccs3)F,0,1,-8.6,15.04693151
211,CCCN1C(=C([C@@H](NC1=O)c2ccc(cc2)NC(=O)NC34CC5CC(C3)CC(C5)C4)C(=O)OCCOC)C,0,1,-8.8,39.49700141
212,c1cc(sc1)c2csc(n2)c3cnn(c3N)c4ccc(cc4)F,0,1,-7.3,7.910134792
213,CCOc1cc(cc(c1OCc2ccccc2Cl)Br)C[NH2+]C3CCCCCC3,0,1,-9.2,15.00778651
214,Cc1ccccc1C(=O)N[C@H](C(C)C)C(=O)NC[C@@H](c2cccs2)[NH+]3CCC(CC3)C,0,1,-10.6,23.25206995
215,CCOc1ccccc1CN(C[C@H]2CCCO2)C(=S)NC3CC([NH2+]C(C3)(C)C)(C)C,0,1,-8.1,20.19173813
216,Cc1ccc(c(c1)S(=O)(=O)/N=C\2/[C@@H]([NH+]=c3ccccc3=N2)Nc4ccc(c(c4)C)Br)C,0,1,-8.7,16.61356854
217,COC(=O)[C@@H]1CC2=C3CC=CC=C3N=C2[C@@H]4N1[C@@H](C[C@@H](C4)[NH2+]Cc5cccs5)c6ccc(cc6)F,0,1,-8,19.32262325
218,CC[C@H](C)[C@@H](C(=O)N[C@H](C)CC)NC(=O)[C@@H]1CC2=c3ccccc3=[NH+][C@@H]2[C@@H]4N1C(=O)c5c4cccc5,0,1,-8.3,27.61661434
219,CCCCC[C@H](C(=O)NC1CCCCC1)N(C(=O)[C@H](CC)CCCC)C(C)(C)C,0,1,-6.8,24.12301111
220,Cc1cccc(c1)/C=C/2\C(=O)Nc3cc(ccc3S2)C(=O)NCC[NH+](C)C4CCCCC4,0,1,-8.3,18.87455273
221,CCOc1ccc(cc1)N[C@H]2/C(=N/S(=O)(=O)c3cc(ccc3Cl)Cl)/N=c4ccccc4=[NH+]2,0,1,-8.3,17.3648088
222,c1ccc(cc1)N[C@H]2c3cc(ccc3NC2=O)Br,0,1,-8,4.829327822
223,c1cc(c(cc1COc2ccc(cc2C[NH2+]C3CCCCCC3)Cl)Cl)Cl,0,1,-8.9,12.29821992
224,Cc1cc(c(c(c1Cl)S(=O)(=O)Oc2ccc(cc2Cl)C(=O)[O-])C)Cl,0,1,-7.2,8.20375061
225,Cc1cccc(c1C)NC(=O)NC(=O)CSc2nnc(n2c3ccc(cc3)Cl)[C@@H](C)[NH+](C)C,0,1,-8.2,31.47723889
226,Cc1c(cccc1N)CN2CCO[C@@H]3[C@@H]2CCCC3,0,1,-8.6,5.246020555
227,Cc1cc(ccc1OCC(=O)NNC2=c3cc(cc(c3=[NH+]C2=O)Br)Br)Cl,0,1,-8.3,11.92760682
228,c1cc(ccc1/C=C\2/C(=O)N/C(=N/c3ccc(cc3)Cl)/S2)Cl,0,1,-6.6,6.454968929
229,CC(=O)C1=C(NC(=S)N[C@@H]1c2ccsc2)c3ccc(cc3)Br,0,1,-7.1,6.548113346
230,Cc1ccc(cc1)/C=C/2\C(=O)N/C(=N/c3cccc(c3)C)/S2,0,1,-8.5,6.161239386
231,C[C@H](c1cccc(c1)Cl)[NH2+][C@H]2c3c(cccc3Cl)NC2=O,0,1,-8.9,6.595056534
232,COc1ccc(cc1CSc2nc3ccccc3s2)[C@@H]4[C@@H]5C(=c6ccccc6=[NH+]5)C[C@@H](N4)C(=O)[O-],0,1,-8.2,20.47273922
233,CC(C)c1c(sc(n1)N)Cc2cc(c(cc2F)F)F,0,1,-8.1,5.502950191
234,C[C@H]1CCC[C@H]([C@@H]1C)NC(=O)/C=C/c2ccc(o2)Br,0,1,-7.8,5.626039505
235,CCC[NH2+][C@@H](c1cccc(c1)C(F)(F)F)c2ccc(s2)Cl,0,1,-8.4,7.887286425
236,C[NH+]1C/C(=C\c2ccc(cc2)Cl)/C3=C(C1)[C@@H](n4c(ncn4)N3)c5ccc(cc5)Cl,0,1,-7.6,10.06643414
237,Cc1cc([nH+]c2c1cc(cc2)NC(=O)COc3ccc(cc3Cl)Cl)N4CCN(CC4)C,0,1,-8.8,15.879251
238,C[NH+]1CCN(CC1)[C@H](CNC(=S)Nc2ccc(c(c2)Cl)Cl)c3cccs3,0,1,-7.8,14.83382654
239,c1ccc2c(c1)CCC[C@@H]2NC(=O)[C@@H]3CCC[NH+](C3)Cc4nc(no4)c5cccc(c5)Br,0,1,-9.6,16.01309991
240,Cc1ccccc1OC[C@H](C[NH+](CCCOC)Cc2[nH]c(=O)c3c(csc3n2)c4ccccc4F)O,0,1,-8.2,38.63813877
241,C[C@H](c1ccc(s1)Cl)Nc2ccc(c(n2)C#N)Cl,0,1,-7.4,5.616435528
242,c1ccc(cc1)n2cc(cn2)C[NH+]3CCC4(CC3)C[C@@H]4C(=O)Nc5ccc(c(c5)F)F,0,1,-9.2,16.41822219
243,COc1cc(cc(c1O)Cl)[C@@H]2C3=C(C[C@@H](CC3=O)c4ccc(cc4)Cl)Nc5ccccc5N2,0,1,-8.7,14.14361382
244,CCc1cccc(c1)N/C(=N\C(=O)c2ccc(cc2)Br)/NCCC3=c4ccccc4=[NH+]C3,0,1,-8.8,17.89897823
245,c1ccc(c(c1)C2(C3CC4CC(C3)CC2C4)O)NC(=O)C5CC5,0,1,-9.2,7.892490387
246,C[C@H](c1ccco1)Nc2ccc(cc2Br)F,0,1,-7.4,4.414190531
247,Cc1ccccc1CN([C@H]([C@@H]2CCC=CC2)C(=O)Nc3ccc(cc3)OC)C(=O)CSc4nc(cc(n4)C)C,0,1,-7.8,41.03840804
248,Cc1cccc(c1)N(C)c2ccc(cc2N)F,0,1,-8.1,4.556695461
249,c1cc(ncc1Br)C(=O)NC2CC2,0,1,-5.9,3.423589468
250,COCCCNC(=O)c1c2c(sc1NC(=O)/C(=C/c3ccc(cc3Cl)Cl)/C#N)CCCC2,0,1,-7.1,22.14273572
251,Cc1ccnc(c1)NC(=O)c2cc(cc(c2)Br)F,0,1,-8.1,4.769596577
252,c1ccc2c(c1)nc(s2)n3c(c4c(n3)CCC4)NC(=O)c5cc(sc5Cl)Cl,0,1,-8.6,10.51798415
253,COc1ccc(cc1[C@H](c2ccc3c(c2)CC(=O)N3)Cl)Cl,0,1,-8.2,5.603318691
254,CCN(CC)c1ccc([nH+]c1N(CC)CC)N2CCN(CC2)C(=O)[C@]3(CCc4c(c(c(c(c4O3)C)C)O)C)C,0,1,-8,33.87254286
255,c1ccc(cc1)N(c2ccccc2)Nc3c(c([nH+]cn3)Nc4ccc(cc4)I)N,0,1,-9.1,15.02380729
256,Cc1ccc(c(c1)C)NC(=O)C2=C(n3c4ccccc4nc3N[C@H]2c5ccc(cc5)C(C)C)C,0,1,-7.9,15.76794624
257,c1cc(ccc1/C=C/2\C(=O)N/C(=N/c3ccc(cc3)F)/S2)Cl,0,1,-8.8,5.889167309
258,Cc1ccc2c(c1)c3c4n2CC[NH+]([C@H]4CCC3)CC(=O)N/N=C/c5ccccc5Cl,0,1,-9.1,14.78102303
259,C[C@H](C(=O)NC(=O)N1CCC(CC1)CC(=O)N)Cl,0,1,-6.8,5.260871172
260,COc1ccc(cc1C(F)(F)F)C(=O)N2C[C@H](C3(C2)CC[NH2+]CC3)C(=O)NC4CCCCCC4,0,1,-7.3,17.57811046
261,CCC[NH+](Cc1[nH]c(=O)c2c(csc2n1)c3ccc(cc3C)C)C[C@](C)(C=C)O,0,1,-7.4,19.66463232
262,c1cc(sc1)/C=N/c2ccc3c(c2)nc([nH]3)c4ccc(cc4Cl)Cl,0,1,-7.5,6.487002611
263,Cc1ccc(c(c1)NC(=O)/C=C/c2cc3c(c(c2)Cl)OCO3)C,0,1,-8.8,7.714703321
264,Cc1cc(ccc1Br)NC(=O)Cc2csc(n2)NC(=O)[C@H]3CC(=O)N(C3)c4ccccc4,0,1,-8.9,21.1032505
265,c1cc(ccc1C(=O)Nc2nc3c(s2)ccc(c3Cl)Cl)C(F)(F)F,0,1,-7.5,7.727058411
266,Cc1nccc(n1)N[C@H]2CCC[C@@H]([C@@H]2C)C,0,1,-7.4,3.603146315
267,CC(C)n1c(cc2c1CCNC2=O)c3ccnc(n3)N,0,1,-8,5.770177603
268,Cc1ccc(cc1)Cn2cccc2C3=N[C@H](CO3)CSCc4cccc(c4)C,0,1,-9.5,15.86947131
269,C[C@@]1(Nc2ccccc2C(=O)N1Cc3ccco3)c4ccc(cc4)Br,0,1,-9.3,7.378955364
270,CC[NH+](CC)CCN(c1nc2c(c(ccc2s1)Cl)C)C(=O)CCCSc3ccc(cc3)F,0,1,-8.3,32.25301337
271,CNC(=O)c1cccc2c1c(ccc2)[S@@](=O)c3ccccc3,0,1,-8.4,6.081905365
272,CCOc1cc(ccc1OCc2cccc(c2)C)C[NH2+][C@@H](C)c3ccccc3,0,1,-9.9,16.27900672
273,Cc1ccc(cc1NC(=O)NCC2CCCC2)Cl,0,1,-7.7,5.261515379
274,CC[NH2+][C@H](c1ccc(c(c1)Br)OC)c2cc(ccc2Br)F,0,1,-8.3,7.544001818
275,CC1=CC(N(c2c1cc(cc2)[C@@]3(CC(N(c4c3cccc4)C(=O)C=C)(C)C)C)C(=O)c5ccc(cc5)F)(C)C,0,1,-8.7,23.37629509
276,C[C@H]1CCC[C@@H]([C@@H]1C)NC(=O)[C@@H]2C=C(N=C2C)c3ccc(cc3)F,0,1,-9.1,8.679210186
277,Cc1cc(c(n1C)C)C(=O)c2c(c3cccnc3s2)N,0,1,-7.5,5.939909697
278,CC[NH2+][C@H](C)c1c(nc(s1)c2cc(c(o2)Br)Br)C,0,1,-5.8,5.891385078
279,c1ccc(c(c1)c2nc(on2)C[NH+]3CCC(CC3)C(=O)NCCSCc4ccc(cc4)F)Cl,0,1,-9.3,25.07233572
280,Cc1ccc(cc1)NC(=O)[C@@H](C)Sc2[nH]c(=O)c3c(c(sc3n2)C)c4ccccc4,0,1,-9.3,15.07850528
281,C[NH+](Cc1[nH]c(=O)c2c(csc2n1)c3ccc(cc3)F)CC(=O)Nc4cccc(c4)F,0,1,-9.6,19.18585753
282,C1COCC[NH+]1CC(=O)NCCNc2c(c(c(c(c2Cl)Cl)Cl)Cl)Cl,0,1,-6.7,10.9334085
283,C[C@H](c1ccccc1)[NH2+]Cc2cc(c(c(c2)Br)OCc3ccc(cc3Cl)Cl)OC,0,1,-8.3,17.24028587
284,Cc1ccccc1n2c(nnc2S[C@@H](C)C(=O)Nc3ccc(cc3)I)C,0,1,-9.1,12.64501405
285,CCOc1ccc(cc1OCC)[C@H](C)NC(=O)C2CC[NH+](CC2)Cc3nc(no3)c4ccc(cc4)Cl,0,1,-8.2,30.82630968
286,CCOC(=O)C1=C(NC(=O)N[C@@H]1c2ccccc2)COC(=O)[C@H](C(C)C)NC(=O)c3ccc(cc3)C,0,1,-9.2,33.08888149
287,c1ccc2=[NH+]CC(=c2c1)[C@H](CNC(=O)c3ccc(cc3)OC(F)F)c4cccs4,0,1,-9.7,15.94463968
288,c1cc(sc1)C(=O)[C@H]2[C@@H]([C@@H]3CSCN3[C@]24c5cc(ccc5NC4=O)F)c6ccc(cc6)Cl,0,1,-7.1,13.05233121
289,Cc1ccc(cc1Cl)NC(=O)CCSc2ccc3ccccc3n2,0,1,-9.3,10.22718382
290,CC1CCC(CC1)NC(=O)N2C[C@H](C[C@@H]2C(=O)[O-])O,0,1,-7.4,5.384303808
291,Cc1c2c(n(n1)C)NC(=O)CS[C@H]2c3cccc4c3cccc4,0,1,-8.3,6.241053104
292,c1ccc(cc1)[C@]23CSCC(=O)N2CCCN3,0,1,-7.5,3.739665985
293,c1cc(cnc1)c2c(c(nc3c2c(=O)nc4n3ccs4)N)C#N,0,1,-6.6,6.617434025
294,CCOc1cc(ccc1OCc2cccc(c2)Cl)C[NH2+][C@H](C)c3ccccc3,0,1,-9.8,15.57142377
295,Cc1c(c(n(n1)c2ccccc2)Oc3ccc(cc3)OC)C[NH+](CC4CC4)C[C@H](COCC=C)O,0,1,-6.8,39.51608181
296,COc1cc2c(cc1OC)NC3=C([C@@H]2c4ccc(c(c4)Cl)Cl)C(=O)CCC3,0,1,-8.4,9.163320303
297,Cc1ccc(cc1)c2c(sc3c2c(=O)[nH]c(n3)C[NH+]4CCN(CC4)Cc5ccccc5F)C,0,1,-10.7,17.86140728
298,CN(Cc1ccn[nH]1)C(=O)[C@@H]2C[C@H](C[NH+]2Cc3c(cccc3Cl)F)Sc4ccc(cc4)OC,0,1,-8.8,22.54846668
299,Cc1ccc(cc1)C23C[C@H]4C[C@@H](C2)CC(C4)(C3)NC(=O)NCCSCc5cccs5,0,1,-8.5,18.56672168
300,CCCOc1c(cc(cc1Cl)C[NH2+][C@H](C)C23CC4CC(C2)CC(C4)C3)OC,0,1,-7.8,15.26372933
301,CCOc1ccc(cc1[C@@H](c2cccc(c2)I)[NH2+]C)Br,0,1,-7.4,6.980865955
302,c1ccc(c(c1)CSc2[nH]c3ccccc3n2)Cl,0,1,-8,4.996258974
303,Cc1ccc(cc1)NC(=O)/C(=C/c2ccc(s2)Cl)/C#N,0,1,-7.3,6.576911688
304,c1ccc(cc1)[N-]S(=O)(=O)c2cc[nH+]c3c2cccc3,0,1,-8.8,5.373798609
305,c1cc(ccc1F)S(=O)(=O)NCC2CCC(CC2)C(=O)NC[C@@H]3CCC[NH+]4[C@H]3CCCC4,0,1,-9.9,22.24617457
306,Cc1c(c(n[nH]1)C(=O)N2CC[C@H]3CCCC[C@H]3C2)N,0,1,-8.4,5.707445383
307,C=CCn1c2c(c(n1)C(=O)N3CCCCCC3)C[C@H](CC2)[NH2+]CCc4c[nH]c5c4cccc5,0,1,-9.2,21.55836034
308,C[C@H]1CCCCN1C(=O)[C@@H](C)NC(=O)Nc2cccc(c2)Br,0,1,-7.4,7.744889975
309,Cc1cccc(c1S(=O)(=O)N2CCc3c(ccs3)[C@@H]2C)N,0,1,-7.9,6.290610075
310,Cc1cc(ccc1NC(=S)Nc2ccc(c(c2)Cl)Cl)Cl,0,1,-7.6,6.441681385
311,Cc1nc(cc(n1)[C@H]2C[NH+]3CC[C@H]2C[C@@H]3C[NH2+]Cc4ccc(cc4)NC(=O)C)c5ccco5,0,1,-8.4,22.47891784
312,Cc1c(sc(n1)C)[C@H](C)[NH2+][C@@H](C)c2ccc(cc2Br)Br,0,1,-6.8,7.69250083
313,C[C@@H]1CCc2c(c(=S)sc(c2C#N)NC(=O)CCCOc3ccc(cc3Br)C(C)C)C1,0,1,-9,22.05489039
314,C/C(=N/NC(=O)c1ccc(cc1Cl)Cl)/C(C)(C)C,0,1,-8.3,5.780661106
315,CCOc1ccccc1CCNC(=O)[C@@H]2CN(CC23CC[NH2+]CC3)C(=O)c4ccc(o4)c5ccccc5,0,1,-7.8,26.96902394
316,CCC[C@H](c1nnnn1CCc2ccccc2)[NH+](Cc3cc4cc(ccc4[nH]c3=O)C)C5CCCC5,0,1,-7.5,32.06045675
317,CCN(CC)c1ccc2cc(/c(=[NH+]/c3cccc(c3Cl)Cl)/oc2c1)C(=S)N,0,1,-6.5,12.09461093
318,c1csc(n1)CNC(=O)CC23C[C@H]4C[C@@H](C2)CC(C4)(C3)Br,0,1,-7.9,7.014349937
319,CCOc1cc(cc(c1O)Br)/C=C\2/C(=O)N(C(=S)S2)NC(=O)c3ccc(cc3)Cl,0,1,-6.9,15.02953339
320,CCC[NH2+][C@@H](c1ccc(s1)c2ccc(cc2)I)C(C)C,0,1,-7.3,7.003018141
321,c12c(c(c(s1)Br)Br)sc(c2Br)Br,0,1,-4.9,2.12861371
322,CC1=CC[C@H](O1)C[NH+](C)Cn2c(=S)n(c(n2)C3=c4ccccc4=[NH+]C3)c5ccc(cc5)Cl,0,1,-7.1,22.20932102
323,c1cc(ccc1SCc2nc(c3ccsc3n2)NN)Cl,0,1,-7.1,7.735467434
324,CCN(c1ccccc1)C(=O)c2ccc(cc2)NC(=O)CNc3cccc(c3)C(=O)NCCCOC,0,1,-9.8,37.52984118
325,CCc1cc(=O)c2c(ccc(c2[nH]1)Cl)Cl,0,1,-6.6,3.060348034
326,Cc1ccccc1[C@H](c2ccccc2)NC(=O)[C@@H]3CCC[NH+](C3)Cc4nc(no4)c5ccc(cc5)C(C)(C)C,0,1,-9.5,29.21958637
327,Cc1ccn2c(c1)[nH+]c(c2NC3CCCCC3)c4ccccc4OC(=O)C5CCC5,0,1,-7.2,15.16080928
328,CC[C@@H](C)[C@H]1C(=O)N(C2([NH2+]1)CCN(CC2)S(=O)(=O)c3cccc(c3Cl)Cl)Cc4ccccc4,0,1,-7.8,19.0381732
329,CCc1c(c(n(n1)c2ccccc2)Oc3cccc(c3)OC)C[NH+](CC4CC4)C[C@@H](COC(C)C)O,0,1,-6.8,42.78791833
330,Cc1ccccc1/[NH+]=c\2/n(c(cs2)c3ccc(cc3)OC)CCc4ccc(c(c4)OC)OC,0,1,-6.8,24.31138277
331,CCN(CC)c1cc([nH+]c(n1)C)Nc2ccc(cc2)NS(=O)(=O)c3cc(ccc3Cl)Cl,0,1,-9.4,16.77603626
332,c1cc(c(cc1Oc2nccs2)Cl)N,0,1,-6.5,4.526248455
333,Cc1ccccc1C[NH+]2CCC(CC2)CNC(=O)c3cc4ccc5cccnc5c4[nH]3,0,1,-9.8,15.00540304
334,Cc1cc([nH]n1)C(=O)Nc2cc(c[nH]c2=O)C(F)(F)F,0,1,-8,5.933715105
335,c1ccc2c(c1)cnn(c2=O)Cc3cc(ccc3Cl)N,0,1,-8.9,6.016735315
336,Cc1cc(c(cc1Nc2c(c(nc[nH+]2)N(C)c3ccccc3)N)Cl)[C@@H](C#N)c4ccc(cc4)Cl,0,1,-9.7,25.32499957
337,C[C@@H]1CN(CC(O1)(C)C)C(=O)c2c(c([nH]n2)C(C)C)N,0,1,-8,5.791790962
338,Cc1ccc(cc1)[C@H](CNC(=O)c2cnc(nc2Cl)SCc3ccc(cc3)F)[NH+]4CCCC4,0,1,-9.3,26.25287151
339,c1cc(c(c(c1)Cl)C[NH+]2CCC[C@@H](C2)C(=O)Nc3ccc(cc3F)F)Cl,0,1,-8.3,10.81825328
340,CC1(CCC[C@]2([C@H]1CC[C@]([C@H]2C[C@](C)(C=C)O)(C)O)C)C,0,1,-7.7,7.057374954
341,C[C@@H]1CCC[C@H](C1)NC(=O)c2ccc(cc2Br)F,0,1,-8.7,4.672545195
342,c1ccc(c(c1)[C@H]2CC(=Nc3n2c4ccccc4[nH+]3)c5cccc(c5)Br)OC(F)F,0,1,-9.5,12.34838486
343,Cc1c(cccc1Cl)NC(=S)N(Cc2ccc(cc2)F)C3CC([NH2+]C(C3)(C)C)(C)C,0,1,-8,15.03105521
344,Cn1c(cc(n1)C2CCCC2)[C@H]3C[NH+]4CC[C@@H]3C[C@@H]4CNC(=O)Nc5ccccc5,0,1,-7.5,14.26643324
345,c1cc(ccc1[C@H]2N3[C@@H](CS2)C(=O)N(C3=S)c4ccc(cc4)Cl)Br,0,1,-7.1,6.788753748
346,COc1ccc2=[NH+][C@H]3[C@@H](N(CCC3=c2c1)C(=O)Nc4cccc(c4)F)c5ccc(cc5)F,0,1,-7.6,11.30603051
347,CCN(CC)c1ccc2c(c1)Oc3ccc(cc3[C@@]24c5ccccc5C(=O)O4)Nc6cccc(c6)Cl,0,1,-8.4,14.61614442
348,Cc1cc[nH+]c(c1)N[C@@H](c2ccc(cc2)C(C)(C)C)c3ccc4cccnc4c3O,0,1,-9.2,14.93569589
349,CCCCCCN([C@H](c1cc(ccc1Cl)[N+](=O)[O-])C(=O)NCCCC)C(=O)CNC(=O)c2ccccc2,0,1,-9,41.10466719
350,c1ccc2=[NH+]CC(=c2c1)CCNC(=O)[C@H]3C=C4[NH+]=C(C=C(N4N3)C(F)(F)F)c5ccc(cc5)F,0,1,-9.5,22.31273651
351,CC(C)c1ccc(cc1)C2=NC(=CC3=c4ccccc4=[NH+][C@H]32)C(=O)NCc5ccccc5,0,1,-9.5,15.5359962
352,Cc1ccsc1CNC(=O)[C@H]2CN(CC23CC[NH2+]CC3)C(=O)c4ccc(o4)c5ccc(cc5)F,0,1,-8.6,22.1173954
353,c1ccc2c(c1)CC[C@H](C2)Nc3ccc4c(c3N)ncs4,0,1,-8.5,5.82199049
354,Cc1cc([nH+]c2c1cc(cc2)NC(=O)CCC(=O)Nc3ccc(cc3Cl)F)N4C[C@H](C[C@@H](C4)C)C,0,1,-10.6,23.58276916
355,Cc1c(sc(n1)Nc2ccc(cc2Cl)F)C(=O)C,0,1,-8.1,5.744184732
356,CCOCCn\1c2ccc(cc2s/c1=N\C(=O)CCCSc3ccc(cc3)Cl)S(=O)(=O)N,0,1,-8.2,28.17541814
357,Cc1ccc(o1)[C@H](C)[NH2+]Cc2cc(c(c(c2)Br)OC)Br,0,1,-7.5,7.327801943
358,Cc1c(sc(n1)N)C(=O)N[C@@H]2CCC[C@@H](C2)C,0,1,-7.5,4.896078825
359,CC1=CC(=C)NC(=O)[C@H]1C2=CC(=NCCN2)C(F)(F)F,0,1,-8.9,4.9961133
360,CCCCSc1nc2n(n1)[C@@H](C(=C(N2)C)C(=O)Nc3ccc(cc3)C)c4ccc(cc4Cl)Cl,0,1,-8.3,22.70927596
361,c1ccc(cc1)[C@@]2([C@@H]3[C@H]4C[C@H]5[C@@H]3[C@]6([C@@H]2[C@@H]4[C@@H]5[C@@H]6Br)O)O,0,1,-8.7,4.805770636
362,C[C@@H](c1ccc(cc1)NS(=O)(=O)C)[NH2+]Cc2ccc(o2)c3ccc(cc3)C(F)(F)F,0,1,-8.7,17.78938293
363,Cc1ccc(cc1)N\2C(=O)[C@H](S/C2=C(\C#N)/C(=O)Nc3ccc(cc3)Cl)Cc4ccccc4Cl,0,1,-7.7,22.33281231
364,Cc1cccc(c1)C[NH+]2CCC(CC2)CNC(=O)c3cc4c(n3C)c5ccccc5[nH]c4=O,0,1,-9.3,17.37841415
365,CC[NH+](CC)c1ccc(cc1)NC(=O)CSc2nc([nH]n2)N/N=C/c3cccc(c3)Oc4ccccc4,0,1,-9.4,41.03710365
366,Cc1c(sc(n1)c2ccc(cc2)Cl)C(=O)NC3CC([NH2+]C(C3)(C)C)(C)C,0,1,-7.8,11.31121469
367,c1cc(ccc1CNC(=O)c2c(nccn2)C(=O)Nc3ccc(cc3)SC4CCCC4)F,0,1,-10,24.3649137
368,Cc1cc(c2ccc(cc2n1)F)C(=O)Nc3ccc(cc3)S(=O)(=O)/N=C/4\CCCCCN4,0,1,-10.3,16.044348
369,CC(C)(C#Cc1ccc(cc1)C[NH+]2CCC3(CC2)C[C@H]3C(=O)NCCC4=CCCCC4)O,0,1,-7.6,32.23121834
370,C[C@@H](CC(=O)N1CCC2(CC1)[NH2+][C@H](CS2)C(=O)NCc3cccc(c3)C(F)(F)F)CC(C)(C)C,0,1,-7.8,23.58106112
371,C[NH2+][C@H](c1ccc(c(c1)Br)OC)c2ccc(cc2Cl)Br,0,1,-7.2,6.405394793
372,Cc1cccc(n1)Cn2cnc3c(c2=O)c4c(s3)C[C@@H](CC4)NC5c6ccccc6-c7c5cccc7,0,1,-9,19.47784662
373,COc1ccccc1/C=C/c2c(n3cccc(c3[nH+]2)OCc4ccccc4)NC5CCCCC5,0,1,-10,24.30340171
374,COc1ccc(cc1)[C@H](C(=O)Nc2ccc(cc2)OC)N(Cc3ccco3)C(=O)CC4=c5ccccc5=[NH+]C4,0,1,-7.1,46.78551912
375,C/C(=C/C(=O)NC1(CC1)c2ccc(c(c2)Cl)Cl)/C3CC3,0,1,-9.2,6.38337779
376,COc1ccc2ccccc2c1/C=N/N3[C@@H](N=[NH+]C3=S)c4ccc(cc4Cl)Cl,0,1,-7.2,11.98169804
377,Cc1ccc2=[NH+]CC(=c2c1)CCN3C[C@H](CC3=O)C(=O)N[C@@H]4Nc5c(cccc5S4)C,0,1,-9.6,16.2007134
378,Cc1cc(c(cc1Cl)C)S(=O)(=O)NC[C@@H](c2ccc(cc2)N(C)C)[NH+]3CCCC3,0,1,-10.9,18.51600909
379,C[C@H](C/C(=C(/C#N)\C(=O)Nc1ccccc1Cl)/[O-])C(C)(C)C,0,1,-8,9.171382189
380,c1cc(ccc1[C@@H](CO)Nc2ccc(cc2)Br)Cl,0,1,-7,6.508309126
381,Cc1ccc(cc1)[C@@H](c2cc(sc2NC(=O)c3ccccc3)C)Nc4cc(cc[nH+]4)C,0,1,-7.9,20.13826013
382,CN(c1cccc(c1)F)c2ccc(cc2N)F,0,1,-7.9,4.534165144
383,Cc1cccc(c1NC(=S)N(CCCn2cc[nH+]c2)Cc3ccccc3Cl)Cl,0,1,-8.3,17.15051389
384,CC(C)[C@@H](C[NH+](CCCOC)CC(=O)N(CCc1c[nH]c2c1cccc2)Cc3ccc(cc3)C(C)(C)C)O,0,1,-9.3,53.86625719
385,Cc1c(n2ccccc2n1)[C@@H]3NC(=Nc4n3c5ccccc5n4)N,0,1,-7.9,6.781466007
386,c1ccn2c(c1)nc(c2N)c3cccc(c3)Br,0,1,-8.2,4.442194223
387,c1ccc(cc1)C[C@@H](C[NH+](Cc2ccco2)Cc3[nH]c(=O)c4c5c(sc4n3)CCCC5)O,0,1,-8.7,23.4827733
388,c1ccc(c(c1)C[NH2+]C2C3CC4CC(C3)CC2C4)OCc5ccc(cc5)F,0,1,-9.8,13.57417512
389,CCc1ccc2c(c1)cc(c(=O)[nH]2)[C@H](c3nnnn3C(C)(C)C)[NH+](Cc4ccccc4)Cc5ccc(cc5)F,0,1,-9.1,35.23265886
390,c1ccc(c(c1)C(=O)NC2CCCCC2)NC(=O)[C@@H]3CCC[NH+](C3)Cc4ccc(cc4)Br,0,1,-9.2,20.73517203
391,Cc1cccc2c1[nH]c(cc2=O)CSc3ccccc3NC(=O)c4cccc(c4)Cl,0,1,-10.1,15.13254738
392,c1cc(cc(c1)NC(=O)c2ccc(cc2Cl)Cl)C(=O)Nc3ccc(c(c3)Cl)F,0,1,-10.9,15.1885581
393,c1ccc(cc1)[C@H]2CC[C@@H](C[NH+]2Cc3ccc(cc3F)F)C(=O)NCc4cccc(c4)C(F)(F)F,0,1,-10.9,21.60400367
394,C[C@H](c1ccccc1N[C@H](c2cccs2)C(C)C)O,0,1,-7.7,6.773104191
395,CC1(Cc2c(sc3c2c(nc(n3)SC)NNC(=O)c4ccccc4Br)CO1)C,0,1,-7.3,14.91838503
396,Cc1c(c2c(s1)ncn(c2=O)[C@H](C)C(=O)Nc3ccc(cc3)Cl)c4ccc(cc4)Br,0,1,-7.9,14.63767385
397,C[C@@H]1C[C@H](CN(C1)C(=O)CN2CC[NH+](CC2)CC(=O)N[C@@H](c3ccc(cc3)F)c4cccs4)C,0,1,-9.4,26.18722057
398,Cc1cc(ccc1[C@@H](C)Oc2cc(sc2C(=O)N)c3cnc4n3cccc4)C[NH2+]C(C)(C)C,0,1,-8,20.87995076
399,C[C@H]1CC[C@@H]([C@@H](C1)OC(=O)CSc2[nH]c3ccccc3n2)C(C)(C)C,0,1,-8.5,11.11798239
400,c1ccc(cc1)[C@@H]([C@H]2c3cccc4c3c(ccc4)C2=O)Nc5ccccc5,0,1,-10.3,8.652791262
401,Cn1c(nnn1)SCC[NH2+]Cc2cc(ccc2OCc3ccc(cc3Cl)Cl)Br,0,1,-11.2,21.95470142
402,c1ccc(cc1)[C@@H](c2cccs2)NC(=O)[C@@H]3CCC=CC3,0,1,-8.4,7.162489891
403,CCc1ccccc1N/C(=N\C(=O)c2ccccc2C)/NCCC3=c4ccccc4=[NH+]C3,0,1,-8.1,16.23858476
404,Cc1c(cccc1Cl)N2[C@@]3(c4ccccc4[C@H](S3)c5ccccc5)SC(=N2)C(=O)C,0,1,-8.2,11.02532387
405,c1ccc(cc1)CNC(=O)c2ccc(o2)C[NH+](Cc3ccccc3)Cc4ccc(cc4)C(F)(F)F,0,1,-9.8,32.21097922
406,Cc1cccc(c1)S(=O)(=O)[C@H]2c3c(nc4ccccc4n3)N([C@H]2N)/N=C/C5=c6ccccc6=[NH+]C5,0,1,-9,22.98735309
407,CC[NH2+][C@@H](c1ccc(o1)Br)c2cc(sc2Br)Br,0,1,-6.7,5.264967203
408,CC1(CC(CC([NH2+]1)(C)C)NC(=O)Cc2csc3n2cc(n3)c4ccc(cc4)F)C,0,1,-8.1,14.34926629
409,Cc1ccc(c(c1)Br)NC(=O)[C@H](C)[NH+]2CCN(CC2)C/C=C/c3ccccc3,0,1,-7.4,14.56165504
410,CCCSc1ccc(c(c1)NC(=O)C[NH+](CC)CC(=O)Nc2c(cccc2Cl)Cl)[N+](=O)[O-],0,1,-7.2,28.50375986
411,c1ccc(c(c1)Sc2ccc(c3c2cccn3)N)Cl,0,1,-8.6,5.237864494
412,c1ccc(cc1)C2=c3cc(ccc3=[NH+]C(=O)[C@@H]2Nc4ccc(cc4)Cl)Cl,0,1,-8.6,5.327262402
413,CC(C)CCSc1nnc2n1c3c(c4c(s3)C[NH+](CC4)Cc5ccccc5)c(=O)n2c6ccccc6,0,1,-9.5,21.70285368
414,C[C@@H]1CCCc2c1c(c(c(c2c3ccc(cc3)C(C)C)C#N)N)C#N,0,1,-8.2,10.10088277
415,c1ccc(cc1)CSc2ncc(c(n2)Cl)C(=O)NC[C@@H](c3cccs3)[NH+]4CCCC4,0,1,-8.1,19.83961678
416,Cc1ccc(c(c1)F)NC(=S)Nc2ccc(cc2C)Cl,0,1,-8.3,6.806875706
417,Cc1cc(n(n1)C(C)(C)C)C(=O)N2C[C@@H](C3(C2)CC[NH2+]CC3)C(=O)NC[C@H](c4ccc(cc4)OC)[NH+](C)C,0,1,-9.5,32.91225648
418,CCC[NH2+][C@@H](C)c1ccc(s1)c2c(cc(cc2Cl)Br)Cl,0,1,-6.8,7.643010616
419,CCN(CC)c1ccc(cc1)[C@H]2C3=C(C[C@@H](CC3=O)c4ccc(cc4)C)Nc5ccccc5N2,0,1,-9,15.25861645
420,Cc1ccccc1C[NH+]2CCC[C@@H](C2)C(=O)NC34CC5CC(C3)CC(C5)C4,0,1,-7.5,11.64382601
421,CC1(CC[C@@H](c2c1cccc2)Nc3cccc(c3)Cl)C,0,1,-8.9,4.568470001
422,c1ccc2=N/C(=N\S(=O)(=O)c3cccc(c3)Cl)/[C@H]([NH+]=c2c1)Nc4cc(cc(c4)Cl)Cl,0,1,-8.4,14.01810122
423,c1cc(cc(c1)Cl)c2nc([nH]n2)SCc3ccc(c(c3)Cl)Cl,0,1,-8.9,8.006850958
424,Cc1ccc(c(c1)NC(=S)N(Cc2ccccc2F)C3CC([NH2+]C(C3)(C)C)(C)C)Cl,0,1,-7.9,15.97928524
425,CCOc1ccc(cc1OCC)C(=O)/N=C(/NCCC2=c3ccccc3=[NH+]C2)\Nc4ccc(cc4)F,0,1,-8.1,27.79592919
426,Cc1cc(cc(c1)NC(=O)[C@@H]2[C@H]3C=C[C@@]4([C@@H]2C(=O)N([C@@H]4C(=O)N[C@@H]5CCC[C@@H]([C@@H]5C)C)CCC[NH+](C)C)O3)C,0,1,-7.6,33.05631495
427,CC[NH+]1CCc2c(sc(c2CNC(=O)Nc3ccccc3Cl)n4cccc4)C1,0,1,-6.7,15.25212502
428,Cc1ccc(cc1)N/C(=N\C(=O)c2ccc(cc2)Br)/NCCC3=c4ccccc4=[NH+]C3,0,1,-8.7,15.81604862
429,C[C@@H]1CC(=O)Nc2ccccc2N1C(=O)C[NH+](C)[C@@H](C)C(=O)Nc3ccc(cc3C(F)(F)F)Cl,0,1,-9.4,20.37890387
430,CN(c1cccc(c1)F)c2ccc(cc2F)C(=S)N,0,1,-8.1,5.850019455
431,c1ccc2=[NH+]CC(=c2c1)CCNC(=O)c3ccccc3NC(=O)c4ccc(cc4)Cl,0,1,-10.1,19.99604177
432,CC(C)(C)CC(C)(C)NC(=O)[C@H](C(c1ccccc1)c2ccccc2)N(Cc3ccco3)C(=O)c4ccco4,0,1,-8.4,46.02849126
433,CCC[NH2+][C@H](c1ccc(cc1Br)F)c2cc(ccc2Br)Br,0,1,-7.6,7.177252531
434,Cc1c(nn(c1C)c2c3ccccc3ncc2C(=S)N)C,0,1,-8.4,6.588064909
435,C[C@H](C12CC3CC(C1)CC(C3)C2)NC(=O)C(=O)Nc4ccc(c(c4)F)F,0,1,-8.2,9.466384411
436,Cc1ccc(cc1C)N[C@@H]2c3ccccc3NC2=O,0,1,-9,4.302172899
437,C[C@@H](c1ccc(cc1F)F)NC(=O)Nc2cccc(c2)Cl,0,1,-9.3,6.460366488
438,CCC[NH2+][C@@H](c1ccc(c(c1)Br)OC)c2cc(cnc2)Br,0,1,-7.4,8.298793077
439,CCc1cccc(c1NC(=O)[C@H](CC)S[C@@H]2[NH+]=c3cccnc3=[NH+]2)C,0,1,-7,12.55567265
440,CCOc1cc(cc(c1OCc2ccc(cc2)Cl)CC=C)/C=N/NC(=O)Cc3csc(n3)N,0,1,-8.6,29.57074142
441,CC[C@H](C)NC(=O)c1ccccc1NC(=O)C2CC[NH+](CC2)Cc3c(cccc3Cl)F,0,1,-8.4,19.42097902
442,C[C@@H]1C[C@H](C[NH+](C1)Cc2ccccc2CNC(=O)Cn3c4ccccc4c(=O)c5c3cccc5)C,0,1,-11.6,21.61270094
443,c1ccc(cc1)[C@@H](c2cccs2)NC(=O)C[NH+]3CCN(CC3)C(=O)c4cccs4,0,1,-9.3,15.87772107
444,CCONC[C@@H](c1ccc(cc1)c2ccccc2)N3CC[NH2+][C@@H](C3)S(=O)(=O)Oc4ccccc4,0,1,-8.9,35.63100719
445,c1ccc(cc1)COC(=O)N[C@@H](CC2=c3ccccc3=[NH+]C2)C(=O)NC4CCCCCC4,0,1,-9.5,22.37088346
446,c1cc(ccc1SCC(=[NH2+])NS(=O)(=O)c2cc(cc(c2)Cl)Cl)Cl,0,1,-7.7,11.5187211
447,Cc1cc(ccc1Br)/N=C\2/NC(CS2)(C)C,0,1,-7.4,3.564217567
448,c1ccc(c(c1)NC(=O)NCc2cccn2Cc3cccc(c3)F)Br,0,1,-8.1,10.81215763
449,CC[C@H](c1c2c(sc1n3cccc3)C[NH+](CC2)CC)NC(=O)Nc4cc(c(cc4OC)OC)Cl,0,1,-6.1,30.5676353
450,C[C@@]12CC[C@@](C1(C)C)(CC2=O)C(=O)Nc3cccc(c3Cl)Cl,0,1,-8.2,6.076864243
451,C[C@H]1CCCC[C@H]1OCc2ccc(cc2F)C(=S)N,0,1,-7.5,7.045516729
452,c1ccc2=[NH+]CC(=c2c1)C[C@@H](C(=O)Nc3ccc(cc3)CC#N)NC(=O)c4ccccc4Cl,0,1,-10.1,33.31691909
453,C/C=C/C=C/C=C\C(=O)N[C@H]([C@H](C)[NH3+])C(=O)O[C@@H]([C@@H]1C(=O)NCC(=O)N1)C2=C3C=CC(=C[C@@H]3N=C2)Cl,0,1,-6.8,38.60207725
454,CC[NH2+][C@@H](c1cccc(c1)OC(F)F)c2cc(sc2Br)Br,0,1,-8.2,8.735307932
455,C[C@@H]1CCC2=C3C(=NC(=NC3=O)[C@@H](C)Nc4cc(ccc4Sc5ccccc5)Cl)S[C@@H]2C1,0,1,-9.8,16.36739922
456,CCc1ccc(cc1)[C@@H](C)NC(=O)[C@H]2CN(CC23CC[NH2+]CC3)C(=O)COc4cccc(c4)Cl,0,1,-9.4,21.7547636
457,Cc1ccc(cc1)[C@H](c2cccs2)NC(=O)CN3C(=O)[C@@](NC3=O)(C)c4ccc(cc4)C(C)(C)C,0,1,-8.6,25.20483088
458,CCCCC[C@@H](C(=O)NC1CCCCC1)N(Cc2ccco2)C(=O)[C@H]3CCCN3C(=O)OCc4ccccc4,0,1,-7.7,47.71175575
459,CC1(CC2=C([C@H](C(=C3N2c4ccccc4C(=[NH+]3)N)C#N)c5cccc(c5)Cl)C(=O)C1)C,0,1,-9.6,16.57093716
460,Cc1cc(c(cc1Br)Br)S(=O)(=O)NC(C)C,0,1,-6.7,4.637166977
461,CCc1ccc(s1)[C@H]2C3=C(C[C@H](CC3=O)c4ccc(c(c4)OC)OC)Nc5ccccc5N2,0,1,-6.8,17.21488404
462,Cc1cc[nH+]c(c1)N[C@@H](c2ccccc2Cl)c3c4c(sc3NC(=O)c5ccco5)CCCC4,0,1,-7.6,18.62939334
463,CCOc1ccccc1NC(=O)Nc2cc(cc3=C([C@H]([NH+]=c32)C(=O)N4CCOCC4)c5ccccc5)C,0,1,-7.7,32.1017592
464,Cc1c(ccc2c1nc(s2)NC(=O)c3ccc(cc3)C(C)(C)C)Cl,0,1,-7.5,9.695775509
465,CCc1c(c2c(ncnc2s1)N)c3ccc(cc3)Br,0,1,-7.3,6.389271975
466,Cc1c(nc(s1)C)[C@@H](C)Nc2c(ccc3c2ncs3)Cl,0,1,-7.7,6.065854311
467,Cc1ccccc1CSc2nc3n(n2)[C@H](C4=C(N3)CC(CC4=O)(C)C)c5cccc(c5)Br,0,1,-10.8,15.17448616
468,C[C@H]([C@@H](c1cc(cs1)Br)N(C)Cc2ccc(s2)Cl)[NH3+],0,1,-6.6,7.885274887
469,Cc1ccc(c(c1)C)NC(=O)C2=C(N=C3N([C@H]2c4ccc(cc4)Cl)C(=CS3)/C=C(/NC(C)C)\[O-])C,0,1,-8.9,24.69138432
470,Cc1ccc(cc1)NC(=O)C2=C(Nc3nnnn3[C@@H]2c4ccccc4OCc5ccc(cc5Cl)Cl)C,0,1,-8,27.27437615
471,CC1=C([C@@H](n2c(=O)/c(=C/c3c(cccc3Cl)F)/sc2=N1)c4ccccc4Cl)C(=O)OCCOC,0,1,-6.5,23.48729658
472,c1cc(c(c(c1)Sc2cc(ccc2Cl)Cl)N)F,0,1,-7.8,5.472645521
473,CC[C@@H](c1ccccc1)C(=O)Nc2ccc(cc2)n3c(nc(n3)OCC(C)C)c4ccc(cc4)C(F)(F)F,0,1,-9.8,31.27816486
474,Cc1csc(n1)NC(=O)c2cc3cc(ccc3o2)Br,0,1,-7.8,5.362422466
475,c1ccc(cc1)n2nc3ccc(cc3n2)NC(=O)c4cccc(c4)I,0,1,-8.8,8.307294607
476,Cc1ccc2c(c1)c(cc(n2)N/N=C(/C)\c3ccccn3)C,0,1,-8.9,6.381966829
477,COC(=O)c1cc(sc1NC(=S)Nc2ccc(cc2Cl)Br)c3ccccc3,0,1,-7.9,15.45275736
478,c1cc(sc1)[C@H](c2ccc3c(c2)[nH]c(=O)[nH]3)Cl,0,1,-8,4.199144363
479,C[C@H](c1ccc(cc1)NC(=O)c2ccc(cc2)F)NC(=O)c3cc(ccc3F)Cl,0,1,-9.9,12.85023928
480,CC(C)CC[NH+](Cc1[nH]c(=O)c2c(csc2n1)c3ccccc3F)C[C@H](C(C)C)O,0,1,-9.2,21.54636788
481,CC1([C@@H]2CC[C@@](C2)(C1=C)C(=O)Nc3cc(ccc3F)F)C,0,1,-9.2,5.330701828
482,C[C@H](c1ccc(c(c1)Br)OC)Nc2ccc(c(c2)Cl)C#N,0,1,-7.7,7.810193062
483,CCOc1ccc(cc1OCC)C2=N[NH+]=C(Nc3c2cccc3)c4ccc(cc4)C,0,1,-7.4,12.61091661
484,c1cc(cc(c1)Br)c2nc3c(s2)CCN3,0,1,-7.4,3.376780987
485,C[C@@H](c1cccc(c1)N)N(C)C(=O)c2ccc(cc2F)Br,0,1,-7.7,7.081800461
486,CC[C@@H]1CCCC[NH+]1CCCNC(=O)CN2c3ccccc3S/C(=C/c4ccc(cc4)C)/C2=O,0,1,-7.4,25.4258039
487,Cc1ccccc1NC(=O)C2=C([NH+]=C3N=C(NN3[C@@H]2c4ccccn4)SCc5ccccc5)C,0,1,-8.6,19.46754456
488,Cc1nc(cc(n1)[C@H]2C[NH+]3CC[C@H]2C[C@@H]3C[NH2+]Cc4ccc(o4)CO)c5ccccc5,0,1,-8.5,22.23852539
489,Cc1cc(c(c(c1)C)c2csc(n2)NC(=O)C[NH+](C)CC(=O)Nc3c(cc(cc3C)C)C)C,0,1,-6.7,23.3008821
490,c1ccc(c(c1)CNC(=O)CCCNC(=O)N2CCC3=c4cc(ccc4=[NH+][C@@H]3C2)Cl)Cl,0,1,-9.8,16.86422539
491,CCc1ccc(cc1)[C@H](C)NC(=O)[C@@H]2CN(CC23CC[NH2+]CC3)C(=O)c4cc(c(c(c4)Cl)OC)Cl,0,1,-7.4,24.31403828
492,CC[NH+]1CCc2c(sc(c2[C@@H](C)NC(=O)Nc3ccc(c(c3)C)C)n4cccc4)C1,0,1,-7.6,16.0824697
493,CC(C)CCNC(=O)[C@H]1CS[C@@H](N1C(=O)c2ccc(cc2Cl)Cl)c3ccc(cc3)F,0,1,-6.8,15.43524694
494,C[C@H]1CN/C(=N\c2cc(ccc2Cl)Cl)/S1,0,1,-6.9,3.785176754
495,CC(=O)Nc1ccc(cc1)S(=O)(=O)/N=C\2/[C@@H]([NH+]=c3ccccc3=N2)Nc4ccc5ccccc5c4,0,1,-9.2,20.47751427
496,c1ccc(cc1)C[NH+]2[C@H](CCC[C@@]23CCC[C@@H](C3)Cl)S(=O)(=O)Oc4ccccc4,0,1,-8.6,13.66962242
497,C[C@@H](c1ccc(s1)Cl)NC(=O)c2cc(ccc2I)Br,0,1,-7.2,6.446640253
498,CN1[C@@H]\2CC[C@H]1C(=Cc3ccc[nH]3)C(=O)/C2=C/c4ccc[nH]4,0,1,-6.8,5.88804388
499,Cc1c(sc(c1[C@@H](c2ccncc2)Nc3cccc[nH+]3)NC(=O)c4ccccc4)C,0,1,-7.3,15.94932985
500,CC1=C2[C@H](C3=C(CC(CC3=O)(C)C)N=C2N(N1)c4nc5ccccc5s4)c6ccc(cc6)Cl,0,1,-8.3,13.56462479
501,C[NH2+][C@H](c1ccc(s1)c2ccc(cc2Cl)Br)C3CC3,0,1,-6.5,6.252109766
502,CC[NH+]1[C@@H](N=c2c(=C1SCC(=O)Nc3c(cc(cc3C)C)C)cc(s2)C)C,0,1,-6.5,12.55599999
503,Cc1ccc(cc1)CN(Cc2ccco2)C(=S)NC3CC([NH2+]C(C3)(C)C)(C)C,0,1,-6.9,15.53714824
504,CCc1cccc2c1[nH]c3c2C[C@@H](CC3)NC(=O)[C@@H]4CCC=CC4,0,1,-8.4,7.150407076
505,CC1(CC2=C([C@H](Nc3c2c4ccccc4cc3)c5cn(c6c5cccc6)Cc7ccccc7Cl)C(=O)C1)C,0,1,-9.2,16.80330181
506,Cc1ccc(c(c1)Br)NC(=S)NC,0,1,-6.2,3.527429581
507,C[C@H](c1cccc(c1)Cl)Nc2c(cccn2)Br,0,1,-7.9,4.76253581
508,C[C@@H](c1cccc(c1)Cl)Nc2cc(c(cc2Cl)Cl)Cl,0,1,-8.4,5.164503336
509,Cc1c(c(n(n1)c2ccc(cc2)NC(=O)Nc3cccc4c3cccc4)C)Br,0,1,-10.7,15.01744652
510,c1ccc2c(c1)NC(=O)[C@@H](S2)CC(=O)Nc3ccc(cc3)I,0,1,-8.1,8.41113162
511,c1cc(c(cc1Br)Cl)CNC(=O)c2cnccn2,0,1,-6.8,5.66102767
512,COc1ccc(cc1)[C@H](CNC(=O)c2cccc(c2)S(=O)(=O)NCC=C)C3=c4ccccc4=[NH+]C3,0,1,-9.9,39.81655908
513,c1ccc2c(c1)-c3c(c(no3)C(=O)Nc4ccccc4Cl)CS2,0,1,-8,6.574452639
514,Cc1cccc(c1OC)C(=O)N[C@H](C)C23CC4CC(C2)CC(C4)C3,0,1,-6.8,8.277270317
515,C[C@@H]1CCC[C@@H]([C@@H]1C)NC(=O)Nc2ccc(nc2)Cl,0,1,-8.1,5.309381008
516,CCOc1cc(ccc1OCc2ccccc2)C[NH2+]C34CC5C[C@@](C3)(C[C@](C5)(C4)C)C,0,1,-9.2,16.29521418
517,c1cc(cc(c1)Br)[C@@H]2c3c([nH]nc3C(=O)N2CCCn4cc[nH+]c4)c5ccc(cc5)Cl,0,1,-7.9,17.41424346
518,C[C@H](c1ccccc1Cl)N2CC[NH+](CC2)[C@@H](C)C(=O)Nc3ccccc3OC(F)F,0,1,-6.3,18.62856793
519,CC(C)CCN[C@@H]1/C(=N/S(=O)(=O)c2cc(ccc2Cl)Cl)/[NH+]=c3ccccc3=[NH+]1,0,1,-8.6,14.57331038
520,Cn1c2ccccc2nc1[C@@H](c3ccccc3)NC(=O)c4ccc5c(c4)CCC5,0,1,-9.1,12.37578654
521,C[C@H](C(=O)Nc1ccc(cc1Cl)C(F)(F)F)Cl,0,1,-7.3,4.584068298
522,C[C@H]1C/C(=N\NC(=O)N)/[C@H]2CCCC[C@@H]2S1,0,1,-7.5,3.610384703
523,Cc1ccc(cc1F)N[C@H]2/C(=N/S(=O)(=O)c3ccc(cc3)F)/[NH+]=c4ccccc4=[NH+]2,0,1,-8.4,13.96144772
524,CC(C)[C@H]1CC[C@]2([C@@H](O2)CC[C@@]3([C@@H]([C@@H]1O)O3)C)C,0,1,-6.7,3.658183098
525,C[C@H]1CC[C@H]([C@@](C1)(C#N)NCc2cccs2)C(C)C,0,1,-7.1,5.999363184
526,CC1(CC2=C([C@H](C(=C(N2c3ccc(cc3)Br)N)C#N)c4cccc(c4)[N+](=O)[O-])C(=O)C1)C,0,1,-7,16.0031693
527,Cc1ccc(cc1)n2c(nnc2SCC(=O)N/N=C/c3cc(c(c(c3)OC)OC)OC)c4ccc(cc4)C(C)(C)C,0,1,-8.6,44.81934166
528,C[C@@H]1CCC[C@@H](C1)NS(=O)(=O)c2c(ccs2)Br,0,1,-7.2,5.000527382
529,C=CCC[C@H](C[NH+](CC1CC1)CC(=O)N2CCc3c(ccs3)[C@@H]2COc4ccccc4F)O,0,1,-8.3,30.98317552
530,Cc1cc(cc(c1)Cn2c3cc(ccc3cn2)N)C,0,1,-8.4,5.343192339
531,CNC(=S)N/N=C/1\c2ccccc2-c3c1cc(cc3)N,0,1,-7.9,6.54282093
532,Cc1c(c([nH]c1C(=O)[C@H](C)NC[C@H](c2ccccc2)C3=c4ccccc4=[NH+]C3)C)C(=O)C,0,1,-10.6,20.28616571
533,CCOC(=O)CCn\1c2ccc(cc2s/c1=N\C(=O)c3cc(sc3Cl)Cl)S(=O)(=O)N,0,1,-6.6,16.9085784
534,Cc1ccc(cc1)S(=O)(=O)/N=C\2/[C@H]([NH+]=c3ccccc3=N2)Nc4cc(cc(c4)Cl)C,0,1,-8.1,14.64278698
535,Cc1cc(cc(c1C)S(=O)(=O)Nc2cc3c(c4c2cccc4)oc(=O)s3)C(C)(C)C,0,1,-10.1,11.19349957
536,Cc1ccc2c(c1)CCCN2c3c(cc(cc3F)N)F,0,1,-8.5,5.545076847
537,CC(=O)C1=NN([C@]2(S1)c3ccccc3[C@@H](S2)c4ccc(cc4)Cl)c5ccc(cc5)Cl,0,1,-8.1,12.25261068
538,c1ccc(cc1)/C=C/C[NH+]2CCN(CC2)c3csc4ccccc4c3=O,0,1,-8.4,9.403811693
539,Cc1c(nc(s1)C)[C@@H](C)[NH2+][C@@H]2CCCC[C@@H]2C(C)(C)C,0,1,-7.7,6.585853815
540,CCCN(CC1CC1)C(=O)CS[C@H]2NN=C(N2c3ccccc3C)C4=c5ccccc5=[NH+]C4,0,1,-8.8,23.82623482
541,C1CCC(CC1)NC(=O)C23C[C@H]4C[C@@H](C2)CC(C4)(C3)Cl,0,1,-8.9,4.697323561
542,CC[NH2+][C@@H](c1ccc(cc1)C(C)C)c2cc(sc2Br)Br,0,1,-7.6,6.966365337
543,COC(=O)[C@@H]1C[C@@H](CN1C2Cc3ccccc3C2)NC(=O)[C@@H]4C(=c5cc(ccc5=[NH+]4)Cl)c6ccccc6,0,1,-8.4,29.75637674
544,c1cc(sc1)/C=C/c2[nH]nc(n2)SCC(=O)Nc3nc(cs3)c4cc(ccc4F)F,0,1,-8.5,21.1920259
545,C[C@@H]1c2c(sc(n2)NC(=O)CC(C)(C)C)C[C@]3([C@H]1[C@H]([C@@H](CC3)[C@H](C)C(=O)NCC[NH+]4CCOCC4)O)C,0,1,-7,32.58370924
546,C=CCn1c(=O)c2ccccc2nc1S[C@@H]3C(=c4cc(ccc4=[NH+]C3=O)Cl)c5ccccc5,0,1,-8.1,20.30550122
547,c1cc2c(cc1Br)c3c([nH]2)CC[C@@H](C3)NC(=O)[C@@H]4CCC=CC4,0,1,-7.5,6.489243031
548,CCN(c1cccc2c1cccc2)c3c(c([nH+]cn3)Nc4ccc(cc4)OC(F)(F)F)N,0,1,-8.8,17.89187217
549,c1cc2c(cn[nH]2)c(c1)N[C@H]3CCCSC3,0,1,-7.5,3.947323561
550,Cc1ccc(c(c1)Br)NC(=O)C[NH+](C)CC(=O)N2c3ccccc3NC(=O)C[C@@H]2C,0,1,-9.3,13.74879551
551,C[C@@H](c1nnc(n1c2ccc(cc2)F)S[C@@H](C)C(=O)Nc3ccc(cc3F)Cl)[NH+](C)C,0,1,-8.6,20.61794233
552,CC1=C([C@@H](NC(=S)N1)c2ccccc2Cl)C(=O)Nc3ccccc3F,0,1,-9.2,8.318866014
553,c1ccc(c(c1)C(=O)NC2CCCCC2)NC(=O)[C@H]3CC(=O)N(C3)CCc4ccc(cc4)F,0,1,-10.6,22.25273895
554,CCN/C(=C/C1=CSC2=NC(=C([C@@H](N12)c3ccc(cc3)Cl)C(=O)Nc4ccc(cc4C)C)C)/[O-],0,1,-7.6,20.06515384
555,C[C@@H]1C[C@@H](C[NH+](C1)CCCNC(=S)Nc2ccc3c(c2)c(=O)n4c(n3)CCCCC4)C,0,1,-8.9,18.59463644
556,CC[C@@H](C)CC(=O)N1C[C@H](C2(C1)CC[NH2+]CC2)C(=O)NCCc3ccc(cc3)Br,0,1,-7.6,16.71988058
557,COc1ccc(cc1S(=O)(=O)N2CCCCC2)NC(=O)C[NH2+]C(c3ccccc3)c4ccccc4,0,1,-10.1,32.12819219
558,CC[C@H](C)N(CC)c1ccc(cc1N)C(F)(F)F,0,1,-7.3,6.444645882
559,C[NH+](C)[C@H](CNC(=O)c1ccccc1N(C)C(=O)c2cccs2)c3cccc(c3)F,0,1,-7.7,19.23747468
560,Cc1c(sc(c1[C@H](c2ccc(cc2)C(F)(F)F)[NH+]3CCCCC3)NC(=O)c4ccco4)C,0,1,-8,16.71546388
561,Cc1c(sc(c1C(=O)c2cccs2)N)C,0,1,-6.6,3.76923275
562,C[C@H](c1cc2cc(ccc2o1)Br)[NH2+]C3CCCCCCC3,0,1,-8.2,6.343746424
563,Cc1cc(c2=[NH+]C(=O)[C@H](C=c2c1)[C@@H]([C@@H]3NN=NN3C(C)(C)C)[NH+](Cc4ccccc4)Cc5ccco5)C,0,1,-8.2,37.06262159
564,CC[C@H]1CCCC[C@H]1NC(=O)N(C)Cc2cc(cs2)Br,0,1,-7.5,6.997331858
565,C[C@@H]1C[C@@H](C[NH+](C1)Cc2cs/c(=N\C(=O)c3cccc(c3)NC(=O)c4cccs4)/[nH]2)C,0,1,-9,14.67096329
566,Cc1c(c(n(n1)c2ccccc2)Oc3ccc(cc3)Cl)C[NH+](Cc4ccco4)C[C@H](COC(C)C)O,0,1,-7.2,38.49390316
567,c1c(c(cc(c1Cl)Cl)Cl)NC(=O)/C=C/c2cscn2,0,1,-7.1,5.930388927
568,C[C@]12C[C@H](CC(C1)(C)C)N(C2)c3c(c(ncn3)Nc4ccccc4OC)N,0,1,-6.8,11.14852667
569,CC(C)c1ccc(cc1)C2=N[C@@H]3C(=CNN3C(=C2)C(F)(F)F)C(=O)NCCC4=c5ccccc5=[NH+]C4,0,1,-9.2,24.63639235
570,Cc1cc(sc1C(=O)N2C[C@@H](C[C@@H](C2)C)C)NC(=O)C(C)(C)C,0,1,-6.7,7.202042818
571,Cc1c(c(n(n1)C)Cl)C[NH+]2CCC[C@H](C2)Nc3ccc(cc3)C(C)C,0,1,-7.9,9.629001141
572,c1ccc2c(c1)c(c[nH]2)CC[NH2+]Cc3cc(ccc3OCc4ccc(cc4Cl)Cl)Br,0,1,-9.7,20.72842526
573,CC[NH+](CC)CCCn1c(=O)c2ccccc2nc1SCC(=O)N[C@@H]3CCCc4c3cccc4,0,1,-8.7,26.61005449
574,c1cc2c(c(c1N[C@H]3CCCNC3=O)[N+](=O)[O-])ncs2,0,1,-7.6,6.488027811
575,C[C@H](CNC(=O)[C@H]1CN(CC12CC[NH2+]CC2)C(=O)c3ccc(o3)c4ccc(cc4)F)Oc5ccc(cc5)F,0,1,-10.5,31.0895853
576,c1cc(c(cc1Br)F)Nc2c(nccn2)Cl,0,1,-7.2,4.171210766
577,Cc1cc(nc2c1cccc2)SCC(=O)Nc3cccc(c3)S(=O)(=O)/N=C\4/CCCN4,0,1,-9.4,18.81452775
578,Cc1cc(cc(c1)NC(=O)c2cc(c(nc2)Cl)Cl)C,0,1,-9.1,4.889857292
579,c1cc(ccc1CCNC(=O)[C@H]2CN(CC23CC[NH2+]CC3)C(=O)CCC4CCCC4)Br,0,1,-9.6,19.23839664
580,C[C@@H](CC(C)C)OC(=O)c1ccc(c(c1)N)Cl,0,1,-7.2,6.525546074
581,C[C@@H](c1ccc2c(c1)OCO2)Nc3ccc(cc3Cl)F,0,1,-9,5.51070714
582,c1cc(sc1[C@@H](c2cc(cc(c2)Br)F)N)Br,0,1,-7.4,4.658813953
583,c1ccc2c(c1)CSC[C@@H]2Nc3cc(ccc3Br)Br,0,1,-7.2,5.157935143
584,c1cc(c(c(c1)F)C(=O)NC(=O)Nc2ccc(cc2F)Br)F,0,1,-6.7,7.789394855
585,CCC[NH+](CCC)CCNC(=O)c1ccc2c(c1)nc(c(n2)c3cccc(c3)C)c4cccc(c4)C,0,1,-9,30.74956298
586,Cc1ccc(c(c1)S(=O)(=O)[C@@H]2[C@@H]3[NH+]=C(c4ccccc4N3N=N2)NCCc5c[nH]c6c5cccc6)C,0,1,-9.5,22.04242563
587,CC[C@@H](C)[C@@H](C)Nc1cc(c(cc1Cl)Cl)Cl,0,1,-7.1,4.404891491
588,Cc1cccc([nH+]1)N[C@@H](c2ccc(cc2)Br)c3ccc4cccnc4c3O,0,1,-9.2,10.68109846
589,C[C@@H](c1nnc(n1c2ccc(cc2)Cl)SCc3csc(n3)c4ccccc4Cl)[NH+](C)C,0,1,-8.6,19.60523653
590,Cc1c(sc(n1)C)[C@H](C)NCc2c(ccc(c2Cl)Cl)Cl,0,1,-6.3,7.31297183
591,Cc1ccc2c(c1)cc(c(n2)OCc3ccccc3Cl)CN4CCC(CC4)[NH+]5CCC[C@@H](C5)CO,0,1,-9.1,26.00671911
592,CCOc1ccccc1/[NH+]=c\2/c(cc3c(cnc(c3o2)C)CO)c4nc(cs4)c5ccc(cc5)Cl,0,1,-8.6,28.15562677
593,CC/C(=N\Nc1nc2c(s1)cc(cc2Br)c3ccccc3)/C,0,1,-7.1,7.891741991
594,c1cc2c(cc1C(=O)NCc3ccc(s3)Cl)NC(=O)CCS2,0,1,-7.8,8.207960129
595,Cc1cccc(c1C)NC(=O)C2=C(Nc3nc(nn3[C@H]2c4ccncc4)SCc5ccccc5Cl)C,0,1,-7.9,29.01291394
596,c1cc(ccc1CN2C(=O)/C(=C/c3cc(c(c(c3)Br)O)Cl)/NC2=O)F,0,1,-8.5,11.49457669
597,CC(C)C[C@@H](C(=O)[O-])N1C(=O)/C(=C\c2ccc(o2)c3c(cccc3Cl)Cl)/SC1=S,0,1,-8.3,15.5100894
598,Cc1cc(c(c(c1)C)NC(=O)C[NH+](C)CC(=O)Nc2cc(nn2c3ccccc3)C(C)(C)C)C,0,1,-8.7,29.57009602
599,Cc1ccc(cc1)c2csc(n2)N(CCC[NH+](C)C)C(=O)c3ccc(cc3)Br,0,1,-6.7,15.09535813
600,CC(C)(C)C(=O)Nc1cccc(c1)C(=O)Nc2ccccc2C[NH+](C)C3CCCCC3,0,1,-9.8,17.96911144
601,c1cc(cc(c1)Br)CNc2ccc3c(c2)cccn3,0,1,-8.4,5.139894485
602,Cc1cc(c(s1)C)[C@@H](C)Nc2c(ccc3c2ncs3)Cl,0,1,-7.4,5.746815205
603,CCC[NH2+][C@H](c1ccc(s1)Br)c2cc(sc2Br)Br,0,1,-6.9,6.047999144
604,Cc1cccc(c1C)OC[C@@H](C[NH+](Cc2ccc(o2)c3cccc(c3)Cl)[C@@H]4CCS(=O)(=O)C4)O,0,1,-8.8,29.10253716
605,Cc1cccc2c1nc(s2)N(CCC[NH+](C)C)C(=O)c3ccc(cc3)C(C)(C)C,0,1,-8.4,14.73032236
606,Cc1ccc(cc1N[C@H](C)c2c(nc(s2)C(C)(C)C)C)F,0,1,-7.2,6.902708769
607,Cc1cc(ccc1S(=O)(=O)Nc2ccc(cc2N)F)F,0,1,-8.6,6.768596411
608,c1cc(c(c(c1)Cl)Cl)/N=C/2\NC(=O)/C(=C/c3cc(c(c(c3)Br)O)Cl)/S2,0,1,-6.9,9.035846233
609,C[C@]1(C(=O)N(C(=O)N1)C2Cc3ccccc3C2)C4CC[NH+](CC4)CC5=CC[C@@H]6C[C@H]5C6(C)C,0,1,-10.3,18.47172308
610,Cc1cc[nH+]c(c1)N[C@H](c2ccc(cc2)Cl)c3cc(sc3NC(=O)c4ccco4)C,0,1,-7.5,15.4459939
611,c1ccc(cc1)C(c2ccccc2)[NH+]3CCN(CC3)c4[nH]c(=O)cc(n4)CSc5nc6ccccc6s5,0,1,-8.9,35.26459312
612,Cc1nc2ccc(cc2s1)N[C@H]3C[C@H]4C[C@@H]3[C@@H]5[C@@H]4CCC5,0,1,-7.5,5.10595727
613,Cc1csc(c1C#N)NC(=O)C[NH+]2CCC(CC2)(c3ccc(cc3)Br)O,0,1,-7.6,13.44344974
614,CC[C@H]1CCCC[C@@H]1NC(=O)c2cc(sc2)Br,0,1,-7.2,4.906855583
615,C[C@@](CC1=c2ccccc2=[NH+]C1)(C(=O)NCCc3ccccn3)NC(=O)OC4C5CC6CC(C5)CC4C6,0,1,-10.4,31.54773307
616,CCCC[NH2+]Cc1ccc(cc1)c2cc3c(s2)c(c(cn3)C#N)Nc4cc(c(cc4Cl)Cl)OC,0,1,-8.5,26.94391561
617,Cc1c(cccc1Cl)NC(=O)[C@H](C)[NH+]2CCC(CC2)C(=O)Nc3ccccc3,0,1,-7.8,20.3565309
618,Cc1ccc(c(c1)C)N/C(=[NH+]\C2CCCC2)/[S-],0,1,-7.6,4.852254391
619,c1cc(cc(c1)I)[C@H]2C3=C(CCCC3)C(C(=C2C#N)N)(C#N)C#N,0,1,-7.1,13.45976424
620,C[C@H](c1cccs1)[NH2+][C@@H](C)C(=O)Nc2ccc(cc2)Cc3nc4ccccc4s3,0,1,-8.6,16.5031929
621,c1c(cc(c(c1F)N[C@@H]2C[NH+]3CCC2CC3)F)C(=O)[O-],0,1,-8.3,5.829069614
622,C[C@H]1CCCC[C@H]1NC(=O)c2cc(ccc2I)Cl,0,1,-7.7,4.667495489
623,CC[NH2+][C@H](c1ccc(cc1)I)c2cc(cc(c2OC)Br)Cl,0,1,-7.4,7.541751623
624,Cc1cc(sc1C(=O)N[C@H]2CCSc3c2cc(cc3)Cl)NC(=O)C(C)(C)C,0,1,-6.8,11.10278487
625,CC(C)c1ccccc1Sc2ccc(cc2C(F)(F)F)c3cc[nH+]c(c3)N4CCN(CC4)C(=O)C,0,1,-10.4,18.49500465
626,CCN1c2ccccc2N[C@@H](C1=O)[NH+]3CCC[C@@H](C3)C(=O)NCCC4=c5cc(ccc5=[NH+]C4)OC,0,1,-8.9,25.49495625
627,C[C@H](c1ccccc1)N(C)C(=O)CN2CC[NH+](CC2)CC(=O)Nc3ccc(c(c3)C(F)(F)F)Cl,0,1,-8.2,25.61891079
628,CCOc1cc(cc(c1OCc2ccc(cc2)C)Cl)C[NH2+]CCSc3nnnn3c4ccccc4,0,1,-9.4,33.49868441
629,Cc1cccc(c1)[C@H](c2ccccc2)NC(=O)[C@@H]3CCC[NH+](C3)Cc4ccccc4Cl,0,1,-9.7,15.83629465
630,Cc1ccc2[nH+]c(c(n2c1)Nc3ccccc3C)c4ccsc4,0,1,-8.8,6.913619041
631,CC(C)C[C@H]1C[C@](OC1=O)(C)c2csc(n2)Nc3ccccc3Cl,0,1,-8,8.661920547
632,C[C@H](c1ccccc1)N(Cc2ccccc2C(F)(F)F)Cc3nc(co3)C(=O)NCC[NH+](C)C,0,1,-9,36.02358365
633,C[C@H]1CCCN(C1)c2ccc(cc2)CNC(=O)[C@@H]3CCC[NH+](C3)Cc4c(cccc4Cl)F,0,1,-9.4,18.37665343
634,CC1=N[C@@H](SC1)SCc2ccccc2C(=O)O[C@@H](c3ccccc3)C(=O)C4=c5ccccc5=[NH+]C4,0,1,-8.8,32.77880478
635,CC(C)c1ccc(cc1)/C=N/N2[C@H]([NH+]=NC2=S)c3ccc(cc3)Cl,0,1,-8.7,8.550811529
636,Cc1ccc2c(c1)C3=C([C@@H](n4c(nnn4)N3)c5ccc(cc5)F)[C@@H](O2)c6ccc(c(c6)Cl)Cl,0,1,-8.3,13.21348834
637,C[C@H]1c2cc(c(cc2OC(=O)[C@H]1CC(=O)NCCC3=c4cc(ccc4=[NH+]C3)F)OCC(=C)C)Cl,0,1,-7.8,25.13734388
638,C[C@@H]1C[C@H]1NS(=O)(=O)c2cc(cc(c2Br)N)Cl,0,1,-6.6,6.042818546
639,C[C@H](CC(C)C)Nc1nc2ccc(cc2s1)N,0,1,-7.2,5.539314508
640,c1ccc(c(c1)N2C(=O)/C(=C/c3ccc(cc3Cl)Cl)/SC2=S)I,0,1,-6.9,6.658501387
641,CC[C@@H](C)[C@@H](C)n1c2ccc(cc2nc1C(C)C)N,0,1,-7.3,5.907288551
642,Cc1ccc(cc1)[C@H]2c3c(n[nH]c3NC(=O)[C@H](S2)C)C,0,1,-8.7,4.719637632
643,C[C@H](c1ccc(cc1)Cl)[NH2+]CC[C@]2(CCO[C@H](C2)C(C)C)c3ccccc3OC,0,1,-9.9,17.69533205
644,Cc1ccc(cc1)SC2=c3ccccc3=[NH+][C@H]2C(=O)NCCc4ccccc4,0,1,-8.2,14.76746464
645,Cc1ccc2c(c1)[C@]3(C(=O)N2)N(C(=O)[C@H](S3)C)c4ccc(cc4)Cl,0,1,-9.3,7.731298685
646,Cc1cc(nc(c1C(=O)[O-])SCC(=O)c2cc(n(c2C)CCc3ccc(cc3)F)C)C,0,1,-9.2,20.28902268
647,CSc1nc(c(s1)N)c2ccccc2F,0,1,-6.7,4.328990459
648,C[C@H]1CCC[C@@H](C1)NC(=O)CCc2ccccc2N,0,1,-8.3,7.552024364
649,Cn1c2ccc(cc2nc1c3ccccc3N)Br,0,1,-7.7,4.485941887
650,CC(=O)c1ccc(s1)C(=O)Nc2cc(cc3c2nccc3)Cl,0,1,-9.3,7.103236675
651,C[C@@H](CCC=C(C)C)C[NH+]1CCC(CC1)(c2ccc3c(c2)cc(o3)C(=O)N4CCSCC4)O,0,1,-8.8,19.01274037
652,CSc1ncc(c(n1)C(F)(F)F)C(=O)Nc2cccc(c2)F,0,1,-7.7,8.29666853
653,CC[C@H](C(=O)Nc1c(c2c(s1)C[C@@H](CC2)C)C#N)Br,0,1,-7.1,5.447559118
654,c1ccc2c(c1)c(ccc2I)N,0,1,-6.7,2.551569462
655,Cc1c(c(n(n1)c2ccccc2)Oc3ccc(cc3)Cl)C[NH+](Cc4ccco4)C[C@@H](COCC=C)O,0,1,-7.1,41.39009428
656,CCOC(=O)c1c2c(sc1NC(=O)CCSc3nnc(n3CC=C)CNc4ccc(cc4)C)CCC2,0,1,-8.4,41.21501279
657,c1c[nH+]cc(c1NC2CCCCCCC2)S(=O)(=O)/N=C(\C[N+](=O)[O-])/NC3CCCCC3,0,1,-8.6,23.10385227
658,C[C@H]1CCC[C@H](C1)c2nc3c(s2)[C@@H](CCC3)O,0,1,-8,4.331030846
659,C[C@@H](CCc1ccccc1)N2CC(=O)N3[C@H](C2=O)CC4=c5ccccc5=[NH+][C@@H]4[C@@H]3c6ccc(cc6)C(C)C,0,1,-9.4,22.49674654
660,Cc1ccc(cc1)c2ccc3c(c2)cc(o3)C[NH+]4CCCN(CC4)Cc5ccc(cc5)C(F)(F)F,0,1,-10.5,19.44974613
661,C[C@H](c1ccc(c(c1)F)F)NC(=O)[C@H]2[C@@H](C2(C)C)C=C(C)C,0,1,-8.7,7.275909901
662,Cc1c(cccc1N)CO[C@@H]2C[C@@H](CC(C2)(C)C)C,0,1,-8.5,5.413964987
663,Cc1cc(c(c(c1)C)c2csc(n2)NC(=O)C3CCN(CC3)C(=O)c4cccs4)C,0,1,-9.7,14.72512436
664,CCC(C)(C)[C@H]1CCc2c(c(c3cc(ccc3[nH+]2)Cl)c4ccccc4F)C1,0,1,-7.6,8.735858679
665,c1ccnc(c1)S[C@@H]\2CC/C=C/CC/C=C/CC/C2=N\O,0,1,-7.7,5.521770716
666,Cc1ccc(c(c1)[C@@H](C)NC(=O)[C@H]2CCC[NH+](C2)Cc3nc(no3)c4ccc(cc4)C(C)(C)C)C,0,1,-9.8,23.216506
667,c1cc(c(cc1C(F)(F)F)CN2[C@H](CCC2=O)CC[NH2+]Cc3cc4c(cc3Cl)OCO4)F,0,1,-9.9,22.23126245
668,CC1(c2ccccc2N(C1=O)CC(=O)NC3CCCCC3)C,0,1,-8.4,7.296610117
669,CCc1ccc(cc1)NC(=S)N(Cc2cc3ccc(c(c3[nH]c2=O)C)C)C[C@@H]4CCC[NH+]4CC,0,1,-6.7,26.67208767
670,C[NH+](C)CCN(c1nc2ccc(cc2s1)F)C(=O)c3cccc(c3)Cl,0,1,-8.8,10.01391768
671,CCOc1cc(ccc1OC(F)F)C[NH+](CC(=O)NCC(=O)Nc2ccc(c(c2)F)F)C3CC3,0,1,-9.5,34.55673003
672,CCOc1cc(cc(c1OCc2c(cccc2Cl)Cl)Br)C[NH2+]CCO,0,1,-7.7,15.54259753
673,C[C@H]1C(=C(NN1Cc2c(cccc2Cl)Cl)C)/C=N/NC(=O)CC3=c4ccccc4=[NH+]C3,0,1,-9.4,17.11680198
674,C[C@@]12C[C@@H](CC(C1)(C)C)[NH+](C2)C[C@@H](COC(c3ccc(cc3)Cl)c4ccc(cc4)Cl)O,0,1,-10.7,18.15469456
675,CCC[C@@H](C)[NH2+][C@H](c1ccccc1)C(=O)Nc2c(c3c(s2)C[C@@H](CC3)C)C(=O)OCC,0,1,-6.6,21.72975421
676,Cc1cccc(c1)Oc2cnn(c(=O)c2Nc3cccc(c3)C(=O)NCC[NH+](C)C)c4ccccc4Cl,0,1,-8.3,32.92305398
677,c1ccc(c(c1)NC(=O)Nc2ccc(c(c2)Cl)Cl)F,0,1,-8.1,7.231524229
678,Cc1ccc(c(c1)OCCCn2c3ccccc3nc2C(F)(F)F)C(C)C,0,1,-8.8,14.76137829
679,CCOc1cccc2c1o/c(=[NH+]\c3ccc(cc3)C)/c(c2)c4nc(cs4)c5ccc(cc5)Cl,0,1,-9.3,17.49503446
680,Cc1cccc(c1C)NCc2c[nH]nc2c3cccs3,0,1,-8.1,6.515648365
681,CC(C)(C)CC(C)(C)n1c(cc2ccccc2c1=O)N,0,1,-8.1,5.740286827
682,CC(C)(C)CC(C)(C)NC(=O)[C@H](c1ccc(c(c1)OC)OC)N(Cc2ccco2)C(=O)C#Cc3ccccc3,0,1,-9.2,52.87050653
683,Cc1cccc(n1)NC(=O)/C=C\c2ccccc2Br,0,1,-7.5,6.243878603
684,C[C@H](C(=O)Nc1ccc(cc1)C(=O)C)[NH+]2CCN(CC2)Cc3ccc(cc3Cl)F,0,1,-9.4,15.86404037
685,Cc1ccc(cc1NC(=S)NC(=O)C(C)(C)C)Cl,0,1,-7.7,5.980380297
686,c1cc2c(cc1Cl)nc([nH]2)CC[NH2+]Cc3cc4cc5c(cc4nc3c6ccsc6)OCO5,0,1,-9,19.96899819
687,Cc1ccc(c(c1)Oc2ccc(c(n2)C)N)C,0,1,-7.8,4.848858833
688,Cc1cc(c2c(c1)[C@@]3(C(=O)N2)[C@]4(c5ccccc5NC4=O)[C@@H]([C@H]6[NH+]3CCC6)C(=O)c7ccccc7)C,0,1,-9.3,10.73201489
689,c1ccc(cc1)[C@H]2N/C(=C\C(=O)NC[C@@H](c3ccccc3)C4=c5ccccc5=[NH+]C4)/CS2,0,1,-10.9,18.8419261
690,COc1cc(cc(c1OCc2ccc(c(c2)Cl)Cl)Br)C[NH2+]CC=C,0,1,-6.5,13.14764452
691,CCc1ccccc1NC(=S)N(Cc2ccccc2)Cc3cc4cc5c(cc4[nH]c3=O)OCCO5,0,1,-7.4,22.92232823
692,c1ccc2c(c1)nc(n2CC3CC[NH+](CC3)CC(=O)Nc4cccc(c4)F)C(F)(F)F,0,1,-9.2,19.34404945
693,CCN(CC(=O)NCc1cccs1)C(=O)CSc2nnc(s2)Nc3cccc(c3C)Cl,0,1,-8.2,25.64159536
694,CCCC[C@H](CC)C(=O)/N=C(\NCCC1=c2cc(ccc2=[NH+]C1)OC)/Nc3nc(cc(n3)C)C,0,1,-8,27.54169893
695,Cc1ccc(s1)C(=O)NNC(=O)c2ccc(cc2F)Br,0,1,-7.9,6.388640404
696,Cc1cc([nH+]c2c1cc(cc2)NC(=O)CCC(=O)NC3CCCCCC3)N4C[C@H](C[C@@H](C4)C)C,0,1,-10.5,21.79306269
697,Cc1ccc(c(c1)NCc2cccc3c2nccc3)F,0,1,-9.1,5.296784401
698,c1cc(c(cc1C(=O)NCc2cc(cc(c2)Cl)Cl)Cl)Cl,0,1,-8.2,5.664052725
699,c1ccc(cc1)CS/C(=C(/C#N)\C(F)(F)F)/N=C(/C(F)(F)F)\[NH-],0,1,-8.1,13.11370206
700,c1ccc(c(c1)C[NH2+]C2C3CC4CC(C3)CC2C4)OCc5ccc(cc5Cl)Cl,0,1,-8.9,14.77186108
701,c1cc[nH+]c(c1)N[C@H](c2cccc(c2Cl)Cl)c3ccc4cccnc4c3O,0,1,-9.7,10.05688429
702,C[C@H](c1nccs1)NC(=O)c2cc(cc3c2n(cn3)C4CCCC4)NC(=O)c5ccccc5,0,1,-7.3,17.38454938
703,CCCc1ccc(cc1)/C(=C(\C#N)/C(=O)c2cc(n(n2)C(C)(C)C)C3CC3)/[O-],0,1,-7.8,18.37003756
704,c1cc(c(cc1Cl)Cl)c2c(n[nH]c2N)c3ccc(s3)Br,0,1,-8.3,6.082614422
705,CC(C)(C)c1ccc(cc1)NC(=O)Nc2nnc(s2)c3ccccc3I,0,1,-8,13.37675214
706,CC[NH+](CC)CCN(c1nc2c(cccc2s1)OCC)C(=O)CSc3ccc(cc3)C,0,1,-7.3,24.62464619
707,c1ccc(c(c1)C[NH+]2CCC[C@H](C2)C(=O)Nc3ccccc3Br)Cl,0,1,-8.1,8.51853466
708,C[C@H](c1ccc(cc1)Cl)[NH2+]CC[C@H](c2ccc(cc2)OC(C)C)c3ccc(cc3)F,0,1,-10.5,21.87934208
709,Cc1cccc2=[NH+][C@@H](C(=c12)NC(=O)C[NH+]3C[C@@H](C[C@@H](C3)C)C)C(=O)OC,0,1,-7.7,11.55943489
710,CCOC(=O)C1=C(NC(=C([C@@H]1c2ccc(cc2)Cl)C#N)SCC(=O)Nc3cccc(c3)C(F)(F)F)c4ccccc4,0,1,-7.4,48.65078926
711,CCc1ccccc1NC(=O)N[C@H](C)c2c3c(sc2n4cccc4)C[NH+](CC3)CC,0,1,-6.4,19.06341934
712,C[C@]1\2CC[C@H](C1(C)C)C/C2=N\N=C\3/NC(=O)/C(=C/c4ccc(o4)c5cccc(c5Cl)Cl)/S3,0,1,-9.7,16.49694276
713,Cc1cccc(c1C)N([C@@H](c2ccc(cc2)F)C(=O)NC3CCCC3)C(=O)c4ccc([nH+]c4)NC(C)C,0,1,-7.7,29.44516563
714,c1ccc2c(c1)[nH]c(=O)c(n2)N/N=C\3/[C@H](OC(=O)/C3=N\Nc4c(=O)[nH]c5ccccc5n4)[C@H](CO)O,0,1,-8.1,29.31293368
715,CCC[NH2+]Cc1c(nc2n1ccs2)Oc3cccc(c3)I,0,1,-7.4,9.254068613
716,c1cc(cc(c1)Br)c2nc3c(c(n2)N)CCC3,0,1,-8.3,3.982300043
717,C[C@@H](c1ccc(cc1)OC(C)C)[NH2+][C@H](C)c2c(ccs2)Br,0,1,-7.4,8.789946079
718,Cc1ccccc1CN(C2CC([NH2+]C(C2)(C)C)(C)C)C(=S)Nc3ccccc3C(F)(F)F,0,1,-7.4,25.21449661
719,Cc1ccc(c(c1)C)NC(=O)c\2cc3ccccc3o/c2=[NH+]\c4cccc(c4)SC,0,1,-8.1,12.91321135
720,Cc1ccc(c(c1Cl)NC(=O)CN2C(=O)[C@H](NC2=O)CC3=c4ccccc4=[NH+]C3)Cl,0,1,-9.8,15.41945887
721,CC[C@H](C(=O)NCc1ccc(cc1)C[NH+]2CCC[C@@H](C2)C)Oc3ccccc3Cl,0,1,-8.9,13.80909801
722,C[C@H](C1CC1)N(C)c2c(cc(cc2F)N)F,0,1,-6.8,4.833676577
723,CC[C@H](C)N/C(=C/C1=CSC2=NC(=C([C@@H](N12)c3ccc(cc3)Cl)C(=O)Nc4ccccc4)C)/[O-],0,1,-6.6,22.52536106
724,CC(C)C[C@@H](c1ccccc1)NC(=O)[C@@H]2CCC[NH+](C2)Cc3nc(no3)c4ccc(cc4Cl)Cl,0,1,-8.9,24.41246128
725,c1cc(c2c(c1Cl)nc(s2)NC(=O)[C@H]3CCCN3S(=O)(=O)c4ccc(s4)Cl)Cl,0,1,-6.6,14.46640158
726,COc1cc(ccc1OCc2cccc(c2)C(F)(F)F)[C@@H]3c4c(c5ccccc5[nH]4)[C@H](C[NH2+]3)c6ccccc6Cl,0,1,-10.5,31.43472075
727,Cc1cc(c2c(c1)sc(n2)N3CCC(CC3)C(=O)NCC[NH+](C)C4CCCCC4)C,0,1,-8.8,17.03089023
728,CC[NH2+][C@@H](c1cccc(c1)I)c2cc(ccc2OCC)Br,0,1,-7.1,8.316487074
729,CNS(=O)(=O)c1cc(cc(c1Br)N)Cl,0,1,-5,4.580753088
730,C[C@H]1CCC[C@H]([C@@H]1C)NC(=O)[C@@H]2C[C@@H](Nc3c2cccc3)C,0,1,-7.9,6.032712221
731,c1c(cn[nH]1)N[C@@H]2CC[C@@H]3CCCC[C@@H]3C2,0,1,-7.8,3.639506102
732,CC1CCC(CC1)NC(=O)C(=O)Nc2ccccc2Br,0,1,-7.9,6.10920763
733,CC(C)[NH2+]CC(=O)Nc1c(c2c(s1)C[C@H](CC2)C(C)(C)C)C(=O)Nc3cccc(c3)[N+](=O)[O-],0,1,-7.5,24.74153256
734,Cc1cc(ccc1N[C@@H]2CCSc3c2cccc3)Br,0,1,-8.1,4.900222063
735,c1cc(ccc1CSC2=N[C@@H]3CCCC[C@@H]3N2)Br,0,1,-7.3,5.365451813
736,c1cc(ccc1Sc2cnc(s2)N)Br,0,1,-6.5,3.984619141
737,CC1=C([C@H](C2=C(N1)C[C@H](CC2=O)c3ccc(cc3)Cl)c4ccc(cc4)Cl)C(=O)OC5CCCCC5,0,1,-7.3,18.52342415
738,COc1cc(cc(c1OCc2ccc(cc2)F)Cl)C[NH2+]CCSc3nnnn3c4ccccc4,0,1,-9.6,31.79750323
739,Cn1c(cc(n1)C2CCCCC2)[C@H]3CN4CC[C@@H]3C[C@@H]4C[NH2+]Cc5c[nH]c6c5cccc6,0,1,-8.1,19.74584103
740,[H]/[O+]=C\1/C=C(C=C/C1=C/NC[C@H](c2cccs2)N3CCOCC3)[NH+](CC)CC,0,1,-6.7,16.52890992
741,CCc1ccc(c(c1NC(=O)C[NH+](C)CC(=O)N2c3ccccc3NC(=O)C[C@@H]2C)CC)Cl,0,1,-9.1,19.3089807
742,C[C@@H]1C(=c2cc(ccc2=[NH+]1)F)CCN(Cc3cccs3)C(=S)NCc4ccccc4,0,1,-8.1,18.1634419
743,CCc1cccc2c1[nH]cc2[C@@H](c3ccc(cc3)Cl)[NH2+]Cc4ccc(cc4)Cl,0,1,-9.3,11.20770288
744,CC(C)(C)CC(=O)N[C@H](C[C@H]1CCCC[NH+]1Cc2ccccc2Cl)c3ccccn3,0,1,-7.7,18.49606943
745,Cc1ccc(c(c1)Cl)Oc2ccncc2N,0,1,-7.1,4.773491859
746,c1cc(sc1CNc2cc3c(cc2F)CCC(=O)N3)Cl,0,1,-8.5,5.969468594
747,C[C@H]1CCc2c(sc(c2C#N)NC(=O)C3=CC4=[NH+][C@H](C[C@@H](N4N3)C(F)(F)F)c5ccc(cc5)Cl)C1,0,1,-8.7,19.08679509
748,C[C@H](c1cccc(c1)NC(=O)c2ccccc2)[NH+](C)CC(=O)NC(=O)NCCC3=CCCCC3,0,1,-8.9,26.73622155
749,C[C@H](c1ccc(cc1)[N+](=O)[O-])Nc2cccc(c2F)Cl,0,1,-8.7,7.158681393
750,C[C@H](c1ccc(cc1Br)Br)[NH2+]CCCOC2CCCCC2,0,1,-9.2,10.945472
751,Cc1ccc(cc1)[C@H](CNCl)N2CCN[C@@H](C2)I,0,1,-7.4,5.950906038
752,C[C@@H](c1cccs1)NC(=O)c2ccc(c(c2)Cl)Cl,0,1,-7.7,5.121131659
753,COC(=O)[C@@H]1C(=c2cc(ccc2=[NH+]1)Br)NC(=O)C(c3ccccc3)(c4ccccc4)O,0,1,-7.8,21.73042107
754,CCOc1cc(cc(c1OC(C)C)Br)C[NH2+]C23CC4C[C@@](C2)(C[C@](C4)(C3)C)C,0,1,-9.3,12.88172865
755,Cc1nc2n(n1)c(c(s2)[C@@H](c3cccc(c3)Br)[NH+]4C[C@H](C[C@@H](C4)C)C)[O-],0,1,-9.7,8.902284145
756,c1ccc2cc(ccc2c1)c3csc(n3)NC(=O)CCC4=c5ccccc5=[NH+]C4,0,1,-9.5,13.77667952
757,Cc1ccc(cc1C)NC(=O)N[C@@H](CCC(C)C)c2c3c(sc2n4cccc4)C[NH+](CC3)C,0,1,-8.3,22.56894159
758,c1cc(c(cc1Br)Cl)S(=O)(=O)NC2CC2,0,1,-6.4,4.491444826
759,c1ccc(cc1)[C@]2(CC2(Cl)Cl)/C=N/NC(=O)c3ccc4ccccc4n3,0,1,-7.2,10.63204026
760,c1ccc2c(c1)[nH]c(=O)n2C3CCN(CC3)C(=O)C[C@@H]4CC[NH2+]C[C@@H]4Cc5cc(on5)c6ccc(cc6)F,0,1,-9.7,30.02043939
761,CSc1ccc(cc1)NC(=O)[C@@H]2CC23CCN(CC3)C(=O)[C@H]4CCCN(C4)c5cccc[nH+]5,0,1,-7.8,18.78769541
762,c1cc(nc(c1)Br)NC(=O)c2ccc(cc2I)Cl,0,1,-7.9,5.062394619
763,COc1ccc(cc1)S(=O)(=O)/N=C\2/[C@H]([NH+]=c3ccccc3=[NH+]2)Nc4cc(cc(c4)Cl)Cl,0,1,-7.4,17.28093958
764,C[C@@H](c1cc(c(cc1Cl)Cl)F)Nc2cccc(c2)I,0,1,-8,5.762222528
765,CC[NH+](CC)[C@H](CNC(=O)c1cc(c[nH]1)Br)c2ccccc2Cl,0,1,-7.3,10.78082871
766,C[C@H]1CCCC[C@H]1NC(=O)c2cc(cc(c2)Br)F,0,1,-8.7,4.68921566
767,Cc1cc(ccc1NC(=O)c2c3c(n(n2)C)-c4ccccc4SC3)Br,0,1,-7.4,7.634978533
768,C[C@@H](C=C)Sc1ccc(cc1N)Br,0,1,-5.8,4.095430613
769,C[C@@](c1ccccc1)(c2nc3cc(ccc3s2)Cl)N,0,1,-7.9,5.093679905
770,c1cc(c(cc1CC(=O)Nc2ccc(c(c2)C(=O)NC3CC3)Cl)Cl)Cl,0,1,-8.2,11.37099123
771,c1cc(c(c(c1)Cl)C[NH+]2CCNC(=O)[C@H]2CC(=O)NC3C4CC5CC(C4)CC3C5)F,0,1,-8.5,16.5183599
772,CC(C)(C)c1cc(c(c(c1)C(C)(C)C)[O-])/C=[NH+]/[C@@H](c2ccccc2)[C@H](c3ccccc3)O,0,1,-9.5,16.53979158
773,CCOc1cc(cc(c1OCc2ccccc2C)Br)C[NH2+]C3C4CC5CC(C4)CC3C5,0,1,-8.9,17.83283758
774,COc1cc(cc(c1OCc2ccc(cc2Cl)F)Br)C[NH2+]CCCN3CCCC3=O,0,1,-8,22.02734685
775,COc1c(cc(cc1Br)Cl)[C@@H](c2ccc(c(c2)Cl)Cl)[NH3+],0,1,-7.3,7.138595343
776,Cc1cccc(c1NC(=O)Nc2ccc(nc2)N3CCC[NH+](CC3)Cc4ccccc4C(F)(F)F)C,0,1,-9.1,25.77604222
777,Cc1ccc(cc1C)N[C@H](C)c2cccc(c2)NC(=O)C,0,1,-8.3,6.586628437
778,C[C@@H]1CCC[C@@H](C1)Nc2cccc3c2cn[nH]3,0,1,-8.6,3.915342569
779,C[C@@H]1CCc2c(sc(c2C#N)NC(=O)C3=CC4=[NH+][C@H](C[C@@H](N4N3)C(F)(F)F)c5ccc(cc5)Cl)C1,0,1,-9.1,22.7594378
780,CC[C@@H](C)N/C(=C/C1=CSC2=NC(=C([C@@H](N12)c3ccc(cc3)C)C(=O)OC(C)(C)C)C)/[O-],0,1,-6.7,18.86762404
781,CC(C)(C)NC(=O)COc1ccc(cc1C[NH2+]C23CC4CC(C2)CC(C4)C3)Cl,0,1,-8.3,14.17107344
782,Cc1cc(c(c(c1)C)COc2ccc(cc2F)N)C,0,1,-8.8,5.713759422
783,Cc1ccc(cc1)N/C(=[NH+]\N=C\c2ccc(c(c2)OC)OCCC(C)C)/c3[nH]c4ccccc4n3,0,1,-9.2,28.07845616
784,c1ccc(cc1)n2c(=S)sc(n2)Nc3cc(ccc3Cl)Cl,0,1,-7.2,6.579070568
785,CC(C)c1ccc(cc1)[C@H]2c3ccccc3[C@@]4(S2)N(N=C(S4)c5ccc(cc5)[N+](=O)[O-])c6ccccc6,0,1,-8.9,22.16163564
786,c1ccc(cc1)c2nc(c3n2CCCCC3)C(=O)N/N=C/c4ccccc4Br,0,1,-9.8,12.67058039
787,CC[C@@H](c1ccccc1)C(=O)N2C[C@H](C3(C2)CC[NH2+]CC3)C(=O)NCc4ccc5c(c4)CCCN5C,0,1,-7.7,24.2905333
788,Cc1ccc(cc1)C(=O)/N=C(/NCCC2=c3ccccc3=[NH+]C2)\Nc4cc(cc(c4)OC)OC,0,1,-9.1,15.1491468
789,CCc1ccc(cc1)C(=O)N2C[C@H](C3(C2)CC[NH2+]CC3)C(=O)NCCc4c[nH]c5c4cccc5C,0,1,-8.4,24.39039588
790,CC1(CC(CC([NH2+]1)(C)C)N(Cc2cccnc2)C(=S)NC3CCCCCC3)C,0,1,-8.2,13.17749143
791,C[C@@H]1C[C@H](CC(C1)(C)C)Nc2cccc(c2)C(=O)NC,0,1,-8.3,5.645611286
792,Cc1cc[nH+]c(c1)N[C@H](c2cccc(c2)OCC=C)c3ccc4cccnc4c3O,0,1,-9.9,15.88149881
793,Cc1cccc(c1)NC(=O)N[C@H](Cc2ccccc2)C(=O)N[C@H]3CC[NH+](C3)Cc4cc5c(c(c4)OC)OCO5,0,1,-11.8,40.73545742
794,CC[C@@H](c1nnnn1C(C)(C)CC)[NH+](Cc2ccc3c(c2)OCO3)Cc4cc5cc(c(cc5[nH]c4=O)C)C,0,1,-9.5,33.82101274
795,c1cc(cc(c1)C(F)(F)F)C[NH+](Cc2cccc(c2)Cl)Cc3nc(co3)C(=O)NC4CC4,0,1,-9.4,22.50379848
796,CC(C)(C)CC(C)(C)[NH2+]Cc1cc(ccc1OCc2cccc(c2)Cl)Br,0,1,-8.2,14.46018338
797,CC(=O)Nc1ccc(c(c1)NC(=O)c2c(ccs2)Br)Cl,0,1,-7.6,7.045873404
798,C[C@@H]1CCC[C@H](C1)NC(=O)Nc2cccc(c2)C#C,0,1,-8.6,5.133920193
799,Cc1ccccc1Nc2c(nc3n2cc(cc3)Br)c4ccc(cc4)OC,0,1,-6.4,8.784721375
800,Cc1ccccc1C(=O)Nc2cccc(c2)c3cn4cccc(c4n3)C,0,1,-9.5,9.397007942
801,CCc1cc(c(s1)SCC)[C@@H]2C3=C(C[C@@H](CC3=O)c4ccccc4)NC(=C2C(=O)Nc5ccccn5)C,0,1,-7.9,28.51097035
802,c1cc(nc(c1)NC(=O)c2cc(cc(c2)Cl)Cl)C#CCO,0,1,-7.4,10.20608354
803,C[C@H]1CCc2c(sc3c2c(nc(n3)C(C)C)N4CCN(CC4)C(=O)Nc5ccc(cc5)SC)C1,0,1,-7.4,16.96834159
804,C[C@H]1CCN([C@@H]2[C@@H]1CCCC2)C(=O)NC,0,1,-6.6,2.683254242
805,c1cc2c(c(c1)NC(=S)N[C@H]3C[C@H]4CC[C@@H]3C4)CCCC2,0,1,-7.5,7.445548058
806,Cc1ccccc1C(=O)N[C@@H](C(C)C)C(=O)NC[C@@H](c2cccs2)[NH+]3CCC(CC3)C,0,1,-8.6,22.45411396
807,CC[C@H](C)[C@@H](C)Nc1c(cc(cc1Cl)Br)Cl,0,1,-7.1,4.656119347
808,c1ccc2c(c1)ccn2CC(=O)N/N=C\3/CCCc4c3cccc4,0,1,-9,8.169573545
809,COc1ccc(cc1NC(=O)[C@@H]2C[C@@H]3CCC[NH+]3[C@]24c5ccccc5NC4=O)Cl,0,1,-7.4,11.43293691
810,COc1cccc2c1OC3(CC[NH+](CC3)Cc4ccccc4)N5[C@H]2CC(=N5)c6ccc(cc6)Br,0,1,-8.5,16.2378819
811,CC1=C(C(CCC1)(C)C)C(=O)O[C@H]2[C@H]([C@@H]([C@@H]([C@@H](O2)CO[C@@H]3[C@@H]([C@@H]([C@@H]([C@@H](O3)CO)O)O)O)O)O)O,0,1,-6.6,36.63390613
812,Cc1cc[nH+]c(c1)N[C@H](c2cccc(c2Cl)Cl)c3ccc4cccnc4c3O,0,1,-9.7,11.35621071
813,Cc1ccc(c(c1)NC(=O)[C@H](c2ccccc2)[NH2+]CC3(CCCCC3)N4CCOCC4)C,0,1,-9.9,19.42539501
814,Cc1ccc(cc1)C2=NN([C@@H](C2)c3ccc(cc3)Cl)C(=[NH2+])S[C@@H]4CC(=O)N(C4=O)c5ccc(cc5)F,0,1,-10.8,28.46426439
815,C=CC[NH2+]Cc1c2ccccc2ccc1OCc3cccc(c3)Cl,0,1,-8.6,10.78808236
816,CCCCCCN1[C@H](NN=C1C2=c3ccccc3=[NH+]C2)SCC(=O)/C(=C(\C)/N)/C#N,0,1,-8.6,26.65220308
817,Cc1ccc(cc1)C(=O)NC2=c3ccccc3=[NH+][C@@H]2C(=O)NCc4ccc(cc4)F,0,1,-10,16.20334983
818,C1CN(CCC1CCC(=O)[O-])C(=O)N2CCC(CC2)[NH3+],0,1,-6.9,5.817323685
819,c1cc2c(cc1C(F)(F)F)c3cc(cc(c3cc2[C@H]([C@@H]4CCCC[NH2+]4)O)Cl)Cl,0,1,-8,11.64845514
820,Cc1cc(c(c(c1)Br)/N=C(/C2CC2)\N)Br,0,1,-6.5,4.680557966
821,C[C@H]1CCc2c(sc3c2c(nc(n3)SCC(=O)NC4(CCCCC4)C#N)N)C1,0,1,-8.7,15.51819491
822,Cc1ccc2=[NH+]C(=O)[C@@H](C(=c2c1)c3ccccc3)c4cc(c5cc(ccc5n4)Cl)c6ccccc6,0,1,-8.6,18.86925316
823,c1ccc2c(c1)CC[C@H]3C2=NN=C3C(=O)NCC4CC[NH+](CC4)Cc5ccccc5F,0,1,-9.9,16.70421958
824,C[C@@H](c1ccc(c(c1)F)F)[NH2+]CC(=O)Nc2ccc3c(c2)OC4(O3)CCCCC4,0,1,-9.3,14.04200125
825,Cc1cccc(c1)OC[C@H]2c3ccsc3CCN2C(=O)C[NH+](CCC(C)C)C[C@@H](CCC=C)O,0,1,-7.7,34.07111573
826,CC[NH+]1CCc2c(sc(c2[C@@H](CCC(C)C)NC(=O)Nc3ccc(cc3C)C)n4cccc4)C1,0,1,-6.6,27.2025907
827,CCN(CC)c1ccc(cc1)/C=N/N2[C@@H]([NH+]=NC2=S)c3ccc(cc3)C(C)(C)C,0,1,-8.6,15.4431386
828,c1cc(c(cc1Br)Br)NC(=O)C2(CCCCCC2)C#N,0,1,-8.6,6.573509216
829,C[C@@H](C(=O)NCCCn1cc[nH+]c1)Sc2nc(cc(n2)C(F)(F)F)c3ccc(cc3Cl)Cl,0,1,-8.3,26.6160655
830,c1ccc(cc1)NC(=O)N2c3ccccc3NC4=C([C@H]2c5ccc(cc5)Cl)C(=O)C[C@H](C4)c6ccco6,0,1,-9,22.37028885
831,c1ccc(cc1)C[NH2+]Cc2ccc(o2)c3ccc(cc3Br)Br,0,1,-8.1,8.161080837
832,C[C@@H](C(=O)Nc1nccs1)Sc2nc3ccc(cc3s2)/N=C/c4c5ccccc5ccc4O,0,1,-9,22.7791338
833,C[C@@H]1C(=c2cc(ccc2=[NH+]1)F)CCN(Cc3cccs3)C(=S)Nc4ccccc4OC,0,1,-8.6,20.44900107
834,c1cc(c(cc1Br)Cl)[N-]S(=O)(=O)[C@@H]2CCC[NH2+]C2,0,1,-7.2,5.586187601
835,CC[NH+](CC)[C@@H](CNC(=O)CCn1c(n[nH]c1=S)c2cccc(c2)C)c3ccsc3,0,1,-7.9,21.7389307
836,CCOC(=O)C1=C(N=c2n(c(=O)/c(=C/c3cn(c4c3cccc4)CC=C)/s2)[C@@H]1c5ccc(cc5)Cl)C,0,1,-8.1,20.92500019
837,CC1(CC(CC([NH2+]1)(C)C)N(Cc2cccs2)C(=S)Nc3ccc(cc3)Cl)C,0,1,-8.1,13.28046846
838,Cc1c(sc(c1[C@@H](c2ccc(cc2)Br)Nc3cccc[nH+]3)NC(=O)c4ccco4)C,0,1,-7.4,18.08937788
839,COC(=O)c1cc(ccc1NC(=O)C2CCCCC2)Cl,0,1,-7.7,6.055412054
840,CC[NH+](CC)C[C@H](C)CNC(=O)[C@]1(c2cc(ccc2NC(=O)N1c3ccc(cc3)Cl)Br)O,0,1,-7.9,29.93541598
841,c1ccc(c(c1)C[NH+]2CCC[C@@H](C2)C(=O)Nc3cc(c(cc3Cl)Cl)Cl)F,0,1,-7.8,10.62519264
842,CC1=C([C@H](N2C(=[NH+]1)N=C(N2)SCc3ccccc3F)c4ccccn4)C(=O)Nc5ccccc5,0,1,-9.1,20.34827089
843,C[C@H]1CCCC[C@H]1NC(=O)c2cc(c([nH]2)Cl)Cl,0,1,-8.5,4.258497953
844,c1cc(cc(c1)F)N[C@H](CO)c2cc(cc(c2)Cl)Cl,0,1,-7.8,6.508157253
845,c1ccc(cc1)[C@@H]2C(=c3ccccc3=[NH+]2)/C=N/NC(=O)c4ccccc4Br,0,1,-8.9,10.59885478
846,CCCCCCOc1ccc(cc1OC)/C=C/C(=O)Nc2c(c3c(s2)C[C@H](CC3)C(C)(C)C)C(=O)OCC,0,1,-8.3,41.56760311
847,c1cc(ccc1[C@H]2N=[NH+]C(=S)N2/N=C/c3cc(cc(c3O)Br)Br)Cl,0,1,-6.6,9.245253563
848,Cc1ccc(c(c1)S(=O)(=O)/N=C\2/[C@@H]([NH+]=c3ccccc3=[NH+]2)Nc4cccc(c4)C(=O)[O-])C,0,1,-8.5,18.14558125
849,c1cc(cc(c1)Cl)COc2ccc(cc2C[NH2+]C34CC5CC(C3)CC(C5)C4)Br,0,1,-8.4,15.23531747
850,CCC[NH+](CCC)CC(=O)Nc1c(c2c(s1)C[C@@H](CC2)C(C)(C)CC)C#N,0,1,-6.6,19.03343558
851,C[C@H]1C(=c2ccccc2=[NH+]1)/C=N/N\3[C@H](CS/C3=[NH+]\CC(=C)C)c4cccc(c4)C(F)(F)F,0,1,-9.1,18.28848982
852,C[C@H]1c2cccc(c2O[C@H]1C)C(=O)NCC#Cc3cccc(c3)C(F)(F)F,0,1,-9.2,11.31283402
853,C[C@@H]1CCC[C@H](C1)O[C@@H]2C[C@@H](CC[C@@H]2O)C(C)C,0,1,-8,5.049520969
854,Cc1ccccc1/N=C/2\C3(CCC(CC3)C(C)(C)C)N(C(=[NH+]2)SC)c4ccc(cc4)C(=O)C,0,1,-7.5,25.42664409
855,CCOC(=O)[C@@H]1[C@H](c2cc(ccc2O1)S(=O)(=O)Nc3ccc(cc3)[C@@H]4C=c5cc(ccc5=[NH+]4)F)C,0,1,-10.1,24.10976505
856,Cc1c(cccc1N(C)CC2CCCCC2)N,0,1,-7.9,5.454796076
857,Cc1ccc(nc1)NC(=O)c\2cc3ccccc3o/c2=[NH+]\c4cccc(c4)C(C)C,0,1,-9,15.06910801
858,C[C@H]1CCCN(C1)S(=O)(=O)c2c(cc(cc2F)[N+](=O)[O-])N,0,1,-7.7,7.222176552
859,c1cc(ccc1C#N)N2C(=[NH+]C34CC5CC(C3)CC(C5)C4)[C@H](C6(C2=S)CCCCC6)N7CCCC7,0,1,-7.9,19.1103003
860,C[C@@H]1C=C([C@H](N1c2cccc(c2)C(=O)OC)C)/C=C(\C#N)/[C@@H]3[NH+]=c4ccc(cc4=[NH+]3)OC,0,1,-7.8,24.42819405
861,CC(C)(C)OC(=O)N[C@@H]1CCN(C1)C(=O)C2CC[NH+](CC2)Cc3c(nc4n3cccc4)c5ccccc5,0,1,-9.2,29.26648974
862,Cc1cc(on1)CSc2ccccc2C(=O)/N=c/3\[nH]c4c(s3)C[NH+](CC4)Cc5ccccc5,0,1,-9.5,19.74249578
863,C[NH+]1CCC2(CC1)C[C@H](c3ccccc3O2)NC(=O)c4ccc(s4)c5ccc(cc5)F,0,1,-9.8,13.20071077
864,c1ccc(cc1)[C@@H]2CC3=C([C@@H](C(=C(O3)N)C#N)c4ccccc4Br)C(=O)C2,0,1,-7.5,12.26409841
865,C[C@H](c1ccc(cc1Br)Br)Nc2ccc(cc2Cl)F,0,1,-8.2,6.068609238
866,Cc1ccc(c(c1)C)n2c(c(cn2)C(=O)Nc3ccc(cc3C)F)C4CC[NH2+]CC4,0,1,-8,13.87923121
867,Cc1ccc(cc1)CN2CCSc3c2cc(cc3)N,0,1,-8.3,5.484992027
868,CN(C)c1cccc(c1)C(=O)/N=C(/NCCC2=c3ccccc3=[NH+]C2)\Nc4ccc(cc4)OC,0,1,-9.7,22.339257
869,c1cc(cc(c1)Br)c2nc(cs2)/C=C\3/c4cc(ccc4NC3=O)Cl,0,1,-8.5,7.326511621
870,Cc1ccc(cc1)NC(=O)[C@@H](C)Sc2ccccc2Br,0,1,-7.5,6.840385199
871,CCC(CC)[NH2+]Cc1cc(cc(c1[O-])Cl)Cl,0,1,-6.5,5.353052855
872,CCC[C@@H](c1ccccc1)[NH2+]Cc2c3ccccc3ccc2OCc4ccc(cc4)Cl,0,1,-9.3,19.59251809
873,CC(C)C[NH+](CCNc1nc(c2cnn(c2n1)C)Nc3ccc(cc3)OC)CC(C)C,0,1,-8,27.41943645
874,Cc1ccc(c(c1)C)[C@@H](C)NC(=O)C2CC[NH+](CC2)Cc3ccc(c(c3)Cl)Cl,0,1,-8.7,13.04926944
875,CCCCS(=O)(=O)c1ncc(c(n1)Cl)C(=O)NC[C@H](c2ccc(cc2)C(C)C)[NH+](CC)CC,0,1,-8.2,30.34417319
876,c1cc(ccc1/C=N/n2c(c3c4c(sc3[nH+]c2=O)CCCC4)N)Br,0,1,-7.7,7.174587965
877,Cc1c(sc(c1[C@H](c2ccc(cc2)SC)Nc3cccc[nH+]3)NC(=O)c4ccccc4)C,0,1,-7.8,26.45764422
878,CC1(CC(CC([NH2+]1)(C)C)NC(=O)c2ccn(n2)COc3ccc(cc3Cl)Cl)C,0,1,-8.2,16.26145339
879,Cc1cc([nH+]c2c1cc(cc2)NC(=O)[C@H](C)Oc3ccc(cc3Cl)Cl)N4CCCCC4,0,1,-9.6,16.45154381
880,Cc1ccc(cc1)[C@@H](CNI)N2CCN[C@@H](C2)Cl,0,1,-7.3,5.984333754
881,CC(C)(C)c1cc(c2c(c(sc2n1)C#N)N)C(F)(F)F,0,1,-6.4,5.832455635
882,CCOc1ccc(cc1OCC)NC(=O)C[NH+]2CCC(CC2)Cn3c4ccccc4nc3C(F)(F)F,0,1,-8.8,29.28863215
883,C[NH2+][C@H](c1cccc(c1)I)c2cc(c(cc2Br)OC)OC,0,1,-7.1,7.613451242
884,Cc1ccc(c(c1)N)SCc2cc(cs2)Br,0,1,-6.7,5.544595003
885,Cc1ccc(cc1)Nc2ccc(cc2C3N(CCN3c4ccc(cc4)C)c5ccc(cc5)C)Cl,0,1,-7.8,18.46194816
886,Cc1c2c(nc(n1)Nc3ccc(cc3)F)C[C@H](CC2=O)c4ccco4,0,1,-8.1,7.659402609
887,Cc1cccc(c1)CN2c3cc(c(cc3NC4=C(C2=O)CCC4)C)C,0,1,-8.9,6.467039585
888,CN(C[C@H]1C=c2cc(ccc2=[NH+]1)F)C(=O)c3ccc4c(c3)N[C@H](O4)Cc5ccccc5,0,1,-9.5,15.70634222
889,[H]/N=C\1/C=C([C@@H](S1)c2[nH]c3cc(cnc3n2)Br)C,0,1,-7.3,3.892879248
890,CC[NH+]1CCC[C@H]1CN(Cc2cc3ccc(c(c3[nH]c2=O)C)C)C(=S)N[C@@H](C)c4ccccc4,0,1,-8,26.30552888
891,Cc1cc(cc(c1)NC(=S)NC[C@H]2C[C@@H]3CC[NH+]2C[C@@H]3c4cc(nn4C)c5ccc(c(c5)OC)OC)C,0,1,-8.9,33.60718656
892,c1ccc(c(c1)[C@@H]2[NH+]=N/C(=N/C(=O)Nc3ccccc3F)/S2)I,0,1,-7.6,6.6614182
893,CC(C)c1ccc(cc1)[C@H]2C[C@H](n3c(cc(n3)C(=O)NNC(=S)NCCC[NH+](C)C)N2)C(F)(F)F,0,1,-7.4,32.03879714
894,c1cc(c(c(c1)Cl)C[NH+]2CCC[C@@H](C2)C(=O)NC34CC5CC(C3)CC(C5)C4)Cl,0,1,-7.6,12.57125616
895,Cc1c(nc(nc1N)c2cc(cc(c2)F)F)C,0,1,-8.1,5.346760511
896,CC(C)[C@@H](C(=O)Nc1nc2ccc(cc2s1)F)Nc3ccc(cc3Cl)C(F)(F)F,0,1,-8.7,14.6713438
897,c1cc(c(cc1Cl)NCc2cc3c(c(c2)Cl)OCO3)F,0,1,-8.2,5.760900974
898,CC1(Cc2c(c(sc2C([NH2+]1)(C)C)NC(=O)[C@H]3CCCN(C3)S(=O)(=O)c4cccs4)C#N)C,0,1,-8.1,18.85059547
899,C[C@H]1CC(=O)Nc2ccccc2N1C(=O)C[NH+](C)CC(=O)Nc3ccc(c(c3)Cl)Cl,0,1,-9,15.0484364
900,C[NH+]1CCNC(=O)[C@H]1CC(=O)NC2(CCCCC2)C#Cc3cc4ccccc4nc3,0,1,-7.6,16.74164772
901,c1ccc(c(c1)C[NH2+]Cc2cc(ccc2OCc3cccc(c3)Cl)Cl)Cl,0,1,-10.1,14.20283437
902,Cc1ccc(cc1)[C@@H](C2CC2)NC(=O)CN3C(=O)[C@](NC3=O)(C)c4ccc(c(c4)Cl)Cl,0,1,-10.4,17.3310523
903,Cc1cccc(c1)Oc2c(c(nn2c3ccccc3)C)C[NH+](CC4CC4)C[C@H](COCC(C)C)O,0,1,-7.1,36.92921352
904,c1cc(cc(c1)I)Oc2ccc(nc2)N,0,1,-7.5,4.611890793
905,c1cc(cnc1)[C@H]2c3c4cccnc4ccc3NC5=C2C(=O)CCC5,0,1,-8.5,6.404052258
906,CC(C)c1ccc2c(c1)cc(o2)C(=O)NC[C@@H](c3ccc(cc3)C(F)(F)F)[NH+](C)C,0,1,-9.5,16.81797457
907,COCC[NH2+]Cc1c2ccccc2ccc1OCc3ccc(cc3)Cl,0,1,-8.4,12.61847186
908,Cc1cccn2c1[nH+]c(c2[C@@H](c3ccccc3)Nc4cc(cc(c4)Cl)Cl)C,0,1,-9.5,9.887199879
909,Cc1ccc(cc1)[C@H]2NN=C(N2c3ccccc3)SCC(=O)N/N=C/C4=c5ccccc5=[NH+]C4,0,1,-9.9,26.16297293
910,C=CC[NH+](CC=C)C[C@@H](Cn1c2ccc(cc2c3c1ccc(c3)Br)Br)O,0,1,-6.1,14.79760146
911,Cc1c2c(n(n1)c3ccccc3)N[P@](=S)(NC2=S)S,0,1,-6.5,7.718682766
912,Cc1ccc(cc1NC(=O)COC2=C[C@H]3C(=c4ccccc4=[NH+]3)C=C2)Cl,0,1,-9.6,9.757641315
913,CCc1cccc(c1)NC(=O)C2(CCCCC2)NC(=O)Nc3cccc(c3)Cl,0,1,-6.9,17.53739882
914,c1cc(cc(c1)C#N)CN[C@@H]2c3cc(ccc3NC2=O)Br,0,1,-8,7.283396721
915,Cc1cc(ccc1F)[C@@H](C(=O)[O-])[NH2+]C2CCCCCC2,0,1,-8.5,5.764188051
916,Cc1[nH]nc(n1)c2ccccc2NC3CCCCC3,0,1,-8.1,5.381636858
917,Cc1ccc(cc1)N2[C@@H](NN[C@@H]2SCc3[nH]c4ccccc4n3)c5ccccc5,0,1,-9.1,14.61883283
918,C=CCc1cc(ccc1OCC#C)/C=C/2\C(=O)N/C(=N/c3ccc(cc3)F)/S2,0,1,-8.6,13.50127268
919,Cc1ccc(cc1)[C@@H](CNC(=O)[C@@H]2CCCN2C(=O)c3cc(cc(c3)Cl)Cl)[NH+](C)C,0,1,-8.7,17.36103559
920,Cc1ccc(c(c1)[C@H](C)Nc2c3ccsc3ncn2)C,0,1,-8.3,5.674375534
921,c1ccc(cc1)c2ccc(cc2)c3ccnc(n3)N[C@H]4CO[C@H]5[C@@H]4OC[C@@H]5[NH2+]CC6CCCCC6,0,1,-9.2,21.78906369
922,CC[NH2+][C@@H](c1ccc(s1)c2c(cc(cc2Cl)Br)Cl)C(C)C,0,1,-6.2,7.742989779
923,C[C@H](c1ccc(cc1)N2CCCC2)NC(=O)C3CC[NH+](CC3)Cc4ccccc4Cl,0,1,-9.8,16.70159364
924,c1cc2c(cc1C(=O)NCCC3=c4cc(ccc4=[NH+]C3)Cl)nc([nH]2)C(F)(F)F,0,1,-9.3,13.29566526
925,c1cc(cc(c1)NC(=O)c2c(cccc2F)F)C3SCCCS3,0,1,-8.8,7.508322954
926,Cc1ccccc1OC[C@@H](C[NH+](Cc2[nH]c(=O)c3c(c(sc3n2)C(=O)OCC=C)C)C4CCCCC4)O,0,1,-7.1,42.47930908
927,c1ccc(cc1)C(c2ccccc2)[NH+]3CCN(CC3)C(=S)Nc4ccc(cc4)Cl,0,1,-8.3,15.02168345
928,c1ccc(cc1)C#CCNC(=O)C[NH+]2CCC(CC2)[C@H](c3ccc(cc3)Cl)O,0,1,-7.8,17.93988562
929,c1cc(cc(c1)Cl)[C@H](c2cc(ccc2Br)C(F)(F)F)N,0,1,-8.5,6.323410988
930,C[C@H](c1ccc(cc1Cl)Cl)Nc2c(cccn2)F,0,1,-8.2,5.395402908
931,Cc1cc(ccc1Nc2[nH]c(=O)c3c(n2)CCCC3)F,0,1,-9.2,5.058886766
932,Cc1cc(c(cc1OCc2ccc(s2)Cl)C)N,0,1,-7.8,5.903942823
933,COc1c(cc(cc1Br)Cl)[C@H](c2c[nH]nc2)O,0,1,-7.2,6.056851149
934,c1cc(ccc1CC(=O)c2cc3c(cc2Br)[nH]c(=O)[nH]3)Br,0,1,-8.5,6.521796942
935,Cc1ccccc1[C@@H](C)NC(=O)C2CC[NH+](CC2)Cc3nc(no3)c4ccc(cc4Cl)Cl,0,1,-11.7,23.92887616
936,CNC(=O)c1cc(ccc1Cl)NC2CCCCC2,0,1,-7.4,5.68215704
937,c1ccc(cc1)N/C(=[NH+]/Nc2ccc(cc2)[N+](=O)[O-])/P(=O)(N3CCOCC3)N4CCOCC4,0,1,-8.3,25.99847078
938,C[C@H](C(=O)Nc1cccc(c1)SC)Sc2nnc(n2CC(C)C)CC(=O)Nc3cccc(c3)Cl,0,1,-8.3,33.20093727
939,COc1ccc(cc1NC(=O)C2CC[NH+](CC2)Cc3ccc(cc3Cl)Cl)Cl,0,1,-7.8,11.49118066
940,Cc1c(cccc1N)COC2CCCCC2,0,1,-7.9,5.095252037
941,c1ccc(cc1)CCC2=[NH+]c3c(c(=O)[nH]c(=O)n3Cc4ccccc4)C(N2)(C(F)(F)F)C(F)(F)F,0,1,-10.8,22.53686619
942,Cc1ccc(cc1Cl)N[C@@H]2CSCc3c2cccc3,0,1,-8,4.71282506
943,Cc1cccc(c1)C(=O)NCCc2nnc(n2CC=C)SCC(=O)Nc3ccc(cc3C)Cl,0,1,-7.9,27.96904945
944,c1cc(c(cc1[C@@H](c2cc(ccc2Br)C(F)(F)F)N)F)F,0,1,-8.5,6.583088398
945,Cc1cs/c(=N\S(=O)(=O)c2c(cc(cc2Cl)Br)Cl)/[nH]1,0,1,-5.9,5.427658319
946,c1cc2c(cc1Br)[C@](C(=N2)O)(CC(=O)c3ccc(s3)Br)O,0,1,-7.7,8.736505032
947,CC1=C([C@H](C(=C(N1)SCC(=O)Nc2cccc(c2)C(F)(F)F)C#N)c3ccc(cc3)Cl)C(=O)OCCOC,0,1,-8.5,38.74524283
948,CC(C)CN(Cc1ccc(cc1)C(C)C)Cc2cc(=O)n3c(csc3[nH+]2)c4ccc(cc4)F,0,1,-8.2,22.18589997
949,C[C@@]12CC[C@@H](C1(C)C)c3c2nc(nc3C(F)(F)F)N,0,1,-8.5,4.450798988
950,Cc1ccccc1[C@@H](C)[NH2+]Cc2cc(cc(c2OC)Br)Br,0,1,-7.1,8.133974552
951,c1cc(c(cc1Br)NC(=O)c2cc(c[nH]2)Cl)Cl,0,1,-7.2,4.588873863
952,Cc1cccc([nH+]1)N[C@H](c2ccc3ccc(nc3c2O)C)c4cccs4,0,1,-9.1,10.34544754
953,c1cc(cc(c1)Br)[C@@H]2N3CCC[C@@H]3C(=O)N2c4ccc(c(c4)Cl)Cl,0,1,-9.2,7.3170259
954,CCSc1nc2c(nn1)-c3cc(ccc3N[C@H](O2)/C=C/c4ccccc4)Br,0,1,-7.8,10.73758149
955,c1ccc2c(c1)-c3ccccc3C24C[C@H]4C(=O)N,0,1,-8.2,3.97157979
956,C[C@@]1(C(=O)Nc2ccccc2S1)C(=O)Nc3ccc(c(c3)F)F,0,1,-8.7,7.322789192
957,c1cc(ccc1NC(=O)c2cc(ccc2NC(=O)c3ccc(cc3Cl)Cl)Cl)F,0,1,-8.4,12.52094316
958,Cc1ccc(cc1n2c(nnc2SCc3ccc(cc3)F)[C@H](Cc4ccccc4)[NH3+])Cl,0,1,-8.7,23.57341671
959,c1ccc2c(c1)c(c[nH]2)CNc3cc(cc(c3)F)F,0,1,-9.1,5.582954407
960,CCCC1=C([C@H](n2c(=O)/c(=C\c3ccc(o3)N4CC[NH+](CC4)C)/sc2=N1)c5ccccc5OC)C(=O)OCC,0,1,-5.9,35.98314643
961,CCc1ccc2c(c1)cc(c(=O)[nH]2)CN(Cc3ccc(cc3)C)C(=O)Nc4ccc(cc4)Cl,0,1,-7.3,20.56880045
962,Cc1nc2cc(ccc2n1C[C@@H]3Cc4ccccc4O3)N,0,1,-9,6.306519747
963,C[C@H]1C(=c2ccccc2=[NH+]1)CCNC(=O)[C@H](C(C)C)NC(=O)c3ccc(cc3)Cl,0,1,-9.4,17.51950479
964,C[C@@H]1CCCC[C@@H]1NC(=O)[C@@H](C)[NH+]2CCN(CC2)S(=O)(=O)c3ccc(s3)Br,0,1,-6.6,13.33935165
965,CCCCCCOc1ccc(cc1C(=O)NC(=S)Nc2ccc(cc2)C(=O)NCC)Br,0,1,-8.5,29.64060378
966,CCC(C)(C)[C@H]1CCc2c(sc3c2C(=N[C@@H](N3)c4ccc(o4)c5ccc(cc5)Br)O)C1,0,1,-8,13.08919001
967,c1ccc(cc1)N(C(=O)[C@@H]2CC(=C3[NH+]2Cc4ccccc4N3)F)Cl,0,1,-7.9,6.739640713
968,c1ccc(c(c1)/C=N/Nc2nc3ccccc3s2)Cl,0,1,-7.6,4.990412951
969,c1cc(c(cc1Cl)Cl)Nc2c(c(ncn2)N3CCCCCC3)N,0,1,-6.4,8.253592491
970,C[C@H]1CCC[C@H](C1)OC[C@@H](C)C(=S)N,0,1,-6.2,4.273405313
971,c1ccc(c(c1)[C@@H]2C3=C(CCCC3=O)NC(=[NH+]2)Nc4nc5ccccc5s4)Cl,0,1,-9.9,11.7618351
972,Cc1ccc(c(c1)C)NC(=O)c2c(ccs2)Cl,0,1,-7.9,4.299395084
973,C[C@H]1CCCCN1C(=O)c2cc(c(c(c2)F)N)F,0,1,-8.3,4.672697544
974,C[NH+](C)[C@@H](CNC(=O)Nc1ccc(cc1)C(=O)Nc2ccccc2)c3ccccc3Cl,0,1,-7.4,22.06575131
975,Cc1cc(c(c(c1)C)c2csc(n2)NC(=O)c3c(nns3)C)C,0,1,-6.9,7.370483398
976,CC[C@@H](c1ccccc1)C(=O)N2C[C@H](C3(C2)CC[NH2+]CC3)C(=O)N[C@@H]4CCC[C@H]4OCc5ccccc5,0,1,-7.9,29.54858589
977,Cc1ccc(c(c1)Br)NC(=O)[C@H]2C[C@H]2c3cnn(c3)C,0,1,-8.6,6.304380178
978,CC[NH+]1CCC[C@H]1CNC(=O)c2ccc(cc2)/C=C\3/C(=O)N(c4ccccc4S3)Cc5cc(ccc5C)C,0,1,-10.1,25.4384222
979,CC(C)c1ccc2c(c1)cc(o2)C(=O)Nc3ccc(c(c3)Cl)Cl,0,1,-9,7.83320713
980,c1cc(cc(c1)C(F)(F)F)c2nc(on2)C[NH+]3CCC(CC3)C(=O)NCc4ccc(cc4F)F,0,1,-10.5,22.15930581
981,CNc1ccccc1c2[nH]c3cc(ccc3n2)Br,0,1,-7.8,4.334666967
982,Cc1cc(c2c(c1)c(cc3n2c(nn3)S[C@@H](C)C(=O)Nc4cccc(c4C)Cl)C)C,0,1,-8.3,13.80793977
983,Cc1ccccc1NC(=O)C2=C(NC3=C([C@H]2c4ccc(s4)C)C(=O)C[C@H](C3)c5ccc(c(c5)OC)OC)C,0,1,-7.3,27.95551372
984,CCC(CC)c1cc(nc(n1)c2ccncc2)[C@H]3C[NH+]4CC[C@H]3C[C@@H]4CNC(=O)NCc5ccccc5,0,1,-8,32.08593011
985,Cc1cccc(c1)COc2ccc(cc2C[NH2+][C@H](C)c3ccccc3)Cl,0,1,-9.3,12.64716983
986,C[C@H]1C(=c2cc(ccc2=[NH+]1)OC(F)(F)F)CCNS(=O)(=O)c3ccc(cc3)C(C)(C)C,0,1,-9,20.10878849
987,C[C@@H](c1ccc(cc1)Cl)[NH2+]Cc2c(nc3n2cccc3)c4ccccc4,0,1,-9.6,11.04385495
988,c1cc(cc(c1)NC(=O)c2ccc(cc2Cl)Cl)c3nccs3,0,1,-8,7.972427368
989,c1ccc(c(c1)NC(=O)c2ccc(=O)[nH]c2)I,0,1,-7.8,4.336607933
990,CC1(Cc2c(cnn2c3ccc(cc3)F)[C@@H](C1)NC4CC[NH+](CC4)Cc5ccco5)C,0,1,-6.9,15.53977442
991,CC1=[NH+]C(=CC2=c3ccccc3=[NH+][C@@H]12)/C(=N/c4nnc(s4)c5ccc(cc5)C(C)(C)C)/[O-],0,1,-10,16.4823525
992,C/C(=N\Nc1nc(cs1)c2cc3ccccc3oc2=O)/c4ccc(cc4Cl)Cl,0,1,-9.4,9.841399431
993,Cc1cc(ccc1F)C(=O)N[C@@H](C)c2cccc(c2)Cl,0,1,-8.7,6.249628782
994,C[C@H]1C[C@@H](c2c(cccc2N1)N)N3CCCC3=O,0,1,-7.7,4.519597769
995,CCOC(=O)c1c(c2cc(c(cc2[nH]1)OC)OC)NC(=O)C[NH+]3C[C@]4(C[C@@H]3CC(C4)(C)C)C,0,1,-6.4,21.29042482
996,c1cc(ccc1NC(=O)N[C@H]2CCN(C2)CC(F)(F)F)SC(F)(F)F,0,1,-7.6,11.36684132
997,CCC/C=C/[C@@H](C(=O)NC(C)(C)CC(C)(C)C)N(Cc1ccco1)C(=O)/C(=C/c2ccccc2)/c3ccccc3,0,1,-7.6,37.16078734
998,c1cc(ccc1c2c(noc2N)C[C@H]3C[C@H]4CC[C@@H]3C4)F,0,1,-8.7,8.258769751
999,CC[C@@H](C)c1ccc(cc1)N[C@H]2/C(=N/S(=O)(=O)c3ccc(cc3)F)/[NH+]=c4ccccc4=[NH+]2,0,1,-8.8,17.46712828
